-- MariaDB dump 10.19  Distrib 10.6.16-MariaDB, for debian-linux-gnu (x86_64)
--
-- Host: localhost    Database: kiptumtime_com
-- ------------------------------------------------------
-- Server version	10.6.16-MariaDB-0ubuntu0.22.04.1

/*!40101 SET @OLD_CHARACTER_SET_CLIENT=@@CHARACTER_SET_CLIENT */;
/*!40101 SET @OLD_CHARACTER_SET_RESULTS=@@CHARACTER_SET_RESULTS */;
/*!40101 SET @OLD_COLLATION_CONNECTION=@@COLLATION_CONNECTION */;
/*!40101 SET NAMES utf8mb4 */;
/*!40103 SET @OLD_TIME_ZONE=@@TIME_ZONE */;
/*!40103 SET TIME_ZONE='+00:00' */;
/*!40014 SET @OLD_UNIQUE_CHECKS=@@UNIQUE_CHECKS, UNIQUE_CHECKS=0 */;
/*!40014 SET @OLD_FOREIGN_KEY_CHECKS=@@FOREIGN_KEY_CHECKS, FOREIGN_KEY_CHECKS=0 */;
/*!40101 SET @OLD_SQL_MODE=@@SQL_MODE, SQL_MODE='NO_AUTO_VALUE_ON_ZERO' */;
/*!40111 SET @OLD_SQL_NOTES=@@SQL_NOTES, SQL_NOTES=0 */;

--
-- Table structure for table `categories`
--

DROP TABLE IF EXISTS `categories`;
/*!40101 SET @saved_cs_client     = @@character_set_client */;
/*!40101 SET character_set_client = utf8 */;
CREATE TABLE `categories` (
  `id` bigint(20) unsigned NOT NULL AUTO_INCREMENT,
  `name` varchar(255) NOT NULL,
  `order` tinyint(4) NOT NULL,
  `gender` enum('M','F') NOT NULL,
  `age_start` tinyint(4) NOT NULL,
  `age_end` tinyint(4) NOT NULL,
  `open` tinyint(4) DEFAULT NULL,
  `created_at` timestamp NULL DEFAULT NULL,
  `updated_at` timestamp NULL DEFAULT NULL,
  PRIMARY KEY (`id`)
) ENGINE=InnoDB AUTO_INCREMENT=27 DEFAULT CHARSET=utf8mb4 COLLATE=utf8mb4_unicode_ci;
/*!40101 SET character_set_client = @saved_cs_client */;

--
-- Dumping data for table `categories`
--

LOCK TABLES `categories` WRITE;
/*!40000 ALTER TABLE `categories` DISABLE KEYS */;
INSERT INTO `categories` VALUES (1,'Women U23',1,'F',18,22,NULL,NULL,NULL),(2,'Women OPEN',2,'F',23,29,1,NULL,NULL),(3,'Women 30-34',3,'F',30,34,NULL,NULL,NULL),(4,'Women 35-39',4,'F',35,39,NULL,NULL,NULL),(5,'Women 40-44',5,'F',40,44,NULL,NULL,NULL),(6,'Women 45-49',6,'F',45,49,NULL,NULL,NULL),(7,'Women 50-54',7,'F',50,54,NULL,NULL,NULL),(8,'Women 55-59',8,'F',55,59,NULL,NULL,NULL),(9,'Women 50-54',9,'F',50,54,NULL,NULL,NULL),(10,'Women 55-59',10,'F',55,59,NULL,NULL,NULL),(11,'Women 60-64',11,'F',60,64,NULL,NULL,NULL),(12,'Women 65-69',12,'F',65,69,NULL,NULL,NULL),(13,'Women 70+',13,'F',70,99,NULL,NULL,NULL),(14,'Men U23',21,'M',18,22,NULL,NULL,NULL),(15,'Men OPEN',22,'M',23,29,1,NULL,NULL),(16,'Men 30-34',23,'M',30,34,NULL,NULL,NULL),(17,'Men 35-39',24,'M',35,39,NULL,NULL,NULL),(18,'Men 40-44',25,'M',40,44,NULL,NULL,NULL),(19,'Men 45-49',26,'M',45,49,NULL,NULL,NULL),(20,'Men 50-54',27,'M',50,54,NULL,NULL,NULL),(21,'Men 55-59',28,'M',55,59,NULL,NULL,NULL),(22,'Men 50-54',29,'M',50,54,NULL,NULL,NULL),(23,'Men 55-59',30,'M',55,59,NULL,NULL,NULL),(24,'Men 60-64',31,'M',60,64,NULL,NULL,NULL),(25,'Men M65-69',32,'M',65,69,NULL,NULL,NULL),(26,'Men 70+',33,'M',70,99,NULL,NULL,NULL);
/*!40000 ALTER TABLE `categories` ENABLE KEYS */;
UNLOCK TABLES;

--
-- Table structure for table `events`
--

DROP TABLE IF EXISTS `events`;
/*!40101 SET @saved_cs_client     = @@character_set_client */;
/*!40101 SET character_set_client = utf8 */;
CREATE TABLE `events` (
  `id` bigint(20) unsigned NOT NULL AUTO_INCREMENT,
  `name` varchar(255) NOT NULL,
  `second_name` varchar(255) DEFAULT NULL,
  `distance` int(10) unsigned NOT NULL,
  `time` int(10) unsigned NOT NULL,
  `date_start` date NOT NULL,
  `date_end` date NOT NULL,
  `created_at` timestamp NULL DEFAULT NULL,
  `updated_at` timestamp NULL DEFAULT NULL,
  PRIMARY KEY (`id`)
) ENGINE=InnoDB AUTO_INCREMENT=2 DEFAULT CHARSET=utf8mb4 COLLATE=utf8mb4_unicode_ci;
/*!40101 SET character_set_client = @saved_cs_client */;

--
-- Dumping data for table `events`
--

LOCK TABLES `events` WRITE;
/*!40000 ALTER TABLE `events` DISABLE KEYS */;
INSERT INTO `events` VALUES (1,'kiptumtime',NULL,0,7235,'2024-02-12','2024-12-10',NULL,NULL);
/*!40000 ALTER TABLE `events` ENABLE KEYS */;
UNLOCK TABLES;

--
-- Table structure for table `failed_jobs`
--

DROP TABLE IF EXISTS `failed_jobs`;
/*!40101 SET @saved_cs_client     = @@character_set_client */;
/*!40101 SET character_set_client = utf8 */;
CREATE TABLE `failed_jobs` (
  `id` bigint(20) unsigned NOT NULL AUTO_INCREMENT,
  `uuid` varchar(255) NOT NULL,
  `connection` text NOT NULL,
  `queue` text NOT NULL,
  `payload` longtext NOT NULL,
  `exception` longtext NOT NULL,
  `failed_at` timestamp NOT NULL DEFAULT current_timestamp(),
  PRIMARY KEY (`id`),
  UNIQUE KEY `failed_jobs_uuid_unique` (`uuid`)
) ENGINE=InnoDB DEFAULT CHARSET=utf8mb4 COLLATE=utf8mb4_unicode_ci;
/*!40101 SET character_set_client = @saved_cs_client */;

--
-- Dumping data for table `failed_jobs`
--

LOCK TABLES `failed_jobs` WRITE;
/*!40000 ALTER TABLE `failed_jobs` DISABLE KEYS */;
/*!40000 ALTER TABLE `failed_jobs` ENABLE KEYS */;
UNLOCK TABLES;

--
-- Table structure for table `flaaccess_tokens`
--

DROP TABLE IF EXISTS `flaaccess_tokens`;
/*!40101 SET @saved_cs_client     = @@character_set_client */;
/*!40101 SET character_set_client = utf8 */;
CREATE TABLE `flaaccess_tokens` (
  `id` int(10) unsigned NOT NULL AUTO_INCREMENT,
  `token` varchar(40) NOT NULL,
  `user_id` int(10) unsigned NOT NULL,
  `last_activity_at` datetime DEFAULT NULL,
  `created_at` datetime NOT NULL,
  `type` varchar(100) NOT NULL,
  `title` varchar(150) DEFAULT NULL,
  `last_ip_address` varchar(45) DEFAULT NULL,
  `last_user_agent` varchar(255) DEFAULT NULL,
  PRIMARY KEY (`id`),
  UNIQUE KEY `flaaccess_tokens_token_unique` (`token`),
  KEY `flaaccess_tokens_user_id_foreign` (`user_id`),
  KEY `flaaccess_tokens_type_index` (`type`),
  CONSTRAINT `flaaccess_tokens_user_id_foreign` FOREIGN KEY (`user_id`) REFERENCES `flausers` (`id`) ON DELETE CASCADE
) ENGINE=InnoDB AUTO_INCREMENT=5 DEFAULT CHARSET=utf8mb4 COLLATE=utf8mb4_unicode_ci;
/*!40101 SET character_set_client = @saved_cs_client */;

--
-- Dumping data for table `flaaccess_tokens`
--

LOCK TABLES `flaaccess_tokens` WRITE;
/*!40000 ALTER TABLE `flaaccess_tokens` DISABLE KEYS */;
INSERT INTO `flaaccess_tokens` VALUES (1,'pMCN7YmsXJZxpBeAV1uHpmVtq5VETptHD9o8BbhX',1,'2024-03-12 20:23:48','2024-03-12 18:06:09','session_remember',NULL,'109.81.94.220','Mozilla/5.0 (X11; Linux x86_64) AppleWebKit/537.36 (KHTML, like Gecko) Chrome/120.0.0.0 Safari/537.36');
/*!40000 ALTER TABLE `flaaccess_tokens` ENABLE KEYS */;
UNLOCK TABLES;

--
-- Table structure for table `flaapi_keys`
--

DROP TABLE IF EXISTS `flaapi_keys`;
/*!40101 SET @saved_cs_client     = @@character_set_client */;
/*!40101 SET character_set_client = utf8 */;
CREATE TABLE `flaapi_keys` (
  `key` varchar(100) NOT NULL,
  `id` int(10) unsigned NOT NULL AUTO_INCREMENT,
  `allowed_ips` varchar(255) DEFAULT NULL,
  `scopes` varchar(255) DEFAULT NULL,
  `user_id` int(10) unsigned DEFAULT NULL,
  `created_at` datetime NOT NULL,
  `last_activity_at` datetime DEFAULT NULL,
  PRIMARY KEY (`id`),
  UNIQUE KEY `flaapi_keys_key_unique` (`key`),
  KEY `flaapi_keys_user_id_foreign` (`user_id`),
  CONSTRAINT `flaapi_keys_user_id_foreign` FOREIGN KEY (`user_id`) REFERENCES `flausers` (`id`) ON DELETE CASCADE
) ENGINE=InnoDB DEFAULT CHARSET=utf8mb4 COLLATE=utf8mb4_unicode_ci;
/*!40101 SET character_set_client = @saved_cs_client */;

--
-- Dumping data for table `flaapi_keys`
--

LOCK TABLES `flaapi_keys` WRITE;
/*!40000 ALTER TABLE `flaapi_keys` DISABLE KEYS */;
/*!40000 ALTER TABLE `flaapi_keys` ENABLE KEYS */;
UNLOCK TABLES;

--
-- Table structure for table `fladiscussion_tag`
--

DROP TABLE IF EXISTS `fladiscussion_tag`;
/*!40101 SET @saved_cs_client     = @@character_set_client */;
/*!40101 SET character_set_client = utf8 */;
CREATE TABLE `fladiscussion_tag` (
  `discussion_id` int(10) unsigned NOT NULL,
  `tag_id` int(10) unsigned NOT NULL,
  `created_at` timestamp NULL DEFAULT current_timestamp(),
  PRIMARY KEY (`discussion_id`,`tag_id`),
  KEY `fladiscussion_tag_tag_id_foreign` (`tag_id`),
  CONSTRAINT `fladiscussion_tag_discussion_id_foreign` FOREIGN KEY (`discussion_id`) REFERENCES `fladiscussions` (`id`) ON DELETE CASCADE,
  CONSTRAINT `fladiscussion_tag_tag_id_foreign` FOREIGN KEY (`tag_id`) REFERENCES `flatags` (`id`) ON DELETE CASCADE
) ENGINE=InnoDB DEFAULT CHARSET=utf8mb4 COLLATE=utf8mb4_unicode_ci;
/*!40101 SET character_set_client = @saved_cs_client */;

--
-- Dumping data for table `fladiscussion_tag`
--

LOCK TABLES `fladiscussion_tag` WRITE;
/*!40000 ALTER TABLE `fladiscussion_tag` DISABLE KEYS */;
INSERT INTO `fladiscussion_tag` VALUES (1,1,'2024-03-12 18:30:12');
/*!40000 ALTER TABLE `fladiscussion_tag` ENABLE KEYS */;
UNLOCK TABLES;

--
-- Table structure for table `fladiscussion_user`
--

DROP TABLE IF EXISTS `fladiscussion_user`;
/*!40101 SET @saved_cs_client     = @@character_set_client */;
/*!40101 SET character_set_client = utf8 */;
CREATE TABLE `fladiscussion_user` (
  `user_id` int(10) unsigned NOT NULL,
  `discussion_id` int(10) unsigned NOT NULL,
  `last_read_at` datetime DEFAULT NULL,
  `last_read_post_number` int(10) unsigned DEFAULT NULL,
  `subscription` enum('follow','ignore') DEFAULT NULL,
  PRIMARY KEY (`user_id`,`discussion_id`),
  KEY `fladiscussion_user_discussion_id_foreign` (`discussion_id`),
  CONSTRAINT `fladiscussion_user_discussion_id_foreign` FOREIGN KEY (`discussion_id`) REFERENCES `fladiscussions` (`id`) ON DELETE CASCADE,
  CONSTRAINT `fladiscussion_user_user_id_foreign` FOREIGN KEY (`user_id`) REFERENCES `flausers` (`id`) ON DELETE CASCADE
) ENGINE=InnoDB DEFAULT CHARSET=utf8mb4 COLLATE=utf8mb4_unicode_ci;
/*!40101 SET character_set_client = @saved_cs_client */;

--
-- Dumping data for table `fladiscussion_user`
--

LOCK TABLES `fladiscussion_user` WRITE;
/*!40000 ALTER TABLE `fladiscussion_user` DISABLE KEYS */;
INSERT INTO `fladiscussion_user` VALUES (1,1,'2024-03-12 18:30:12',1,NULL);
/*!40000 ALTER TABLE `fladiscussion_user` ENABLE KEYS */;
UNLOCK TABLES;

--
-- Table structure for table `fladiscussions`
--

DROP TABLE IF EXISTS `fladiscussions`;
/*!40101 SET @saved_cs_client     = @@character_set_client */;
/*!40101 SET character_set_client = utf8 */;
CREATE TABLE `fladiscussions` (
  `id` int(10) unsigned NOT NULL AUTO_INCREMENT,
  `title` varchar(200) NOT NULL,
  `comment_count` int(11) NOT NULL DEFAULT 1,
  `participant_count` int(10) unsigned NOT NULL DEFAULT 0,
  `post_number_index` int(10) unsigned NOT NULL DEFAULT 0,
  `created_at` datetime NOT NULL,
  `user_id` int(10) unsigned DEFAULT NULL,
  `first_post_id` int(10) unsigned DEFAULT NULL,
  `last_posted_at` datetime DEFAULT NULL,
  `last_posted_user_id` int(10) unsigned DEFAULT NULL,
  `last_post_id` int(10) unsigned DEFAULT NULL,
  `last_post_number` int(10) unsigned DEFAULT NULL,
  `hidden_at` datetime DEFAULT NULL,
  `hidden_user_id` int(10) unsigned DEFAULT NULL,
  `slug` varchar(255) NOT NULL,
  `is_private` tinyint(1) NOT NULL DEFAULT 0,
  `is_approved` tinyint(1) NOT NULL DEFAULT 1,
  `is_sticky` tinyint(1) NOT NULL DEFAULT 0,
  `is_locked` tinyint(1) NOT NULL DEFAULT 0,
  PRIMARY KEY (`id`),
  KEY `fladiscussions_hidden_user_id_foreign` (`hidden_user_id`),
  KEY `fladiscussions_first_post_id_foreign` (`first_post_id`),
  KEY `fladiscussions_last_post_id_foreign` (`last_post_id`),
  KEY `fladiscussions_last_posted_at_index` (`last_posted_at`),
  KEY `fladiscussions_last_posted_user_id_index` (`last_posted_user_id`),
  KEY `fladiscussions_created_at_index` (`created_at`),
  KEY `fladiscussions_user_id_index` (`user_id`),
  KEY `fladiscussions_comment_count_index` (`comment_count`),
  KEY `fladiscussions_participant_count_index` (`participant_count`),
  KEY `fladiscussions_hidden_at_index` (`hidden_at`),
  KEY `fladiscussions_is_sticky_created_at_index` (`is_sticky`,`created_at`),
  KEY `fladiscussions_is_sticky_last_posted_at_index` (`is_sticky`,`last_posted_at`),
  KEY `fladiscussions_is_locked_index` (`is_locked`),
  FULLTEXT KEY `title` (`title`),
  CONSTRAINT `fladiscussions_first_post_id_foreign` FOREIGN KEY (`first_post_id`) REFERENCES `flaposts` (`id`) ON DELETE SET NULL,
  CONSTRAINT `fladiscussions_hidden_user_id_foreign` FOREIGN KEY (`hidden_user_id`) REFERENCES `flausers` (`id`) ON DELETE SET NULL,
  CONSTRAINT `fladiscussions_last_post_id_foreign` FOREIGN KEY (`last_post_id`) REFERENCES `flaposts` (`id`) ON DELETE SET NULL,
  CONSTRAINT `fladiscussions_last_posted_user_id_foreign` FOREIGN KEY (`last_posted_user_id`) REFERENCES `flausers` (`id`) ON DELETE SET NULL,
  CONSTRAINT `fladiscussions_user_id_foreign` FOREIGN KEY (`user_id`) REFERENCES `flausers` (`id`) ON DELETE SET NULL
) ENGINE=InnoDB AUTO_INCREMENT=2 DEFAULT CHARSET=utf8mb4 COLLATE=utf8mb4_unicode_ci;
/*!40101 SET character_set_client = @saved_cs_client */;

--
-- Dumping data for table `fladiscussions`
--

LOCK TABLES `fladiscussions` WRITE;
/*!40000 ALTER TABLE `fladiscussions` DISABLE KEYS */;
INSERT INTO `fladiscussions` VALUES (1,'Testing post',1,1,0,'2024-03-12 18:30:12',1,1,'2024-03-12 18:30:12',1,1,1,NULL,NULL,'testing-post',0,1,0,0);
/*!40000 ALTER TABLE `fladiscussions` ENABLE KEYS */;
UNLOCK TABLES;

--
-- Table structure for table `flaemail_tokens`
--

DROP TABLE IF EXISTS `flaemail_tokens`;
/*!40101 SET @saved_cs_client     = @@character_set_client */;
/*!40101 SET character_set_client = utf8 */;
CREATE TABLE `flaemail_tokens` (
  `token` varchar(100) NOT NULL,
  `email` varchar(150) NOT NULL,
  `user_id` int(10) unsigned NOT NULL,
  `created_at` datetime DEFAULT NULL,
  PRIMARY KEY (`token`),
  KEY `flaemail_tokens_user_id_foreign` (`user_id`),
  CONSTRAINT `flaemail_tokens_user_id_foreign` FOREIGN KEY (`user_id`) REFERENCES `flausers` (`id`) ON DELETE CASCADE
) ENGINE=InnoDB DEFAULT CHARSET=utf8mb4 COLLATE=utf8mb4_unicode_ci;
/*!40101 SET character_set_client = @saved_cs_client */;

--
-- Dumping data for table `flaemail_tokens`
--

LOCK TABLES `flaemail_tokens` WRITE;
/*!40000 ALTER TABLE `flaemail_tokens` DISABLE KEYS */;
/*!40000 ALTER TABLE `flaemail_tokens` ENABLE KEYS */;
UNLOCK TABLES;

--
-- Table structure for table `flaflags`
--

DROP TABLE IF EXISTS `flaflags`;
/*!40101 SET @saved_cs_client     = @@character_set_client */;
/*!40101 SET character_set_client = utf8 */;
CREATE TABLE `flaflags` (
  `id` int(10) unsigned NOT NULL AUTO_INCREMENT,
  `post_id` int(10) unsigned NOT NULL,
  `type` varchar(255) NOT NULL,
  `user_id` int(10) unsigned DEFAULT NULL,
  `reason` varchar(255) DEFAULT NULL,
  `reason_detail` text DEFAULT NULL,
  `created_at` datetime NOT NULL,
  PRIMARY KEY (`id`),
  KEY `flaflags_post_id_foreign` (`post_id`),
  KEY `flaflags_user_id_foreign` (`user_id`),
  KEY `flaflags_created_at_index` (`created_at`),
  CONSTRAINT `flaflags_post_id_foreign` FOREIGN KEY (`post_id`) REFERENCES `flaposts` (`id`) ON DELETE CASCADE,
  CONSTRAINT `flaflags_user_id_foreign` FOREIGN KEY (`user_id`) REFERENCES `flausers` (`id`) ON DELETE CASCADE
) ENGINE=InnoDB DEFAULT CHARSET=utf8mb4 COLLATE=utf8mb4_unicode_ci;
/*!40101 SET character_set_client = @saved_cs_client */;

--
-- Dumping data for table `flaflags`
--

LOCK TABLES `flaflags` WRITE;
/*!40000 ALTER TABLE `flaflags` DISABLE KEYS */;
/*!40000 ALTER TABLE `flaflags` ENABLE KEYS */;
UNLOCK TABLES;

--
-- Table structure for table `flagroup_permission`
--

DROP TABLE IF EXISTS `flagroup_permission`;
/*!40101 SET @saved_cs_client     = @@character_set_client */;
/*!40101 SET character_set_client = utf8 */;
CREATE TABLE `flagroup_permission` (
  `group_id` int(10) unsigned NOT NULL,
  `permission` varchar(100) NOT NULL,
  `created_at` timestamp NULL DEFAULT current_timestamp(),
  PRIMARY KEY (`group_id`,`permission`),
  CONSTRAINT `flagroup_permission_group_id_foreign` FOREIGN KEY (`group_id`) REFERENCES `flagroups` (`id`) ON DELETE CASCADE
) ENGINE=InnoDB DEFAULT CHARSET=utf8mb4 COLLATE=utf8mb4_unicode_ci;
/*!40101 SET character_set_client = @saved_cs_client */;

--
-- Dumping data for table `flagroup_permission`
--

LOCK TABLES `flagroup_permission` WRITE;
/*!40000 ALTER TABLE `flagroup_permission` DISABLE KEYS */;
INSERT INTO `flagroup_permission` VALUES (2,'viewForum',NULL),(3,'discussion.flagPosts','2024-03-12 18:06:09'),(3,'discussion.likePosts','2024-03-12 18:06:21'),(3,'discussion.reply',NULL),(3,'discussion.replyWithoutApproval','2024-03-12 18:06:11'),(3,'discussion.startWithoutApproval','2024-03-12 18:06:11'),(3,'searchUsers',NULL),(3,'startDiscussion',NULL),(4,'discussion.approvePosts','2024-03-12 18:06:11'),(4,'discussion.editPosts',NULL),(4,'discussion.hide',NULL),(4,'discussion.hidePosts',NULL),(4,'discussion.lock','2024-03-12 18:06:20'),(4,'discussion.rename',NULL),(4,'discussion.sticky','2024-03-12 18:06:15'),(4,'discussion.tag','2024-03-12 18:06:12'),(4,'discussion.viewFlags','2024-03-12 18:06:09'),(4,'discussion.viewIpsPosts',NULL),(4,'user.suspend','2024-03-12 18:06:14'),(4,'user.viewLastSeenAt',NULL);
/*!40000 ALTER TABLE `flagroup_permission` ENABLE KEYS */;
UNLOCK TABLES;

--
-- Table structure for table `flagroup_user`
--

DROP TABLE IF EXISTS `flagroup_user`;
/*!40101 SET @saved_cs_client     = @@character_set_client */;
/*!40101 SET character_set_client = utf8 */;
CREATE TABLE `flagroup_user` (
  `user_id` int(10) unsigned NOT NULL,
  `group_id` int(10) unsigned NOT NULL,
  `created_at` timestamp NULL DEFAULT current_timestamp(),
  PRIMARY KEY (`user_id`,`group_id`),
  KEY `flagroup_user_group_id_foreign` (`group_id`),
  CONSTRAINT `flagroup_user_group_id_foreign` FOREIGN KEY (`group_id`) REFERENCES `flagroups` (`id`) ON DELETE CASCADE,
  CONSTRAINT `flagroup_user_user_id_foreign` FOREIGN KEY (`user_id`) REFERENCES `flausers` (`id`) ON DELETE CASCADE
) ENGINE=InnoDB DEFAULT CHARSET=utf8mb4 COLLATE=utf8mb4_unicode_ci;
/*!40101 SET character_set_client = @saved_cs_client */;

--
-- Dumping data for table `flagroup_user`
--

LOCK TABLES `flagroup_user` WRITE;
/*!40000 ALTER TABLE `flagroup_user` DISABLE KEYS */;
INSERT INTO `flagroup_user` VALUES (1,1,'2024-03-12 18:06:09');
/*!40000 ALTER TABLE `flagroup_user` ENABLE KEYS */;
UNLOCK TABLES;

--
-- Table structure for table `flagroups`
--

DROP TABLE IF EXISTS `flagroups`;
/*!40101 SET @saved_cs_client     = @@character_set_client */;
/*!40101 SET character_set_client = utf8 */;
CREATE TABLE `flagroups` (
  `id` int(10) unsigned NOT NULL AUTO_INCREMENT,
  `name_singular` varchar(100) NOT NULL,
  `name_plural` varchar(100) NOT NULL,
  `color` varchar(20) DEFAULT NULL,
  `icon` varchar(100) DEFAULT NULL,
  `is_hidden` tinyint(1) NOT NULL DEFAULT 0,
  `created_at` timestamp NULL DEFAULT current_timestamp(),
  `updated_at` timestamp NULL DEFAULT current_timestamp() ON UPDATE current_timestamp(),
  PRIMARY KEY (`id`)
) ENGINE=InnoDB AUTO_INCREMENT=5 DEFAULT CHARSET=utf8mb4 COLLATE=utf8mb4_unicode_ci;
/*!40101 SET character_set_client = @saved_cs_client */;

--
-- Dumping data for table `flagroups`
--

LOCK TABLES `flagroups` WRITE;
/*!40000 ALTER TABLE `flagroups` DISABLE KEYS */;
INSERT INTO `flagroups` VALUES (1,'Admin','Admins','#B72A2A','fas fa-wrench',0,NULL,NULL),(2,'Guest','Guests',NULL,NULL,0,NULL,NULL),(3,'Member','Members',NULL,NULL,0,NULL,NULL),(4,'Mod','Mods','#80349E','fas fa-bolt',0,NULL,NULL);
/*!40000 ALTER TABLE `flagroups` ENABLE KEYS */;
UNLOCK TABLES;

--
-- Table structure for table `flalogin_providers`
--

DROP TABLE IF EXISTS `flalogin_providers`;
/*!40101 SET @saved_cs_client     = @@character_set_client */;
/*!40101 SET character_set_client = utf8 */;
CREATE TABLE `flalogin_providers` (
  `id` int(10) unsigned NOT NULL AUTO_INCREMENT,
  `user_id` int(10) unsigned NOT NULL,
  `provider` varchar(100) NOT NULL,
  `identifier` varchar(100) NOT NULL,
  `created_at` datetime DEFAULT NULL,
  `last_login_at` datetime DEFAULT NULL,
  PRIMARY KEY (`id`),
  UNIQUE KEY `flalogin_providers_provider_identifier_unique` (`provider`,`identifier`),
  KEY `flalogin_providers_user_id_foreign` (`user_id`),
  CONSTRAINT `flalogin_providers_user_id_foreign` FOREIGN KEY (`user_id`) REFERENCES `flausers` (`id`) ON DELETE CASCADE
) ENGINE=InnoDB DEFAULT CHARSET=utf8mb4 COLLATE=utf8mb4_unicode_ci;
/*!40101 SET character_set_client = @saved_cs_client */;

--
-- Dumping data for table `flalogin_providers`
--

LOCK TABLES `flalogin_providers` WRITE;
/*!40000 ALTER TABLE `flalogin_providers` DISABLE KEYS */;
/*!40000 ALTER TABLE `flalogin_providers` ENABLE KEYS */;
UNLOCK TABLES;

--
-- Table structure for table `flamigrations`
--

DROP TABLE IF EXISTS `flamigrations`;
/*!40101 SET @saved_cs_client     = @@character_set_client */;
/*!40101 SET character_set_client = utf8 */;
CREATE TABLE `flamigrations` (
  `id` int(10) unsigned NOT NULL AUTO_INCREMENT,
  `migration` varchar(255) NOT NULL,
  `extension` varchar(255) DEFAULT NULL,
  PRIMARY KEY (`id`)
) ENGINE=InnoDB AUTO_INCREMENT=139 DEFAULT CHARSET=utf8mb4 COLLATE=utf8mb4_unicode_ci;
/*!40101 SET character_set_client = @saved_cs_client */;

--
-- Dumping data for table `flamigrations`
--

LOCK TABLES `flamigrations` WRITE;
/*!40000 ALTER TABLE `flamigrations` DISABLE KEYS */;
INSERT INTO `flamigrations` VALUES (1,'2015_02_24_000000_create_access_tokens_table',NULL),(2,'2015_02_24_000000_create_api_keys_table',NULL),(3,'2015_02_24_000000_create_config_table',NULL),(4,'2015_02_24_000000_create_discussions_table',NULL),(5,'2015_02_24_000000_create_email_tokens_table',NULL),(6,'2015_02_24_000000_create_groups_table',NULL),(7,'2015_02_24_000000_create_notifications_table',NULL),(8,'2015_02_24_000000_create_password_tokens_table',NULL),(9,'2015_02_24_000000_create_permissions_table',NULL),(10,'2015_02_24_000000_create_posts_table',NULL),(11,'2015_02_24_000000_create_users_discussions_table',NULL),(12,'2015_02_24_000000_create_users_groups_table',NULL),(13,'2015_02_24_000000_create_users_table',NULL),(14,'2015_09_15_000000_create_auth_tokens_table',NULL),(15,'2015_09_20_224327_add_hide_to_discussions',NULL),(16,'2015_09_22_030432_rename_notification_read_time',NULL),(17,'2015_10_07_130531_rename_config_to_settings',NULL),(18,'2015_10_24_194000_add_ip_address_to_posts',NULL),(19,'2015_12_05_042721_change_access_tokens_columns',NULL),(20,'2015_12_17_194247_change_settings_value_column_to_text',NULL),(21,'2016_02_04_095452_add_slug_to_discussions',NULL),(22,'2017_04_07_114138_add_is_private_to_discussions',NULL),(23,'2017_04_07_114138_add_is_private_to_posts',NULL),(24,'2018_01_11_093900_change_access_tokens_columns',NULL),(25,'2018_01_11_094000_change_access_tokens_add_foreign_keys',NULL),(26,'2018_01_11_095000_change_api_keys_columns',NULL),(27,'2018_01_11_101800_rename_auth_tokens_to_registration_tokens',NULL),(28,'2018_01_11_102000_change_registration_tokens_rename_id_to_token',NULL),(29,'2018_01_11_102100_change_registration_tokens_created_at_to_datetime',NULL),(30,'2018_01_11_120604_change_posts_table_to_innodb',NULL),(31,'2018_01_11_155200_change_discussions_rename_columns',NULL),(32,'2018_01_11_155300_change_discussions_add_foreign_keys',NULL),(33,'2018_01_15_071700_rename_users_discussions_to_discussion_user',NULL),(34,'2018_01_15_071800_change_discussion_user_rename_columns',NULL),(35,'2018_01_15_071900_change_discussion_user_add_foreign_keys',NULL),(36,'2018_01_15_072600_change_email_tokens_rename_id_to_token',NULL),(37,'2018_01_15_072700_change_email_tokens_add_foreign_keys',NULL),(38,'2018_01_15_072800_change_email_tokens_created_at_to_datetime',NULL),(39,'2018_01_18_130400_rename_permissions_to_group_permission',NULL),(40,'2018_01_18_130500_change_group_permission_add_foreign_keys',NULL),(41,'2018_01_18_130600_rename_users_groups_to_group_user',NULL),(42,'2018_01_18_130700_change_group_user_add_foreign_keys',NULL),(43,'2018_01_18_133000_change_notifications_columns',NULL),(44,'2018_01_18_133100_change_notifications_add_foreign_keys',NULL),(45,'2018_01_18_134400_change_password_tokens_rename_id_to_token',NULL),(46,'2018_01_18_134500_change_password_tokens_add_foreign_keys',NULL),(47,'2018_01_18_134600_change_password_tokens_created_at_to_datetime',NULL),(48,'2018_01_18_135000_change_posts_rename_columns',NULL),(49,'2018_01_18_135100_change_posts_add_foreign_keys',NULL),(50,'2018_01_30_112238_add_fulltext_index_to_discussions_title',NULL),(51,'2018_01_30_220100_create_post_user_table',NULL),(52,'2018_01_30_222900_change_users_rename_columns',NULL),(55,'2018_09_15_041340_add_users_indicies',NULL),(56,'2018_09_15_041828_add_discussions_indicies',NULL),(57,'2018_09_15_043337_add_notifications_indices',NULL),(58,'2018_09_15_043621_add_posts_indices',NULL),(59,'2018_09_22_004100_change_registration_tokens_columns',NULL),(60,'2018_09_22_004200_create_login_providers_table',NULL),(61,'2018_10_08_144700_add_shim_prefix_to_group_icons',NULL),(62,'2019_10_12_195349_change_posts_add_discussion_foreign_key',NULL),(63,'2020_03_19_134512_change_discussions_default_comment_count',NULL),(64,'2020_04_21_130500_change_permission_groups_add_is_hidden',NULL),(65,'2021_03_02_040000_change_access_tokens_add_type',NULL),(66,'2021_03_02_040500_change_access_tokens_add_id',NULL),(67,'2021_03_02_041000_change_access_tokens_add_title_ip_agent',NULL),(68,'2021_04_18_040500_change_migrations_add_id_primary_key',NULL),(69,'2021_04_18_145100_change_posts_content_column_to_mediumtext',NULL),(70,'2018_07_21_000000_seed_default_groups',NULL),(71,'2018_07_21_000100_seed_default_group_permissions',NULL),(72,'2021_05_10_000000_rename_permissions',NULL),(73,'2022_05_20_000000_add_timestamps_to_groups_table',NULL),(74,'2022_05_20_000001_add_created_at_to_group_user_table',NULL),(75,'2022_05_20_000002_add_created_at_to_group_permission_table',NULL),(76,'2022_07_14_000000_add_type_index_to_posts',NULL),(77,'2022_07_14_000001_add_type_created_at_composite_index_to_posts',NULL),(78,'2022_08_06_000000_change_access_tokens_last_activity_at_to_nullable',NULL),(79,'2015_09_02_000000_add_flags_read_time_to_users_table','flarum-flags'),(80,'2015_09_02_000000_create_flags_table','flarum-flags'),(81,'2017_07_22_000000_add_default_permissions','flarum-flags'),(82,'2018_06_27_101500_change_flags_rename_time_to_created_at','flarum-flags'),(83,'2018_06_27_101600_change_flags_add_foreign_keys','flarum-flags'),(84,'2018_06_27_105100_change_users_rename_flags_read_time_to_read_flags_at','flarum-flags'),(85,'2018_09_15_043621_add_flags_indices','flarum-flags'),(86,'2019_10_22_000000_change_reason_text_col_type','flarum-flags'),(87,'2015_09_21_011527_add_is_approved_to_discussions','flarum-approval'),(88,'2015_09_21_011706_add_is_approved_to_posts','flarum-approval'),(89,'2017_07_22_000000_add_default_permissions','flarum-approval'),(90,'2015_02_24_000000_create_discussions_tags_table','flarum-tags'),(91,'2015_02_24_000000_create_tags_table','flarum-tags'),(92,'2015_02_24_000000_create_users_tags_table','flarum-tags'),(93,'2015_02_24_000000_set_default_settings','flarum-tags'),(94,'2015_10_19_061223_make_slug_unique','flarum-tags'),(95,'2017_07_22_000000_add_default_permissions','flarum-tags'),(96,'2018_06_27_085200_change_tags_columns','flarum-tags'),(97,'2018_06_27_085300_change_tags_add_foreign_keys','flarum-tags'),(98,'2018_06_27_090400_rename_users_tags_to_tag_user','flarum-tags'),(99,'2018_06_27_100100_change_tag_user_rename_read_time_to_marked_as_read_at','flarum-tags'),(100,'2018_06_27_100200_change_tag_user_add_foreign_keys','flarum-tags'),(101,'2018_06_27_103000_rename_discussions_tags_to_discussion_tag','flarum-tags'),(102,'2018_06_27_103100_add_discussion_tag_foreign_keys','flarum-tags'),(103,'2019_04_21_000000_add_icon_to_tags_table','flarum-tags'),(104,'2022_05_20_000003_add_timestamps_to_tags_table','flarum-tags'),(105,'2022_05_20_000004_add_created_at_to_discussion_tag_table','flarum-tags'),(106,'2023_03_01_000000_create_post_mentions_tag_table','flarum-tags'),(107,'2015_05_11_000000_add_suspended_until_to_users_table','flarum-suspend'),(108,'2015_09_14_000000_rename_suspended_until_column','flarum-suspend'),(109,'2017_07_22_000000_add_default_permissions','flarum-suspend'),(110,'2018_06_27_111400_change_users_rename_suspend_until_to_suspended_until','flarum-suspend'),(111,'2021_10_27_000000_add_suspend_reason_and_message','flarum-suspend'),(112,'2015_05_11_000000_add_subscription_to_users_discussions_table','flarum-subscriptions'),(113,'2015_02_24_000000_add_sticky_to_discussions','flarum-sticky'),(114,'2017_07_22_000000_add_default_permissions','flarum-sticky'),(115,'2018_09_15_043621_add_discussions_indices','flarum-sticky'),(116,'2021_01_13_000000_add_discussion_last_posted_at_indices','flarum-sticky'),(117,'2015_05_11_000000_create_mentions_posts_table','flarum-mentions'),(118,'2015_05_11_000000_create_mentions_users_table','flarum-mentions'),(119,'2018_06_27_102000_rename_mentions_posts_to_post_mentions_post','flarum-mentions'),(120,'2018_06_27_102100_rename_mentions_users_to_post_mentions_user','flarum-mentions'),(121,'2018_06_27_102200_change_post_mentions_post_rename_mentions_id_to_mentions_post_id','flarum-mentions'),(122,'2018_06_27_102300_change_post_mentions_post_add_foreign_keys','flarum-mentions'),(123,'2018_06_27_102400_change_post_mentions_user_rename_mentions_id_to_mentions_user_id','flarum-mentions'),(124,'2018_06_27_102500_change_post_mentions_user_add_foreign_keys','flarum-mentions'),(125,'2021_04_19_000000_set_default_settings','flarum-mentions'),(126,'2022_05_20_000005_add_created_at_to_post_mentions_post_table','flarum-mentions'),(127,'2022_05_20_000006_add_created_at_to_post_mentions_user_table','flarum-mentions'),(128,'2022_10_21_000000_create_post_mentions_group_table','flarum-mentions'),(129,'2021_03_25_000000_default_settings','flarum-markdown'),(130,'2015_02_24_000000_add_locked_to_discussions','flarum-lock'),(131,'2017_07_22_000000_add_default_permissions','flarum-lock'),(132,'2018_09_15_043621_add_discussions_indices','flarum-lock'),(133,'2015_05_11_000000_create_posts_likes_table','flarum-likes'),(134,'2015_09_04_000000_add_default_like_permissions','flarum-likes'),(135,'2018_06_27_100600_rename_posts_likes_to_post_likes','flarum-likes'),(136,'2018_06_27_100700_change_post_likes_add_foreign_keys','flarum-likes'),(137,'2021_05_10_094200_add_created_at_to_post_likes_table','flarum-likes'),(138,'2018_09_29_060444_replace_emoji_shorcuts_with_unicode','flarum-emoji');
/*!40000 ALTER TABLE `flamigrations` ENABLE KEYS */;
UNLOCK TABLES;

--
-- Table structure for table `flanotifications`
--

DROP TABLE IF EXISTS `flanotifications`;
/*!40101 SET @saved_cs_client     = @@character_set_client */;
/*!40101 SET character_set_client = utf8 */;
CREATE TABLE `flanotifications` (
  `id` int(10) unsigned NOT NULL AUTO_INCREMENT,
  `user_id` int(10) unsigned NOT NULL,
  `from_user_id` int(10) unsigned DEFAULT NULL,
  `type` varchar(100) NOT NULL,
  `subject_id` int(10) unsigned DEFAULT NULL,
  `data` blob DEFAULT NULL,
  `created_at` datetime NOT NULL,
  `is_deleted` tinyint(1) NOT NULL DEFAULT 0,
  `read_at` datetime DEFAULT NULL,
  PRIMARY KEY (`id`),
  KEY `flanotifications_from_user_id_foreign` (`from_user_id`),
  KEY `flanotifications_user_id_index` (`user_id`),
  CONSTRAINT `flanotifications_from_user_id_foreign` FOREIGN KEY (`from_user_id`) REFERENCES `flausers` (`id`) ON DELETE SET NULL,
  CONSTRAINT `flanotifications_user_id_foreign` FOREIGN KEY (`user_id`) REFERENCES `flausers` (`id`) ON DELETE CASCADE
) ENGINE=InnoDB DEFAULT CHARSET=utf8mb4 COLLATE=utf8mb4_unicode_ci;
/*!40101 SET character_set_client = @saved_cs_client */;

--
-- Dumping data for table `flanotifications`
--

LOCK TABLES `flanotifications` WRITE;
/*!40000 ALTER TABLE `flanotifications` DISABLE KEYS */;
/*!40000 ALTER TABLE `flanotifications` ENABLE KEYS */;
UNLOCK TABLES;

--
-- Table structure for table `flapassword_tokens`
--

DROP TABLE IF EXISTS `flapassword_tokens`;
/*!40101 SET @saved_cs_client     = @@character_set_client */;
/*!40101 SET character_set_client = utf8 */;
CREATE TABLE `flapassword_tokens` (
  `token` varchar(100) NOT NULL,
  `user_id` int(10) unsigned NOT NULL,
  `created_at` datetime DEFAULT NULL,
  PRIMARY KEY (`token`),
  KEY `flapassword_tokens_user_id_foreign` (`user_id`),
  CONSTRAINT `flapassword_tokens_user_id_foreign` FOREIGN KEY (`user_id`) REFERENCES `flausers` (`id`) ON DELETE CASCADE
) ENGINE=InnoDB DEFAULT CHARSET=utf8mb4 COLLATE=utf8mb4_unicode_ci;
/*!40101 SET character_set_client = @saved_cs_client */;

--
-- Dumping data for table `flapassword_tokens`
--

LOCK TABLES `flapassword_tokens` WRITE;
/*!40000 ALTER TABLE `flapassword_tokens` DISABLE KEYS */;
/*!40000 ALTER TABLE `flapassword_tokens` ENABLE KEYS */;
UNLOCK TABLES;

--
-- Table structure for table `flapost_likes`
--

DROP TABLE IF EXISTS `flapost_likes`;
/*!40101 SET @saved_cs_client     = @@character_set_client */;
/*!40101 SET character_set_client = utf8 */;
CREATE TABLE `flapost_likes` (
  `post_id` int(10) unsigned NOT NULL,
  `user_id` int(10) unsigned NOT NULL,
  `created_at` timestamp NOT NULL DEFAULT current_timestamp(),
  PRIMARY KEY (`post_id`,`user_id`),
  KEY `flapost_likes_user_id_foreign` (`user_id`),
  CONSTRAINT `flapost_likes_post_id_foreign` FOREIGN KEY (`post_id`) REFERENCES `flaposts` (`id`) ON DELETE CASCADE,
  CONSTRAINT `flapost_likes_user_id_foreign` FOREIGN KEY (`user_id`) REFERENCES `flausers` (`id`) ON DELETE CASCADE
) ENGINE=InnoDB DEFAULT CHARSET=utf8mb4 COLLATE=utf8mb4_unicode_ci;
/*!40101 SET character_set_client = @saved_cs_client */;

--
-- Dumping data for table `flapost_likes`
--

LOCK TABLES `flapost_likes` WRITE;
/*!40000 ALTER TABLE `flapost_likes` DISABLE KEYS */;
/*!40000 ALTER TABLE `flapost_likes` ENABLE KEYS */;
UNLOCK TABLES;

--
-- Table structure for table `flapost_mentions_group`
--

DROP TABLE IF EXISTS `flapost_mentions_group`;
/*!40101 SET @saved_cs_client     = @@character_set_client */;
/*!40101 SET character_set_client = utf8 */;
CREATE TABLE `flapost_mentions_group` (
  `post_id` int(10) unsigned NOT NULL,
  `mentions_group_id` int(10) unsigned NOT NULL,
  `created_at` datetime DEFAULT current_timestamp(),
  PRIMARY KEY (`post_id`,`mentions_group_id`),
  KEY `flapost_mentions_group_mentions_group_id_foreign` (`mentions_group_id`),
  CONSTRAINT `flapost_mentions_group_mentions_group_id_foreign` FOREIGN KEY (`mentions_group_id`) REFERENCES `flagroups` (`id`) ON DELETE CASCADE,
  CONSTRAINT `flapost_mentions_group_post_id_foreign` FOREIGN KEY (`post_id`) REFERENCES `flaposts` (`id`) ON DELETE CASCADE
) ENGINE=InnoDB DEFAULT CHARSET=utf8mb4 COLLATE=utf8mb4_unicode_ci;
/*!40101 SET character_set_client = @saved_cs_client */;

--
-- Dumping data for table `flapost_mentions_group`
--

LOCK TABLES `flapost_mentions_group` WRITE;
/*!40000 ALTER TABLE `flapost_mentions_group` DISABLE KEYS */;
/*!40000 ALTER TABLE `flapost_mentions_group` ENABLE KEYS */;
UNLOCK TABLES;

--
-- Table structure for table `flapost_mentions_post`
--

DROP TABLE IF EXISTS `flapost_mentions_post`;
/*!40101 SET @saved_cs_client     = @@character_set_client */;
/*!40101 SET character_set_client = utf8 */;
CREATE TABLE `flapost_mentions_post` (
  `post_id` int(10) unsigned NOT NULL,
  `mentions_post_id` int(10) unsigned NOT NULL,
  `created_at` timestamp NULL DEFAULT current_timestamp(),
  PRIMARY KEY (`post_id`,`mentions_post_id`),
  KEY `flapost_mentions_post_mentions_post_id_foreign` (`mentions_post_id`),
  CONSTRAINT `flapost_mentions_post_mentions_post_id_foreign` FOREIGN KEY (`mentions_post_id`) REFERENCES `flaposts` (`id`) ON DELETE CASCADE,
  CONSTRAINT `flapost_mentions_post_post_id_foreign` FOREIGN KEY (`post_id`) REFERENCES `flaposts` (`id`) ON DELETE CASCADE
) ENGINE=InnoDB DEFAULT CHARSET=utf8mb4 COLLATE=utf8mb4_unicode_ci;
/*!40101 SET character_set_client = @saved_cs_client */;

--
-- Dumping data for table `flapost_mentions_post`
--

LOCK TABLES `flapost_mentions_post` WRITE;
/*!40000 ALTER TABLE `flapost_mentions_post` DISABLE KEYS */;
/*!40000 ALTER TABLE `flapost_mentions_post` ENABLE KEYS */;
UNLOCK TABLES;

--
-- Table structure for table `flapost_mentions_tag`
--

DROP TABLE IF EXISTS `flapost_mentions_tag`;
/*!40101 SET @saved_cs_client     = @@character_set_client */;
/*!40101 SET character_set_client = utf8 */;
CREATE TABLE `flapost_mentions_tag` (
  `post_id` int(10) unsigned NOT NULL,
  `mentions_tag_id` int(10) unsigned NOT NULL,
  `created_at` datetime DEFAULT current_timestamp(),
  PRIMARY KEY (`post_id`,`mentions_tag_id`),
  KEY `flapost_mentions_tag_mentions_tag_id_foreign` (`mentions_tag_id`),
  CONSTRAINT `flapost_mentions_tag_mentions_tag_id_foreign` FOREIGN KEY (`mentions_tag_id`) REFERENCES `flatags` (`id`) ON DELETE CASCADE,
  CONSTRAINT `flapost_mentions_tag_post_id_foreign` FOREIGN KEY (`post_id`) REFERENCES `flaposts` (`id`) ON DELETE CASCADE
) ENGINE=InnoDB DEFAULT CHARSET=utf8mb4 COLLATE=utf8mb4_unicode_ci;
/*!40101 SET character_set_client = @saved_cs_client */;

--
-- Dumping data for table `flapost_mentions_tag`
--

LOCK TABLES `flapost_mentions_tag` WRITE;
/*!40000 ALTER TABLE `flapost_mentions_tag` DISABLE KEYS */;
/*!40000 ALTER TABLE `flapost_mentions_tag` ENABLE KEYS */;
UNLOCK TABLES;

--
-- Table structure for table `flapost_mentions_user`
--

DROP TABLE IF EXISTS `flapost_mentions_user`;
/*!40101 SET @saved_cs_client     = @@character_set_client */;
/*!40101 SET character_set_client = utf8 */;
CREATE TABLE `flapost_mentions_user` (
  `post_id` int(10) unsigned NOT NULL,
  `mentions_user_id` int(10) unsigned NOT NULL,
  `created_at` timestamp NULL DEFAULT current_timestamp(),
  PRIMARY KEY (`post_id`,`mentions_user_id`),
  KEY `flapost_mentions_user_mentions_user_id_foreign` (`mentions_user_id`),
  CONSTRAINT `flapost_mentions_user_mentions_user_id_foreign` FOREIGN KEY (`mentions_user_id`) REFERENCES `flausers` (`id`) ON DELETE CASCADE,
  CONSTRAINT `flapost_mentions_user_post_id_foreign` FOREIGN KEY (`post_id`) REFERENCES `flaposts` (`id`) ON DELETE CASCADE
) ENGINE=InnoDB DEFAULT CHARSET=utf8mb4 COLLATE=utf8mb4_unicode_ci;
/*!40101 SET character_set_client = @saved_cs_client */;

--
-- Dumping data for table `flapost_mentions_user`
--

LOCK TABLES `flapost_mentions_user` WRITE;
/*!40000 ALTER TABLE `flapost_mentions_user` DISABLE KEYS */;
/*!40000 ALTER TABLE `flapost_mentions_user` ENABLE KEYS */;
UNLOCK TABLES;

--
-- Table structure for table `flapost_user`
--

DROP TABLE IF EXISTS `flapost_user`;
/*!40101 SET @saved_cs_client     = @@character_set_client */;
/*!40101 SET character_set_client = utf8 */;
CREATE TABLE `flapost_user` (
  `post_id` int(10) unsigned NOT NULL,
  `user_id` int(10) unsigned NOT NULL,
  PRIMARY KEY (`post_id`,`user_id`),
  KEY `flapost_user_user_id_foreign` (`user_id`),
  CONSTRAINT `flapost_user_post_id_foreign` FOREIGN KEY (`post_id`) REFERENCES `flaposts` (`id`) ON DELETE CASCADE,
  CONSTRAINT `flapost_user_user_id_foreign` FOREIGN KEY (`user_id`) REFERENCES `flausers` (`id`) ON DELETE CASCADE
) ENGINE=InnoDB DEFAULT CHARSET=utf8mb4 COLLATE=utf8mb4_unicode_ci;
/*!40101 SET character_set_client = @saved_cs_client */;

--
-- Dumping data for table `flapost_user`
--

LOCK TABLES `flapost_user` WRITE;
/*!40000 ALTER TABLE `flapost_user` DISABLE KEYS */;
/*!40000 ALTER TABLE `flapost_user` ENABLE KEYS */;
UNLOCK TABLES;

--
-- Table structure for table `flaposts`
--

DROP TABLE IF EXISTS `flaposts`;
/*!40101 SET @saved_cs_client     = @@character_set_client */;
/*!40101 SET character_set_client = utf8 */;
CREATE TABLE `flaposts` (
  `id` int(10) unsigned NOT NULL AUTO_INCREMENT,
  `discussion_id` int(10) unsigned NOT NULL,
  `number` int(10) unsigned DEFAULT NULL,
  `created_at` datetime NOT NULL,
  `user_id` int(10) unsigned DEFAULT NULL,
  `type` varchar(100) DEFAULT NULL,
  `content` mediumtext DEFAULT NULL COMMENT ' ',
  `edited_at` datetime DEFAULT NULL,
  `edited_user_id` int(10) unsigned DEFAULT NULL,
  `hidden_at` datetime DEFAULT NULL,
  `hidden_user_id` int(10) unsigned DEFAULT NULL,
  `ip_address` varchar(45) DEFAULT NULL,
  `is_private` tinyint(1) NOT NULL DEFAULT 0,
  `is_approved` tinyint(1) NOT NULL DEFAULT 1,
  PRIMARY KEY (`id`),
  UNIQUE KEY `flaposts_discussion_id_number_unique` (`discussion_id`,`number`),
  KEY `flaposts_edited_user_id_foreign` (`edited_user_id`),
  KEY `flaposts_hidden_user_id_foreign` (`hidden_user_id`),
  KEY `flaposts_discussion_id_number_index` (`discussion_id`,`number`),
  KEY `flaposts_discussion_id_created_at_index` (`discussion_id`,`created_at`),
  KEY `flaposts_user_id_created_at_index` (`user_id`,`created_at`),
  KEY `flaposts_type_index` (`type`),
  KEY `flaposts_type_created_at_index` (`type`,`created_at`),
  FULLTEXT KEY `content` (`content`),
  CONSTRAINT `flaposts_discussion_id_foreign` FOREIGN KEY (`discussion_id`) REFERENCES `fladiscussions` (`id`) ON DELETE CASCADE,
  CONSTRAINT `flaposts_edited_user_id_foreign` FOREIGN KEY (`edited_user_id`) REFERENCES `flausers` (`id`) ON DELETE SET NULL,
  CONSTRAINT `flaposts_hidden_user_id_foreign` FOREIGN KEY (`hidden_user_id`) REFERENCES `flausers` (`id`) ON DELETE SET NULL,
  CONSTRAINT `flaposts_user_id_foreign` FOREIGN KEY (`user_id`) REFERENCES `flausers` (`id`) ON DELETE SET NULL
) ENGINE=InnoDB AUTO_INCREMENT=2 DEFAULT CHARSET=utf8mb4 COLLATE=utf8mb4_unicode_ci;
/*!40101 SET character_set_client = @saved_cs_client */;

--
-- Dumping data for table `flaposts`
--

LOCK TABLES `flaposts` WRITE;
/*!40000 ALTER TABLE `flaposts` DISABLE KEYS */;
INSERT INTO `flaposts` VALUES (1,1,1,'2024-03-12 18:30:12',1,'comment','<t><p>It\'s first testing post to this forum.</p></t>',NULL,NULL,NULL,NULL,'109.81.94.220',0,1);
/*!40000 ALTER TABLE `flaposts` ENABLE KEYS */;
UNLOCK TABLES;

--
-- Table structure for table `flaregistration_tokens`
--

DROP TABLE IF EXISTS `flaregistration_tokens`;
/*!40101 SET @saved_cs_client     = @@character_set_client */;
/*!40101 SET character_set_client = utf8 */;
CREATE TABLE `flaregistration_tokens` (
  `token` varchar(100) NOT NULL,
  `payload` text DEFAULT NULL,
  `created_at` datetime DEFAULT NULL,
  `provider` varchar(255) NOT NULL,
  `identifier` varchar(255) NOT NULL,
  `user_attributes` text DEFAULT NULL,
  PRIMARY KEY (`token`)
) ENGINE=InnoDB DEFAULT CHARSET=utf8mb4 COLLATE=utf8mb4_unicode_ci;
/*!40101 SET character_set_client = @saved_cs_client */;

--
-- Dumping data for table `flaregistration_tokens`
--

LOCK TABLES `flaregistration_tokens` WRITE;
/*!40000 ALTER TABLE `flaregistration_tokens` DISABLE KEYS */;
/*!40000 ALTER TABLE `flaregistration_tokens` ENABLE KEYS */;
UNLOCK TABLES;

--
-- Table structure for table `flasettings`
--

DROP TABLE IF EXISTS `flasettings`;
/*!40101 SET @saved_cs_client     = @@character_set_client */;
/*!40101 SET character_set_client = utf8 */;
CREATE TABLE `flasettings` (
  `key` varchar(100) NOT NULL,
  `value` text DEFAULT NULL,
  PRIMARY KEY (`key`)
) ENGINE=InnoDB DEFAULT CHARSET=utf8mb4 COLLATE=utf8mb4_unicode_ci;
/*!40101 SET character_set_client = @saved_cs_client */;

--
-- Dumping data for table `flasettings`
--

LOCK TABLES `flasettings` WRITE;
/*!40000 ALTER TABLE `flasettings` DISABLE KEYS */;
INSERT INTO `flasettings` VALUES ('allow_hide_own_posts','reply'),('allow_post_editing','reply'),('allow_renaming','10'),('allow_sign_up','1'),('custom_less',''),('default_locale','en'),('default_route','/all'),('display_name_driver','username'),('extensions_enabled','[\"flarum-flags\",\"flarum-approval\",\"flarum-tags\",\"flarum-suspend\",\"flarum-subscriptions\",\"flarum-sticky\",\"flarum-statistics\",\"flarum-mentions\",\"flarum-markdown\",\"flarum-lock\",\"flarum-likes\",\"flarum-lang-english\",\"flarum-emoji\",\"flarum-bbcode\"]'),('flarum-markdown.mdarea','1'),('flarum-mentions.allow_username_format','1'),('flarum-tags.max_primary_tags','1'),('flarum-tags.max_secondary_tags','3'),('flarum-tags.min_primary_tags','1'),('flarum-tags.min_secondary_tags','0'),('forum_description',''),('forum_title','forum.kiptumtime.com'),('mail_driver','mail'),('mail_from','noreply@forum.kiptumtime.com'),('slug_driver_Flarum\\User\\User','default'),('theme_colored_header','0'),('theme_dark_mode','0'),('theme_primary_color','#4D698E'),('theme_secondary_color','#4D698E'),('version','1.8.5'),('welcome_message','Enjoy your new forum! Hop over to discuss.flarum.org if you have any questions, or to join our community!'),('welcome_title','Welcome to forum.kiptutime.com');
/*!40000 ALTER TABLE `flasettings` ENABLE KEYS */;
UNLOCK TABLES;

--
-- Table structure for table `flatag_user`
--

DROP TABLE IF EXISTS `flatag_user`;
/*!40101 SET @saved_cs_client     = @@character_set_client */;
/*!40101 SET character_set_client = utf8 */;
CREATE TABLE `flatag_user` (
  `user_id` int(10) unsigned NOT NULL,
  `tag_id` int(10) unsigned NOT NULL,
  `marked_as_read_at` datetime DEFAULT NULL,
  `is_hidden` tinyint(1) NOT NULL DEFAULT 0,
  PRIMARY KEY (`user_id`,`tag_id`),
  KEY `flatag_user_tag_id_foreign` (`tag_id`),
  CONSTRAINT `flatag_user_tag_id_foreign` FOREIGN KEY (`tag_id`) REFERENCES `flatags` (`id`) ON DELETE CASCADE,
  CONSTRAINT `flatag_user_user_id_foreign` FOREIGN KEY (`user_id`) REFERENCES `flausers` (`id`) ON DELETE CASCADE
) ENGINE=InnoDB DEFAULT CHARSET=utf8mb4 COLLATE=utf8mb4_unicode_ci;
/*!40101 SET character_set_client = @saved_cs_client */;

--
-- Dumping data for table `flatag_user`
--

LOCK TABLES `flatag_user` WRITE;
/*!40000 ALTER TABLE `flatag_user` DISABLE KEYS */;
/*!40000 ALTER TABLE `flatag_user` ENABLE KEYS */;
UNLOCK TABLES;

--
-- Table structure for table `flatags`
--

DROP TABLE IF EXISTS `flatags`;
/*!40101 SET @saved_cs_client     = @@character_set_client */;
/*!40101 SET character_set_client = utf8 */;
CREATE TABLE `flatags` (
  `id` int(10) unsigned NOT NULL AUTO_INCREMENT,
  `name` varchar(100) NOT NULL,
  `slug` varchar(100) NOT NULL,
  `description` text DEFAULT NULL,
  `color` varchar(50) DEFAULT NULL,
  `background_path` varchar(100) DEFAULT NULL,
  `background_mode` varchar(100) DEFAULT NULL,
  `position` int(11) DEFAULT NULL,
  `parent_id` int(10) unsigned DEFAULT NULL,
  `default_sort` varchar(50) DEFAULT NULL,
  `is_restricted` tinyint(1) NOT NULL DEFAULT 0,
  `is_hidden` tinyint(1) NOT NULL DEFAULT 0,
  `discussion_count` int(10) unsigned NOT NULL DEFAULT 0,
  `last_posted_at` datetime DEFAULT NULL,
  `last_posted_discussion_id` int(10) unsigned DEFAULT NULL,
  `last_posted_user_id` int(10) unsigned DEFAULT NULL,
  `icon` varchar(100) DEFAULT NULL,
  `created_at` timestamp NULL DEFAULT current_timestamp(),
  `updated_at` timestamp NULL DEFAULT current_timestamp() ON UPDATE current_timestamp(),
  PRIMARY KEY (`id`),
  UNIQUE KEY `flatags_slug_unique` (`slug`),
  KEY `flatags_parent_id_foreign` (`parent_id`),
  KEY `flatags_last_posted_user_id_foreign` (`last_posted_user_id`),
  KEY `flatags_last_posted_discussion_id_foreign` (`last_posted_discussion_id`),
  CONSTRAINT `flatags_last_posted_discussion_id_foreign` FOREIGN KEY (`last_posted_discussion_id`) REFERENCES `fladiscussions` (`id`) ON DELETE SET NULL,
  CONSTRAINT `flatags_last_posted_user_id_foreign` FOREIGN KEY (`last_posted_user_id`) REFERENCES `flausers` (`id`) ON DELETE SET NULL,
  CONSTRAINT `flatags_parent_id_foreign` FOREIGN KEY (`parent_id`) REFERENCES `flatags` (`id`) ON DELETE SET NULL
) ENGINE=InnoDB AUTO_INCREMENT=2 DEFAULT CHARSET=utf8mb4 COLLATE=utf8mb4_unicode_ci;
/*!40101 SET character_set_client = @saved_cs_client */;

--
-- Dumping data for table `flatags`
--

LOCK TABLES `flatags` WRITE;
/*!40000 ALTER TABLE `flatags` DISABLE KEYS */;
INSERT INTO `flatags` VALUES (1,'General','general',NULL,'#888',NULL,NULL,0,NULL,NULL,0,0,1,'2024-03-12 18:30:12',1,1,NULL,NULL,'2024-03-12 18:30:12');
/*!40000 ALTER TABLE `flatags` ENABLE KEYS */;
UNLOCK TABLES;

--
-- Table structure for table `flausers`
--

DROP TABLE IF EXISTS `flausers`;
/*!40101 SET @saved_cs_client     = @@character_set_client */;
/*!40101 SET character_set_client = utf8 */;
CREATE TABLE `flausers` (
  `id` int(10) unsigned NOT NULL AUTO_INCREMENT,
  `username` varchar(100) NOT NULL,
  `email` varchar(150) NOT NULL,
  `is_email_confirmed` tinyint(1) NOT NULL DEFAULT 0,
  `password` varchar(100) NOT NULL,
  `avatar_url` varchar(100) DEFAULT NULL,
  `preferences` blob DEFAULT NULL,
  `joined_at` datetime DEFAULT NULL,
  `last_seen_at` datetime DEFAULT NULL,
  `marked_all_as_read_at` datetime DEFAULT NULL,
  `read_notifications_at` datetime DEFAULT NULL,
  `discussion_count` int(10) unsigned NOT NULL DEFAULT 0,
  `comment_count` int(10) unsigned NOT NULL DEFAULT 0,
  `read_flags_at` datetime DEFAULT NULL,
  `suspended_until` datetime DEFAULT NULL,
  `suspend_reason` text DEFAULT NULL,
  `suspend_message` text DEFAULT NULL,
  PRIMARY KEY (`id`),
  UNIQUE KEY `flausers_email_unique` (`email`),
  KEY `flausers_joined_at_index` (`joined_at`),
  KEY `flausers_last_seen_at_index` (`last_seen_at`),
  KEY `flausers_discussion_count_index` (`discussion_count`),
  KEY `flausers_comment_count_index` (`comment_count`)
) ENGINE=InnoDB AUTO_INCREMENT=13 DEFAULT CHARSET=utf8mb4 COLLATE=utf8mb4_unicode_ci;
/*!40101 SET character_set_client = @saved_cs_client */;

--
-- Dumping data for table `flausers`
--

LOCK TABLES `flausers` WRITE;
/*!40000 ALTER TABLE `flausers` DISABLE KEYS */;
INSERT INTO `flausers` VALUES (1,'Martin Kupec','skybedy@gmail.com',1,'$2y$12$vzE4ml3moCbPrJ7J80nqTO.3sFuf9M6BeczOuqgILJh5i/9nUHlVS',NULL,NULL,'2024-03-12 18:06:09','2024-03-14 08:40:50',NULL,NULL,1,1,NULL,NULL,NULL,NULL),(11,'timechip cz','timechip.cz@gmail.com',1,'$2y$12$svIAkcUwrYJIGsM74she4ugivM/zp8lB5Q6/.MNyOeNh.L0rbt.ui',NULL,NULL,'2024-03-14 19:47:09',NULL,NULL,NULL,0,0,NULL,NULL,NULL,NULL);
/*!40000 ALTER TABLE `flausers` ENABLE KEYS */;
UNLOCK TABLES;

--
-- Table structure for table `migrations`
--

DROP TABLE IF EXISTS `migrations`;
/*!40101 SET @saved_cs_client     = @@character_set_client */;
/*!40101 SET character_set_client = utf8 */;
CREATE TABLE `migrations` (
  `id` int(10) unsigned NOT NULL AUTO_INCREMENT,
  `migration` varchar(255) NOT NULL,
  `batch` int(11) NOT NULL,
  PRIMARY KEY (`id`)
) ENGINE=InnoDB AUTO_INCREMENT=10 DEFAULT CHARSET=utf8mb4 COLLATE=utf8mb4_unicode_ci;
/*!40101 SET character_set_client = @saved_cs_client */;

--
-- Dumping data for table `migrations`
--

LOCK TABLES `migrations` WRITE;
/*!40000 ALTER TABLE `migrations` DISABLE KEYS */;
INSERT INTO `migrations` VALUES (1,'2014_10_12_000000_create_users_table',1),(2,'2014_10_12_100000_create_password_reset_tokens_table',1),(3,'2019_08_19_000000_create_failed_jobs_table',1),(4,'2019_12_14_000001_create_personal_access_tokens_table',1),(5,'2023_11_14_152506_create_events_table',1),(6,'2023_11_16_093452_create_categories_table',1),(7,'2023_11_16_183521_create_registrations_table',1),(8,'2023_11_20_222931_create_results_table',1),(9,'2023_12_04_215259_create_track_points_table',1);
/*!40000 ALTER TABLE `migrations` ENABLE KEYS */;
UNLOCK TABLES;

--
-- Table structure for table `password_reset_tokens`
--

DROP TABLE IF EXISTS `password_reset_tokens`;
/*!40101 SET @saved_cs_client     = @@character_set_client */;
/*!40101 SET character_set_client = utf8 */;
CREATE TABLE `password_reset_tokens` (
  `email` varchar(255) NOT NULL,
  `token` varchar(255) NOT NULL,
  `created_at` timestamp NULL DEFAULT NULL,
  PRIMARY KEY (`email`)
) ENGINE=InnoDB DEFAULT CHARSET=utf8mb4 COLLATE=utf8mb4_unicode_ci;
/*!40101 SET character_set_client = @saved_cs_client */;

--
-- Dumping data for table `password_reset_tokens`
--

LOCK TABLES `password_reset_tokens` WRITE;
/*!40000 ALTER TABLE `password_reset_tokens` DISABLE KEYS */;
/*!40000 ALTER TABLE `password_reset_tokens` ENABLE KEYS */;
UNLOCK TABLES;

--
-- Table structure for table `personal_access_tokens`
--

DROP TABLE IF EXISTS `personal_access_tokens`;
/*!40101 SET @saved_cs_client     = @@character_set_client */;
/*!40101 SET character_set_client = utf8 */;
CREATE TABLE `personal_access_tokens` (
  `id` bigint(20) unsigned NOT NULL AUTO_INCREMENT,
  `tokenable_type` varchar(255) NOT NULL,
  `tokenable_id` bigint(20) unsigned NOT NULL,
  `name` varchar(255) NOT NULL,
  `token` varchar(64) NOT NULL,
  `abilities` text DEFAULT NULL,
  `last_used_at` timestamp NULL DEFAULT NULL,
  `expires_at` timestamp NULL DEFAULT NULL,
  `created_at` timestamp NULL DEFAULT NULL,
  `updated_at` timestamp NULL DEFAULT NULL,
  PRIMARY KEY (`id`),
  UNIQUE KEY `personal_access_tokens_token_unique` (`token`),
  KEY `personal_access_tokens_tokenable_type_tokenable_id_index` (`tokenable_type`,`tokenable_id`)
) ENGINE=InnoDB DEFAULT CHARSET=utf8mb4 COLLATE=utf8mb4_unicode_ci;
/*!40101 SET character_set_client = @saved_cs_client */;

--
-- Dumping data for table `personal_access_tokens`
--

LOCK TABLES `personal_access_tokens` WRITE;
/*!40000 ALTER TABLE `personal_access_tokens` DISABLE KEYS */;
/*!40000 ALTER TABLE `personal_access_tokens` ENABLE KEYS */;
UNLOCK TABLES;

--
-- Table structure for table `registrations`
--

DROP TABLE IF EXISTS `registrations`;
/*!40101 SET @saved_cs_client     = @@character_set_client */;
/*!40101 SET character_set_client = utf8 */;
CREATE TABLE `registrations` (
  `id` bigint(20) unsigned NOT NULL AUTO_INCREMENT,
  `event_id` bigint(20) unsigned NOT NULL,
  `user_id` bigint(20) unsigned NOT NULL,
  `category_id` bigint(20) unsigned NOT NULL,
  `created_at` timestamp NULL DEFAULT NULL,
  `updated_at` timestamp NULL DEFAULT NULL,
  PRIMARY KEY (`id`),
  KEY `registrations_event_id_foreign` (`event_id`),
  KEY `registrations_user_id_foreign` (`user_id`),
  KEY `registrations_category_id_foreign` (`category_id`),
  CONSTRAINT `registrations_category_id_foreign` FOREIGN KEY (`category_id`) REFERENCES `categories` (`id`) ON DELETE CASCADE,
  CONSTRAINT `registrations_event_id_foreign` FOREIGN KEY (`event_id`) REFERENCES `events` (`id`) ON DELETE CASCADE,
  CONSTRAINT `registrations_user_id_foreign` FOREIGN KEY (`user_id`) REFERENCES `users` (`id`) ON DELETE CASCADE
) ENGINE=InnoDB AUTO_INCREMENT=10 DEFAULT CHARSET=utf8mb4 COLLATE=utf8mb4_unicode_ci;
/*!40101 SET character_set_client = @saved_cs_client */;

--
-- Dumping data for table `registrations`
--

LOCK TABLES `registrations` WRITE;
/*!40000 ALTER TABLE `registrations` DISABLE KEYS */;
INSERT INTO `registrations` VALUES (1,1,1,13,'2024-03-10 19:56:50','2024-03-10 19:56:50'),(8,1,14,13,'2024-03-14 19:47:09','2024-03-14 19:47:09');
/*!40000 ALTER TABLE `registrations` ENABLE KEYS */;
UNLOCK TABLES;

--
-- Table structure for table `results`
--

DROP TABLE IF EXISTS `results`;
/*!40101 SET @saved_cs_client     = @@character_set_client */;
/*!40101 SET character_set_client = utf8 */;
CREATE TABLE `results` (
  `id` bigint(20) unsigned NOT NULL AUTO_INCREMENT,
  `registration_id` bigint(20) unsigned NOT NULL,
  `finish_time_date` date NOT NULL,
  `finish_time_order` mediumint(8) unsigned DEFAULT NULL,
  `finish_time` time NOT NULL,
  `finish_time_sec` int(10) unsigned NOT NULL,
  `finish_distance_km` double(10,2) DEFAULT NULL,
  `finish_distance_mile` double(10,2) DEFAULT NULL,
  `pace_km` varchar(255) NOT NULL,
  `pace_mile` varchar(255) NOT NULL,
  `created_at` timestamp NULL DEFAULT NULL,
  `updated_at` timestamp NULL DEFAULT NULL,
  PRIMARY KEY (`id`),
  KEY `results_registration_id_foreign` (`registration_id`),
  CONSTRAINT `results_registration_id_foreign` FOREIGN KEY (`registration_id`) REFERENCES `registrations` (`id`)
) ENGINE=InnoDB AUTO_INCREMENT=6 DEFAULT CHARSET=utf8mb4 COLLATE=utf8mb4_unicode_ci;
/*!40101 SET character_set_client = @saved_cs_client */;

--
-- Dumping data for table `results`
--

LOCK TABLES `results` WRITE;
/*!40000 ALTER TABLE `results` DISABLE KEYS */;
INSERT INTO `results` VALUES (1,1,'2024-03-09',1,'00:00:00',0,27.46,21.97,'4:23','7:04','2024-03-10 19:57:49','2024-03-10 20:06:28'),(3,1,'2024-02-20',2,'00:00:00',0,20.75,16.60,'5:49','9:21','2024-03-10 20:06:27','2024-03-10 20:06:28');
/*!40000 ALTER TABLE `results` ENABLE KEYS */;
UNLOCK TABLES;

--
-- Table structure for table `track_points`
--

DROP TABLE IF EXISTS `track_points`;
/*!40101 SET @saved_cs_client     = @@character_set_client */;
/*!40101 SET character_set_client = utf8 */;
CREATE TABLE `track_points` (
  `id` bigint(20) unsigned NOT NULL AUTO_INCREMENT,
  `user_id` int(10) unsigned NOT NULL,
  `result_id` bigint(20) unsigned NOT NULL,
  `latitude` double(15,8) NOT NULL,
  `longitude` double(15,8) NOT NULL,
  `time` bigint(20) unsigned DEFAULT NULL,
  `cadence` int(10) unsigned DEFAULT NULL,
  `altitude` double(8,2) DEFAULT NULL,
  `created_at` timestamp NULL DEFAULT NULL,
  `updated_at` timestamp NULL DEFAULT NULL,
  PRIMARY KEY (`id`),
  UNIQUE KEY `track_points_user_id_time_unique` (`user_id`,`time`),
  KEY `track_points_result_id_foreign` (`result_id`),
  CONSTRAINT `track_points_result_id_foreign` FOREIGN KEY (`result_id`) REFERENCES `results` (`id`)
) ENGINE=InnoDB AUTO_INCREMENT=7494 DEFAULT CHARSET=utf8mb4 COLLATE=utf8mb4_unicode_ci;
/*!40101 SET character_set_client = @saved_cs_client */;

--
-- Dumping data for table `track_points`
--

LOCK TABLES `track_points` WRITE;
/*!40000 ALTER TABLE `track_points` DISABLE KEYS */;
INSERT INTO `track_points` VALUES (1,1,1,49.59966600,18.51790300,1709999417,0,NULL,NULL,NULL),(2,1,1,49.59968700,18.51791700,1709999418,0,NULL,NULL,NULL),(3,1,1,49.59971900,18.51793000,1709999419,0,NULL,NULL,NULL),(4,1,1,49.59978200,18.51790600,1709999421,0,NULL,NULL,NULL),(5,1,1,49.59993500,18.51783200,1709999425,96,NULL,NULL,NULL),(6,1,1,49.60008600,18.51788800,1709999430,95,NULL,NULL,NULL),(7,1,1,49.60018100,18.51807200,1709999434,96,NULL,NULL,NULL),(8,1,1,49.60018600,18.51813000,1709999435,97,NULL,NULL,NULL),(9,1,1,49.60019000,18.51828300,1709999438,97,NULL,NULL,NULL),(10,1,1,49.60017500,18.51836200,1709999440,97,NULL,NULL,NULL),(11,1,1,49.60016100,18.51841400,1709999441,96,NULL,NULL,NULL),(12,1,1,49.60012000,18.51850500,1709999443,96,NULL,NULL,NULL),(13,1,1,49.60006900,18.51859800,1709999445,96,NULL,NULL,NULL),(14,1,1,49.60003300,18.51865400,1709999446,96,NULL,NULL,NULL),(15,1,1,49.59997100,18.51874100,1709999448,96,NULL,NULL,NULL),(16,1,1,49.59991800,18.51883100,1709999450,94,NULL,NULL,NULL),(17,1,1,49.59989000,18.51887000,1709999451,94,NULL,NULL,NULL),(18,1,1,49.59983600,18.51894500,1709999453,94,NULL,NULL,NULL),(19,1,1,49.59977100,18.51901800,1709999455,95,NULL,NULL,NULL),(20,1,1,49.59965300,18.51916000,1709999459,95,NULL,NULL,NULL),(21,1,1,49.59955800,18.51921300,1709999462,94,NULL,NULL,NULL),(22,1,1,49.59949300,18.51921100,1709999464,94,NULL,NULL,NULL),(23,1,1,49.59942500,18.51918900,1709999466,95,NULL,NULL,NULL),(24,1,1,49.59937000,18.51912900,1709999468,95,NULL,NULL,NULL),(25,1,1,49.59930000,18.51886300,1709999472,94,NULL,NULL,NULL),(26,1,1,49.59929100,18.51880100,1709999473,94,NULL,NULL,NULL),(27,1,1,49.59928700,18.51862300,1709999476,94,NULL,NULL,NULL),(28,1,1,49.59931200,18.51845300,1709999479,94,NULL,NULL,NULL),(29,1,1,49.59936800,18.51824100,1709999483,93,NULL,NULL,NULL),(30,1,1,49.59941200,18.51815300,1709999485,94,NULL,NULL,NULL),(31,1,1,49.59955800,18.51794200,1709999491,92,NULL,NULL,NULL),(32,1,1,49.59965100,18.51781800,1709999495,93,NULL,NULL,NULL),(33,1,1,49.59983400,18.51769400,1709999501,93,NULL,NULL,NULL),(34,1,1,49.59987000,18.51769300,1709999502,93,NULL,NULL,NULL),(35,1,1,49.60003000,18.51778600,1709999507,93,NULL,NULL,NULL),(36,1,1,49.60015100,18.51799500,1709999512,94,NULL,NULL,NULL),(37,1,1,49.60016200,18.51804800,1709999513,94,NULL,NULL,NULL),(38,1,1,49.60018200,18.51826800,1709999517,94,NULL,NULL,NULL),(39,1,1,49.60015800,18.51836300,1709999519,94,NULL,NULL,NULL),(40,1,1,49.60002800,18.51860700,1709999524,95,NULL,NULL,NULL),(41,1,1,49.59999600,18.51868200,1709999525,95,NULL,NULL,NULL),(42,1,1,49.59996100,18.51875300,1709999526,94,NULL,NULL,NULL),(43,1,1,49.59987300,18.51890800,1709999529,94,NULL,NULL,NULL),(44,1,1,49.59974500,18.51907500,1709999535,94,NULL,NULL,NULL),(45,1,1,49.59959500,18.51922100,1709999540,94,NULL,NULL,NULL),(46,1,1,49.59955600,18.51922800,1709999541,94,NULL,NULL,NULL),(47,1,1,49.59946100,18.51919600,1709999544,93,NULL,NULL,NULL),(48,1,1,49.59936300,18.51908900,1709999547,93,NULL,NULL,NULL),(49,1,1,49.59925500,18.51885800,1709999552,93,NULL,NULL,NULL),(50,1,1,49.59925100,18.51879500,1709999553,92,NULL,NULL,NULL),(51,1,1,49.59924900,18.51855900,1709999557,92,NULL,NULL,NULL),(52,1,1,49.59925800,18.51851000,1709999558,92,NULL,NULL,NULL),(53,1,1,49.59926500,18.51846900,1709999559,92,NULL,NULL,NULL),(54,1,1,49.59936000,18.51824300,1709999564,93,NULL,NULL,NULL),(55,1,1,49.59950900,18.51803900,1709999570,93,NULL,NULL,NULL),(56,1,1,49.59959500,18.51791600,1709999573,92,NULL,NULL,NULL),(57,1,1,49.59976900,18.51776800,1709999579,92,NULL,NULL,NULL),(58,1,1,49.59983700,18.51774600,1709999581,92,NULL,NULL,NULL),(59,1,1,49.60000500,18.51777600,1709999586,93,NULL,NULL,NULL),(60,1,1,49.60007600,18.51783400,1709999588,94,NULL,NULL,NULL),(61,1,1,49.60014400,18.51795300,1709999591,94,NULL,NULL,NULL),(62,1,1,49.60018700,18.51818900,1709999596,94,NULL,NULL,NULL),(63,1,1,49.60017800,18.51833400,1709999599,94,NULL,NULL,NULL),(64,1,1,49.60012400,18.51846700,1709999602,94,NULL,NULL,NULL),(65,1,1,49.60009900,18.51850600,1709999603,94,NULL,NULL,NULL),(66,1,1,49.59996000,18.51872400,1709999608,93,NULL,NULL,NULL),(67,1,1,49.59990200,18.51879100,1709999610,93,NULL,NULL,NULL),(68,1,1,49.59974500,18.51899300,1709999616,93,NULL,NULL,NULL),(69,1,1,49.59961200,18.51911300,1709999621,92,NULL,NULL,NULL),(70,1,1,49.59945600,18.51911500,1709999626,93,NULL,NULL,NULL),(71,1,1,49.59931900,18.51899200,1709999631,93,NULL,NULL,NULL),(72,1,1,49.59928500,18.51891100,1709999633,93,NULL,NULL,NULL),(73,1,1,49.59926100,18.51872000,1709999637,93,NULL,NULL,NULL),(74,1,1,49.59926700,18.51866800,1709999638,93,NULL,NULL,NULL),(75,1,1,49.59927400,18.51861600,1709999639,93,NULL,NULL,NULL),(76,1,1,49.59930800,18.51838800,1709999643,92,NULL,NULL,NULL),(77,1,1,49.59944500,18.51815600,1709999649,94,NULL,NULL,NULL),(78,1,1,49.59955700,18.51797800,1709999654,93,NULL,NULL,NULL),(79,1,1,49.59960000,18.51791700,1709999656,93,NULL,NULL,NULL),(80,1,1,49.59964900,18.51786400,1709999658,93,NULL,NULL,NULL),(81,1,1,49.59967600,18.51783600,1709999659,92,NULL,NULL,NULL),(82,1,1,49.59986700,18.51773700,1709999665,92,NULL,NULL,NULL),(83,1,1,49.59996800,18.51776300,1709999668,93,NULL,NULL,NULL),(84,1,1,49.60002700,18.51780600,1709999670,94,NULL,NULL,NULL),(85,1,1,49.60012900,18.51795000,1709999674,94,NULL,NULL,NULL),(86,1,1,49.60014300,18.51799100,1709999675,93,NULL,NULL,NULL),(87,1,1,49.60017400,18.51814600,1709999678,93,NULL,NULL,NULL),(88,1,1,49.60016700,18.51830500,1709999681,94,NULL,NULL,NULL),(89,1,1,49.60012500,18.51845000,1709999684,94,NULL,NULL,NULL),(90,1,1,49.60006600,18.51855700,1709999687,94,NULL,NULL,NULL),(91,1,1,49.59994100,18.51872800,1709999692,93,NULL,NULL,NULL),(92,1,1,49.59983600,18.51886600,1709999696,93,NULL,NULL,NULL),(93,1,1,49.59969600,18.51901100,1709999701,93,NULL,NULL,NULL),(94,1,1,49.59963500,18.51904900,1709999703,93,NULL,NULL,NULL),(95,1,1,49.59947700,18.51905100,1709999708,93,NULL,NULL,NULL),(96,1,1,49.59944800,18.51904100,1709999709,93,NULL,NULL,NULL),(97,1,1,49.59932900,18.51889600,1709999714,93,NULL,NULL,NULL),(98,1,1,49.59930000,18.51880800,1709999716,93,NULL,NULL,NULL),(99,1,1,49.59927600,18.51865000,1709999719,93,NULL,NULL,NULL),(100,1,1,49.59931400,18.51833500,1709999725,93,NULL,NULL,NULL),(101,1,1,49.59932900,18.51828700,1709999726,93,NULL,NULL,NULL),(102,1,1,49.59936400,18.51820000,1709999728,93,NULL,NULL,NULL),(103,1,1,49.59946700,18.51806300,1709999732,93,NULL,NULL,NULL),(104,1,1,49.59960800,18.51787900,1709999738,93,NULL,NULL,NULL),(105,1,1,49.59965800,18.51782500,1709999740,92,NULL,NULL,NULL),(106,1,1,49.59981600,18.51772000,1709999745,92,NULL,NULL,NULL),(107,1,1,49.59987800,18.51771500,1709999747,93,NULL,NULL,NULL),(108,1,1,49.60005700,18.51779900,1709999752,93,NULL,NULL,NULL),(109,1,1,49.60009400,18.51784000,1709999753,93,NULL,NULL,NULL),(110,1,1,49.60018000,18.51798900,1709999757,93,NULL,NULL,NULL),(111,1,1,49.60020700,18.51808400,1709999759,93,NULL,NULL,NULL),(112,1,1,49.60019400,18.51831900,1709999764,93,NULL,NULL,NULL),(113,1,1,49.60008100,18.51853400,1709999769,92,NULL,NULL,NULL),(114,1,1,49.60004700,18.51857200,1709999770,93,NULL,NULL,NULL),(115,1,1,49.59998800,18.51865600,1709999772,93,NULL,NULL,NULL),(116,1,1,49.59984300,18.51883100,1709999777,93,NULL,NULL,NULL),(117,1,1,49.59981300,18.51887100,1709999778,93,NULL,NULL,NULL),(118,1,1,49.59973900,18.51897100,1709999781,94,NULL,NULL,NULL),(119,1,1,49.59959700,18.51907600,1709999786,94,NULL,NULL,NULL),(120,1,1,49.59953500,18.51909800,1709999788,94,NULL,NULL,NULL),(121,1,1,49.59938500,18.51904700,1709999793,93,NULL,NULL,NULL),(122,1,1,49.59925300,18.51885400,1709999798,94,NULL,NULL,NULL),(123,1,1,49.59923800,18.51879600,1709999799,94,NULL,NULL,NULL),(124,1,1,49.59922800,18.51856200,1709999803,92,NULL,NULL,NULL),(125,1,1,49.59925100,18.51845800,1709999805,92,NULL,NULL,NULL),(126,1,1,49.59928000,18.51835600,1709999807,92,NULL,NULL,NULL),(127,1,1,49.59938100,18.51820300,1709999811,93,NULL,NULL,NULL),(128,1,1,49.59951100,18.51799000,1709999817,92,NULL,NULL,NULL),(129,1,1,49.59960800,18.51789500,1709999821,92,NULL,NULL,NULL),(130,1,1,49.59978500,18.51776100,1709999827,93,NULL,NULL,NULL),(131,1,1,49.59981300,18.51774200,1709999828,93,NULL,NULL,NULL),(132,1,1,49.59984600,18.51773300,1709999829,93,NULL,NULL,NULL),(133,1,1,49.60002000,18.51779900,1709999834,94,NULL,NULL,NULL),(134,1,1,49.60004600,18.51783200,1709999835,94,NULL,NULL,NULL),(135,1,1,49.60014300,18.51798900,1709999839,94,NULL,NULL,NULL),(136,1,1,49.60016300,18.51803700,1709999840,94,NULL,NULL,NULL),(137,1,1,49.60019200,18.51824000,1709999844,94,NULL,NULL,NULL),(138,1,1,49.60011300,18.51849700,1709999849,95,NULL,NULL,NULL),(139,1,1,49.60002500,18.51861700,1709999852,95,NULL,NULL,NULL),(140,1,1,49.59993100,18.51874500,1709999855,95,NULL,NULL,NULL),(141,1,1,49.59977100,18.51893400,1709999861,94,NULL,NULL,NULL),(142,1,1,49.59974400,18.51896900,1709999862,94,NULL,NULL,NULL),(143,1,1,49.59957200,18.51909600,1709999868,95,NULL,NULL,NULL),(144,1,1,49.59937300,18.51905400,1709999874,94,NULL,NULL,NULL),(145,1,1,49.59934800,18.51902600,1709999875,94,NULL,NULL,NULL),(146,1,1,49.59924000,18.51879900,1709999880,94,NULL,NULL,NULL),(147,1,1,49.59923900,18.51849900,1709999885,95,NULL,NULL,NULL),(148,1,1,49.59931900,18.51827400,1709999890,93,NULL,NULL,NULL),(149,1,1,49.59933900,18.51823500,1709999891,93,NULL,NULL,NULL),(150,1,1,49.59947700,18.51801500,1709999897,94,NULL,NULL,NULL),(151,1,1,49.59954500,18.51793400,1709999900,93,NULL,NULL,NULL),(152,1,1,49.59969400,18.51776400,1709999906,93,NULL,NULL,NULL),(153,1,1,49.59980200,18.51773400,1709999909,94,NULL,NULL,NULL),(154,1,1,49.59996500,18.51776800,1709999914,95,NULL,NULL,NULL),(155,1,1,49.60000100,18.51779400,1709999915,95,NULL,NULL,NULL),(156,1,1,49.60013600,18.51797900,1709999920,95,NULL,NULL,NULL),(157,1,1,49.60016100,18.51807400,1709999922,94,NULL,NULL,NULL),(158,1,1,49.60016700,18.51823100,1709999925,94,NULL,NULL,NULL),(159,1,1,49.60012900,18.51837800,1709999928,94,NULL,NULL,NULL),(160,1,1,49.60007700,18.51849300,1709999930,95,NULL,NULL,NULL),(161,1,1,49.60005100,18.51854400,1709999931,96,NULL,NULL,NULL),(162,1,1,49.59999900,18.51863600,1709999933,96,NULL,NULL,NULL),(163,1,1,49.59991800,18.51874600,1709999936,95,NULL,NULL,NULL),(164,1,1,49.59982600,18.51885200,1709999939,94,NULL,NULL,NULL),(165,1,1,49.59980000,18.51888900,1709999940,94,NULL,NULL,NULL),(166,1,1,49.59968000,18.51905100,1709999945,95,NULL,NULL,NULL),(167,1,1,49.59962600,18.51909900,1709999947,95,NULL,NULL,NULL),(168,1,1,49.59946800,18.51911800,1709999952,95,NULL,NULL,NULL),(169,1,1,49.59943700,18.51910200,1709999953,96,NULL,NULL,NULL),(170,1,1,49.59933300,18.51900700,1709999957,95,NULL,NULL,NULL),(171,1,1,49.59929100,18.51893200,1709999959,95,NULL,NULL,NULL),(172,1,1,49.59925200,18.51877700,1709999962,95,NULL,NULL,NULL),(173,1,1,49.59927100,18.51852300,1709999966,95,NULL,NULL,NULL),(174,1,1,49.59928300,18.51846700,1709999967,95,NULL,NULL,NULL),(175,1,1,49.59937100,18.51825500,1709999972,96,NULL,NULL,NULL),(176,1,1,49.59952000,18.51805900,1709999978,95,NULL,NULL,NULL),(177,1,1,49.59959400,18.51796100,1709999981,94,NULL,NULL,NULL),(178,1,1,49.59974800,18.51780300,1709999987,95,NULL,NULL,NULL),(179,1,1,49.59984900,18.51776800,1709999990,95,NULL,NULL,NULL),(180,1,1,49.60004200,18.51785900,1709999996,96,NULL,NULL,NULL),(181,1,1,49.60006800,18.51789000,1709999997,96,NULL,NULL,NULL),(182,1,1,49.60017600,18.51808500,1710000001,96,NULL,NULL,NULL),(183,1,1,49.60017700,18.51835000,1710000006,96,NULL,NULL,NULL),(184,1,1,49.60011600,18.51847800,1710000009,96,NULL,NULL,NULL),(185,1,1,49.60009000,18.51853100,1710000010,96,NULL,NULL,NULL),(186,1,1,49.60005900,18.51857200,1710000011,96,NULL,NULL,NULL),(187,1,1,49.59991800,18.51877400,1710000016,96,NULL,NULL,NULL),(188,1,1,49.59982400,18.51886700,1710000019,97,NULL,NULL,NULL),(189,1,1,49.59966300,18.51903100,1710000024,96,NULL,NULL,NULL),(190,1,1,49.59957600,18.51908700,1710000027,96,NULL,NULL,NULL),(191,1,1,49.59941300,18.51907600,1710000032,96,NULL,NULL,NULL),(192,1,1,49.59924800,18.51895200,1710000037,97,NULL,NULL,NULL),(193,1,1,49.59918400,18.51872100,1710000042,96,NULL,NULL,NULL),(194,1,1,49.59921000,18.51854500,1710000045,95,NULL,NULL,NULL),(195,1,1,49.59923200,18.51849300,1710000046,95,NULL,NULL,NULL),(196,1,1,49.59925100,18.51843600,1710000047,96,NULL,NULL,NULL),(197,1,1,49.59936100,18.51818600,1710000052,95,NULL,NULL,NULL),(198,1,1,49.59944000,18.51807300,1710000055,95,NULL,NULL,NULL),(199,1,1,49.59960300,18.51789300,1710000061,94,NULL,NULL,NULL),(200,1,1,49.59968300,18.51780100,1710000064,95,NULL,NULL,NULL),(201,1,1,49.59984800,18.51773100,1710000069,95,NULL,NULL,NULL),(202,1,1,49.60004200,18.51781800,1710000075,96,NULL,NULL,NULL),(203,1,1,49.60014900,18.51804300,1710000080,95,NULL,NULL,NULL),(204,1,1,49.60015900,18.51809500,1710000081,95,NULL,NULL,NULL),(205,1,1,49.60016000,18.51829900,1710000085,96,NULL,NULL,NULL),(206,1,1,49.60013700,18.51839600,1710000087,96,NULL,NULL,NULL),(207,1,1,49.60006500,18.51850900,1710000090,97,NULL,NULL,NULL),(208,1,1,49.59999400,18.51858800,1710000092,96,NULL,NULL,NULL),(209,1,1,49.59985400,18.51877500,1710000097,96,NULL,NULL,NULL),(210,1,1,49.59977000,18.51886700,1710000100,95,NULL,NULL,NULL),(211,1,1,49.59962200,18.51902800,1710000105,95,NULL,NULL,NULL),(212,1,1,49.59953600,18.51907400,1710000108,95,NULL,NULL,NULL),(213,1,1,49.59937800,18.51902800,1710000113,95,NULL,NULL,NULL),(214,1,1,49.59926300,18.51885000,1710000118,95,NULL,NULL,NULL),(215,1,1,49.59924200,18.51858100,1710000123,96,NULL,NULL,NULL),(216,1,1,49.59925300,18.51852400,1710000124,95,NULL,NULL,NULL),(217,1,1,49.59932000,18.51836600,1710000128,96,NULL,NULL,NULL),(218,1,1,49.59934400,18.51832800,1710000129,96,NULL,NULL,NULL),(219,1,1,49.59948400,18.51812700,1710000135,95,NULL,NULL,NULL),(220,1,1,49.59962600,18.51794400,1710000141,94,NULL,NULL,NULL),(221,1,1,49.59967200,18.51788100,1710000143,95,NULL,NULL,NULL),(222,1,1,49.59984800,18.51777000,1710000149,95,NULL,NULL,NULL),(223,1,1,49.59988500,18.51777100,1710000150,95,NULL,NULL,NULL),(224,1,1,49.60005800,18.51787200,1710000155,95,NULL,NULL,NULL),(225,1,1,49.60018000,18.51810500,1710000160,95,NULL,NULL,NULL),(226,1,1,49.60017800,18.51833100,1710000165,96,NULL,NULL,NULL),(227,1,1,49.60012500,18.51845800,1710000168,95,NULL,NULL,NULL),(228,1,1,49.60010200,18.51849900,1710000169,95,NULL,NULL,NULL),(229,1,1,49.60007600,18.51853500,1710000170,95,NULL,NULL,NULL),(230,1,1,49.59999500,18.51864000,1710000173,96,NULL,NULL,NULL),(231,1,1,49.59984800,18.51882800,1710000178,95,NULL,NULL,NULL),(232,1,1,49.59969800,18.51899100,1710000184,96,NULL,NULL,NULL),(233,1,1,49.59960300,18.51903300,1710000187,96,NULL,NULL,NULL),(234,1,1,49.59941600,18.51905400,1710000192,96,NULL,NULL,NULL),(235,1,1,49.59938300,18.51904000,1710000193,96,NULL,NULL,NULL),(236,1,1,49.59932500,18.51899000,1710000195,96,NULL,NULL,NULL),(237,1,1,49.59926900,18.51887300,1710000198,96,NULL,NULL,NULL),(238,1,1,49.59925000,18.51860300,1710000203,96,NULL,NULL,NULL),(239,1,1,49.59925500,18.51855100,1710000204,96,NULL,NULL,NULL),(240,1,1,49.59933300,18.51832300,1710000209,96,NULL,NULL,NULL),(241,1,1,49.59947900,18.51812100,1710000215,95,NULL,NULL,NULL),(242,1,1,49.59962500,18.51791600,1710000221,94,NULL,NULL,NULL),(243,1,1,49.59969300,18.51782700,1710000224,94,NULL,NULL,NULL),(244,1,1,49.59988400,18.51772600,1710000230,94,NULL,NULL,NULL),(245,1,1,49.59991700,18.51772600,1710000231,94,NULL,NULL,NULL),(246,1,1,49.60008000,18.51783200,1710000236,94,NULL,NULL,NULL),(247,1,1,49.60010700,18.51787000,1710000237,94,NULL,NULL,NULL),(248,1,1,49.60021400,18.51814000,1710000242,95,NULL,NULL,NULL),(249,1,1,49.60015200,18.51843900,1710000248,94,NULL,NULL,NULL),(250,1,1,49.60012700,18.51848300,1710000249,94,NULL,NULL,NULL),(251,1,1,49.60003500,18.51860100,1710000252,94,NULL,NULL,NULL),(252,1,1,49.59994000,18.51873600,1710000256,94,NULL,NULL,NULL),(253,1,1,49.59989000,18.51879400,1710000258,94,NULL,NULL,NULL),(254,1,1,49.59974400,18.51896100,1710000264,94,NULL,NULL,NULL),(255,1,1,49.59971800,18.51898500,1710000265,94,NULL,NULL,NULL),(256,1,1,49.59952600,18.51905800,1710000271,94,NULL,NULL,NULL),(257,1,1,49.59949400,18.51905300,1710000272,95,NULL,NULL,NULL),(258,1,1,49.59935700,18.51893200,1710000277,96,NULL,NULL,NULL),(259,1,1,49.59927200,18.51874500,1710000282,96,NULL,NULL,NULL),(260,1,1,49.59926600,18.51868600,1710000283,96,NULL,NULL,NULL),(261,1,1,49.59929000,18.51837300,1710000288,95,NULL,NULL,NULL),(262,1,1,49.59930300,18.51832700,1710000289,95,NULL,NULL,NULL),(263,1,1,49.59932800,18.51828600,1710000290,95,NULL,NULL,NULL),(264,1,1,49.59943800,18.51815600,1710000294,95,NULL,NULL,NULL),(265,1,1,49.59957900,18.51797100,1710000300,94,NULL,NULL,NULL),(266,1,1,49.59971600,18.51779400,1710000306,95,NULL,NULL,NULL),(267,1,1,49.59989900,18.51771400,1710000312,95,NULL,NULL,NULL),(268,1,1,49.60006400,18.51782500,1710000317,96,NULL,NULL,NULL),(269,1,1,49.60011100,18.51790600,1710000319,97,NULL,NULL,NULL),(270,1,1,49.60016100,18.51804800,1710000322,97,NULL,NULL,NULL),(271,1,1,49.60017300,18.51819300,1710000325,97,NULL,NULL,NULL),(272,1,1,49.60016700,18.51823800,1710000326,97,NULL,NULL,NULL),(273,1,1,49.60015900,18.51828100,1710000327,96,NULL,NULL,NULL),(274,1,1,49.60013300,18.51836300,1710000329,96,NULL,NULL,NULL),(275,1,1,49.60006800,18.51849700,1710000332,96,NULL,NULL,NULL),(276,1,1,49.60004100,18.51853100,1710000333,96,NULL,NULL,NULL),(277,1,1,49.59989900,18.51874600,1710000339,95,NULL,NULL,NULL),(278,1,1,49.59978700,18.51887000,1710000343,95,NULL,NULL,NULL),(279,1,1,49.59971000,18.51895300,1710000346,94,NULL,NULL,NULL),(280,1,1,49.59952300,18.51905500,1710000352,95,NULL,NULL,NULL),(281,1,1,49.59949100,18.51905900,1710000353,95,NULL,NULL,NULL),(282,1,1,49.59945900,18.51905500,1710000354,95,NULL,NULL,NULL),(283,1,1,49.59939600,18.51901400,1710000356,96,NULL,NULL,NULL),(284,1,1,49.59934000,18.51895800,1710000358,95,NULL,NULL,NULL),(285,1,1,49.59926700,18.51880600,1710000362,96,NULL,NULL,NULL),(286,1,1,49.59924800,18.51866500,1710000365,95,NULL,NULL,NULL),(287,1,1,49.59927400,18.51850700,1710000368,95,NULL,NULL,NULL),(288,1,1,49.59930500,18.51837400,1710000370,96,NULL,NULL,NULL),(289,1,1,49.59937400,18.51825300,1710000373,96,NULL,NULL,NULL),(290,1,1,49.59952100,18.51805600,1710000379,96,NULL,NULL,NULL),(291,1,1,49.59961400,18.51793900,1710000383,96,NULL,NULL,NULL),(292,1,1,49.59973100,18.51778700,1710000388,95,NULL,NULL,NULL),(293,1,1,49.59978600,18.51774300,1710000390,96,NULL,NULL,NULL),(294,1,1,49.59995400,18.51775400,1710000395,96,NULL,NULL,NULL),(295,1,1,49.59998800,18.51777400,1710000396,96,NULL,NULL,NULL),(296,1,1,49.60014300,18.51798900,1710000401,96,NULL,NULL,NULL),(297,1,1,49.60019400,18.51823800,1710000406,98,NULL,NULL,NULL),(298,1,1,49.60014200,18.51842400,1710000410,97,NULL,NULL,NULL),(299,1,1,49.60007500,18.51854600,1710000413,98,NULL,NULL,NULL),(300,1,1,49.59993000,18.51871700,1710000418,97,NULL,NULL,NULL),(301,1,1,49.59984500,18.51880600,1710000421,96,NULL,NULL,NULL),(302,1,1,49.59979100,18.51887100,1710000423,95,NULL,NULL,NULL),(303,1,1,49.59961100,18.51904300,1710000429,96,NULL,NULL,NULL),(304,1,1,49.59957500,18.51905500,1710000430,97,NULL,NULL,NULL),(305,1,1,49.59943900,18.51905800,1710000434,97,NULL,NULL,NULL),(306,1,1,49.59929600,18.51893200,1710000439,97,NULL,NULL,NULL),(307,1,1,49.59923200,18.51874500,1710000443,96,NULL,NULL,NULL),(308,1,1,49.59922900,18.51864300,1710000445,96,NULL,NULL,NULL),(309,1,1,49.59927300,18.51842800,1710000449,96,NULL,NULL,NULL),(310,1,1,49.59929300,18.51837400,1710000450,96,NULL,NULL,NULL),(311,1,1,49.59945300,18.51817000,1710000456,96,NULL,NULL,NULL),(312,1,1,49.59952500,18.51806100,1710000459,96,NULL,NULL,NULL),(313,1,1,49.59967400,18.51788000,1710000465,95,NULL,NULL,NULL),(314,1,1,49.59984400,18.51776000,1710000471,96,NULL,NULL,NULL),(315,1,1,49.59987800,18.51776100,1710000472,96,NULL,NULL,NULL),(316,1,1,49.60004800,18.51783700,1710000477,95,NULL,NULL,NULL),(317,1,1,49.60008500,18.51788100,1710000478,95,NULL,NULL,NULL),(318,1,1,49.60018000,18.51809800,1710000483,96,NULL,NULL,NULL),(319,1,1,49.60017700,18.51836600,1710000489,96,NULL,NULL,NULL),(320,1,1,49.60008100,18.51855700,1710000493,96,NULL,NULL,NULL),(321,1,1,49.59999700,18.51864300,1710000496,96,NULL,NULL,NULL),(322,1,1,49.59984900,18.51883400,1710000501,96,NULL,NULL,NULL),(323,1,1,49.59974200,18.51895400,1710000505,97,NULL,NULL,NULL),(324,1,1,49.59955900,18.51907300,1710000510,97,NULL,NULL,NULL),(325,1,1,49.59952200,18.51908600,1710000511,97,NULL,NULL,NULL),(326,1,1,49.59948100,18.51910500,1710000512,97,NULL,NULL,NULL),(327,1,1,49.59934800,18.51905900,1710000516,97,NULL,NULL,NULL),(328,1,1,49.59925300,18.51891300,1710000520,97,NULL,NULL,NULL),(329,1,1,49.59922800,18.51882300,1710000522,97,NULL,NULL,NULL),(330,1,1,49.59925300,18.51850000,1710000528,96,NULL,NULL,NULL),(331,1,1,49.59936800,18.51828700,1710000533,97,NULL,NULL,NULL),(332,1,1,49.59939000,18.51824500,1710000534,97,NULL,NULL,NULL),(333,1,1,49.59954500,18.51803600,1710000540,96,NULL,NULL,NULL),(334,1,1,49.59965800,18.51788300,1710000545,96,NULL,NULL,NULL),(335,1,1,49.59983000,18.51775400,1710000551,96,NULL,NULL,NULL),(336,1,1,49.59987300,18.51774500,1710000552,96,NULL,NULL,NULL),(337,1,1,49.60003900,18.51781800,1710000557,97,NULL,NULL,NULL),(338,1,1,49.60014400,18.51799000,1710000561,97,NULL,NULL,NULL),(339,1,1,49.60016500,18.51804100,1710000562,97,NULL,NULL,NULL),(340,1,1,49.60018300,18.51827700,1710000567,97,NULL,NULL,NULL),(341,1,1,49.60008100,18.51852400,1710000573,98,NULL,NULL,NULL),(342,1,1,49.59992400,18.51873500,1710000578,97,NULL,NULL,NULL),(343,1,1,49.59984300,18.51884000,1710000581,97,NULL,NULL,NULL),(344,1,1,49.59967500,18.51903100,1710000587,97,NULL,NULL,NULL),(345,1,1,49.59961500,18.51908700,1710000589,97,NULL,NULL,NULL),(346,1,1,49.59945200,18.51909200,1710000594,97,NULL,NULL,NULL),(347,1,1,49.59932200,18.51894400,1710000599,97,NULL,NULL,NULL),(348,1,1,49.59925200,18.51870800,1710000604,97,NULL,NULL,NULL),(349,1,1,49.59925500,18.51856000,1710000607,96,NULL,NULL,NULL),(350,1,1,49.59928200,18.51847100,1710000609,96,NULL,NULL,NULL),(351,1,1,49.59941600,18.51822500,1710000615,96,NULL,NULL,NULL),(352,1,1,49.59956100,18.51800800,1710000621,96,NULL,NULL,NULL),(353,1,1,49.59963100,18.51791900,1710000624,96,NULL,NULL,NULL),(354,1,1,49.59978800,18.51776900,1710000630,96,NULL,NULL,NULL),(355,1,1,49.59985300,18.51775900,1710000632,96,NULL,NULL,NULL),(356,1,1,49.60002300,18.51784200,1710000637,96,NULL,NULL,NULL),(357,1,1,49.60005100,18.51787500,1710000638,97,NULL,NULL,NULL),(358,1,1,49.60015800,18.51808600,1710000643,97,NULL,NULL,NULL),(359,1,1,49.60017700,18.51834600,1710000648,96,NULL,NULL,NULL),(360,1,1,49.60002900,18.51857600,1710000654,96,NULL,NULL,NULL),(361,1,1,49.59986500,18.51876900,1710000660,96,NULL,NULL,NULL),(362,1,1,49.59977500,18.51886300,1710000663,95,NULL,NULL,NULL),(363,1,1,49.59963000,18.51903000,1710000667,96,NULL,NULL,NULL),(364,1,1,49.59953100,18.51909800,1710000670,96,NULL,NULL,NULL),(365,1,1,49.59937800,18.51906900,1710000675,97,NULL,NULL,NULL),(366,1,1,49.59923900,18.51889200,1710000680,97,NULL,NULL,NULL),(367,1,1,49.59918800,18.51866400,1710000685,95,NULL,NULL,NULL),(368,1,1,49.59927000,18.51842000,1710000690,96,NULL,NULL,NULL),(369,1,1,49.59936500,18.51826000,1710000694,95,NULL,NULL,NULL),(370,1,1,49.59941400,18.51819000,1710000696,96,NULL,NULL,NULL),(371,1,1,49.59957300,18.51797900,1710000702,96,NULL,NULL,NULL),(372,1,1,49.59966800,18.51781400,1710000706,96,NULL,NULL,NULL),(373,1,1,49.59984700,18.51771700,1710000712,97,NULL,NULL,NULL),(374,1,1,49.59988400,18.51772300,1710000713,97,NULL,NULL,NULL),(375,1,1,49.60003900,18.51783900,1710000718,97,NULL,NULL,NULL),(376,1,1,49.60015400,18.51806300,1710000723,97,NULL,NULL,NULL),(377,1,1,49.60016000,18.51829700,1710000728,97,NULL,NULL,NULL),(378,1,1,49.60013300,18.51838000,1710000730,97,NULL,NULL,NULL),(379,1,1,49.60006200,18.51851700,1710000733,97,NULL,NULL,NULL),(380,1,1,49.60003400,18.51856400,1710000734,97,NULL,NULL,NULL),(381,1,1,49.59989300,18.51876900,1710000739,96,NULL,NULL,NULL),(382,1,1,49.59985900,18.51880500,1710000740,96,NULL,NULL,NULL),(383,1,1,49.59969600,18.51897400,1710000746,95,NULL,NULL,NULL),(384,1,1,49.59963000,18.51903900,1710000748,95,NULL,NULL,NULL),(385,1,1,49.59945400,18.51913800,1710000753,96,NULL,NULL,NULL),(386,1,1,49.59930700,18.51903900,1710000758,95,NULL,NULL,NULL),(387,1,1,49.59925500,18.51896800,1710000760,95,NULL,NULL,NULL),(388,1,1,49.59922100,18.51886200,1710000762,95,NULL,NULL,NULL),(389,1,1,49.59920900,18.51860400,1710000767,96,NULL,NULL,NULL),(390,1,1,49.59930800,18.51832600,1710000772,96,NULL,NULL,NULL),(391,1,1,49.59932500,18.51827900,1710000773,95,NULL,NULL,NULL),(392,1,1,49.59946500,18.51810500,1710000778,95,NULL,NULL,NULL),(393,1,1,49.59952000,18.51805000,1710000780,96,NULL,NULL,NULL),(394,1,1,49.59966300,18.51787200,1710000786,95,NULL,NULL,NULL),(395,1,1,49.59973700,18.51777800,1710000789,95,NULL,NULL,NULL),(396,1,1,49.59991300,18.51772600,1710000795,96,NULL,NULL,NULL),(397,1,1,49.60005600,18.51786300,1710000800,96,NULL,NULL,NULL),(398,1,1,49.60019600,18.51812800,1710000805,97,NULL,NULL,NULL),(399,1,1,49.60022000,18.51818400,1710000806,97,NULL,NULL,NULL),(400,1,1,49.60021900,18.51838300,1710000810,97,NULL,NULL,NULL),(401,1,1,49.60019900,18.51843100,1710000811,98,NULL,NULL,NULL),(402,1,1,49.60015000,18.51851100,1710000813,99,NULL,NULL,NULL),(403,1,1,49.60006300,18.51863100,1710000816,99,NULL,NULL,NULL),(404,1,1,49.59990200,18.51881000,1710000821,97,NULL,NULL,NULL),(405,1,1,49.59977200,18.51895600,1710000825,97,NULL,NULL,NULL),(406,1,1,49.59959100,18.51911900,1710000831,96,NULL,NULL,NULL),(407,1,1,49.59952600,18.51913900,1710000833,97,NULL,NULL,NULL),(408,1,1,49.59949500,18.51914000,1710000834,97,NULL,NULL,NULL),(409,1,1,49.59939200,18.51910200,1710000837,97,NULL,NULL,NULL),(410,1,1,49.59936000,18.51908000,1710000838,97,NULL,NULL,NULL),(411,1,1,49.59920400,18.51888300,1710000843,97,NULL,NULL,NULL),(412,1,1,49.59918700,18.51883700,1710000844,97,NULL,NULL,NULL),(413,1,1,49.59919200,18.51857900,1710000849,97,NULL,NULL,NULL),(414,1,1,49.59930400,18.51832700,1710000854,97,NULL,NULL,NULL),(415,1,1,49.59932900,18.51829100,1710000855,97,NULL,NULL,NULL),(416,1,1,49.59948300,18.51807000,1710000861,96,NULL,NULL,NULL),(417,1,1,49.59963100,18.51788700,1710000867,96,NULL,NULL,NULL),(418,1,1,49.59971500,18.51779200,1710000870,97,NULL,NULL,NULL),(419,1,1,49.59987900,18.51776100,1710000875,97,NULL,NULL,NULL),(420,1,1,49.60004800,18.51787300,1710000880,97,NULL,NULL,NULL),(421,1,1,49.60015200,18.51812600,1710000886,98,NULL,NULL,NULL),(422,1,1,49.60015000,18.51836200,1710000891,96,NULL,NULL,NULL),(423,1,1,49.60003700,18.51854700,1710000896,98,NULL,NULL,NULL),(424,1,1,49.59998100,18.51861900,1710000898,97,NULL,NULL,NULL),(425,1,1,49.59984000,18.51881400,1710000903,97,NULL,NULL,NULL),(426,1,1,49.59981300,18.51884900,1710000904,97,NULL,NULL,NULL),(427,1,1,49.59978700,18.51888600,1710000905,97,NULL,NULL,NULL),(428,1,1,49.59962100,18.51905200,1710000911,97,NULL,NULL,NULL),(429,1,1,49.59951900,18.51909600,1710000914,97,NULL,NULL,NULL),(430,1,1,49.59931600,18.51903600,1710000919,97,NULL,NULL,NULL),(431,1,1,49.59928400,18.51900700,1710000920,97,NULL,NULL,NULL),(432,1,1,49.59919000,18.51879000,1710000925,98,NULL,NULL,NULL),(433,1,1,49.59922800,18.51852900,1710000930,97,NULL,NULL,NULL),(434,1,1,49.59934600,18.51829200,1710000935,98,NULL,NULL,NULL),(435,1,1,49.59937100,18.51825100,1710000936,98,NULL,NULL,NULL),(436,1,1,49.59952300,18.51804000,1710000942,97,NULL,NULL,NULL),(437,1,1,49.59957400,18.51797500,1710000944,97,NULL,NULL,NULL),(438,1,1,49.59972400,18.51779800,1710000950,97,NULL,NULL,NULL),(439,1,1,49.59975700,18.51778000,1710000951,97,NULL,NULL,NULL),(440,1,1,49.59992400,18.51776300,1710000956,97,NULL,NULL,NULL),(441,1,1,49.60007300,18.51792600,1710000961,97,NULL,NULL,NULL),(442,1,1,49.60010200,18.51797500,1710000962,97,NULL,NULL,NULL),(443,1,1,49.60019200,18.51825400,1710000968,99,NULL,NULL,NULL),(444,1,1,49.60014700,18.51843200,1710000972,99,NULL,NULL,NULL),(445,1,1,49.60012400,18.51847600,1710000973,99,NULL,NULL,NULL),(446,1,1,49.60004200,18.51861000,1710000976,99,NULL,NULL,NULL),(447,1,1,49.59990400,18.51875700,1710000981,98,NULL,NULL,NULL),(448,1,1,49.59973600,18.51895500,1710000987,96,NULL,NULL,NULL),(449,1,1,49.59967700,18.51902300,1710000989,97,NULL,NULL,NULL),(450,1,1,49.59960100,18.51908800,1710000991,98,NULL,NULL,NULL),(451,1,1,49.59945300,18.51911800,1710000995,97,NULL,NULL,NULL),(452,1,1,49.59927900,18.51897000,1710001001,97,NULL,NULL,NULL),(453,1,1,49.59921400,18.51872900,1710001006,96,NULL,NULL,NULL),(454,1,1,49.59927300,18.51845200,1710001012,95,NULL,NULL,NULL),(455,1,1,49.59936800,18.51827600,1710001016,96,NULL,NULL,NULL),(456,1,1,49.59945300,18.51816600,1710001019,96,NULL,NULL,NULL),(457,1,1,49.59960100,18.51795200,1710001025,95,NULL,NULL,NULL),(458,1,1,49.59965300,18.51790400,1710001027,96,NULL,NULL,NULL),(459,1,1,49.59981700,18.51775600,1710001033,96,NULL,NULL,NULL),(460,1,1,49.59997800,18.51777900,1710001038,97,NULL,NULL,NULL),(461,1,1,49.60009800,18.51792500,1710001042,97,NULL,NULL,NULL),(462,1,1,49.60019300,18.51820100,1710001048,96,NULL,NULL,NULL),(463,1,1,49.60015700,18.51843200,1710001053,96,NULL,NULL,NULL),(464,1,1,49.60013500,18.51847000,1710001054,96,NULL,NULL,NULL),(465,1,1,49.59999600,18.51866900,1710001059,96,NULL,NULL,NULL),(466,1,1,49.59985800,18.51886500,1710001064,95,NULL,NULL,NULL),(467,1,1,49.59983500,18.51890500,1710001065,95,NULL,NULL,NULL),(468,1,1,49.59967000,18.51908200,1710001071,96,NULL,NULL,NULL),(469,1,1,49.59958700,18.51913000,1710001073,96,NULL,NULL,NULL),(470,1,1,49.59940700,18.51911300,1710001078,97,NULL,NULL,NULL),(471,1,1,49.59937200,18.51907800,1710001079,97,NULL,NULL,NULL),(472,1,1,49.59921600,18.51889900,1710001084,96,NULL,NULL,NULL),(473,1,1,49.59921100,18.51883700,1710001085,97,NULL,NULL,NULL),(474,1,1,49.59922000,18.51854500,1710001090,98,NULL,NULL,NULL),(475,1,1,49.59923600,18.51849400,1710001091,98,NULL,NULL,NULL),(476,1,1,49.59925600,18.51844700,1710001092,97,NULL,NULL,NULL),(477,1,1,49.59938000,18.51825900,1710001097,97,NULL,NULL,NULL),(478,1,1,49.59941000,18.51822000,1710001098,97,NULL,NULL,NULL),(479,1,1,49.59954900,18.51802300,1710001103,96,NULL,NULL,NULL),(480,1,1,49.59964200,18.51790400,1710001107,96,NULL,NULL,NULL),(481,1,1,49.59980100,18.51771000,1710001113,96,NULL,NULL,NULL),(482,1,1,49.59986900,18.51770600,1710001115,96,NULL,NULL,NULL),(483,1,1,49.60003000,18.51781700,1710001120,97,NULL,NULL,NULL),(484,1,1,49.60005400,18.51784900,1710001121,97,NULL,NULL,NULL),(485,1,1,49.60016300,18.51812200,1710001127,97,NULL,NULL,NULL),(486,1,1,49.60014400,18.51837700,1710001132,98,NULL,NULL,NULL),(487,1,1,49.60004100,18.51855100,1710001136,99,NULL,NULL,NULL),(488,1,1,49.60001000,18.51859300,1710001137,98,NULL,NULL,NULL),(489,1,1,49.59997900,18.51863800,1710001138,98,NULL,NULL,NULL),(490,1,1,49.59984800,18.51881600,1710001143,97,NULL,NULL,NULL),(491,1,1,49.59970200,18.51899500,1710001148,96,NULL,NULL,NULL),(492,1,1,49.59953500,18.51914400,1710001153,96,NULL,NULL,NULL),(493,1,1,49.59949700,18.51915300,1710001154,96,NULL,NULL,NULL),(494,1,1,49.59939800,18.51913900,1710001157,96,NULL,NULL,NULL),(495,1,1,49.59933200,18.51911000,1710001159,96,NULL,NULL,NULL),(496,1,1,49.59921200,18.51889800,1710001164,96,NULL,NULL,NULL),(497,1,1,49.59920200,18.51885100,1710001165,96,NULL,NULL,NULL),(498,1,1,49.59920400,18.51855900,1710001170,96,NULL,NULL,NULL),(499,1,1,49.59922200,18.51849200,1710001171,96,NULL,NULL,NULL),(500,1,1,49.59926100,18.51837300,1710001173,96,NULL,NULL,NULL),(501,1,1,49.59933600,18.51826000,1710001176,96,NULL,NULL,NULL),(502,1,1,49.59949300,18.51807900,1710001182,96,NULL,NULL,NULL),(503,1,1,49.59951500,18.51804300,1710001183,96,NULL,NULL,NULL),(504,1,1,49.59954000,18.51801100,1710001184,96,NULL,NULL,NULL),(505,1,1,49.59970400,18.51783600,1710001190,95,NULL,NULL,NULL),(506,1,1,49.59979200,18.51775700,1710001193,95,NULL,NULL,NULL),(507,1,1,49.59992000,18.51775700,1710001197,96,NULL,NULL,NULL),(508,1,1,49.60008300,18.51789800,1710001202,97,NULL,NULL,NULL),(509,1,1,49.60010400,18.51793100,1710001203,97,NULL,NULL,NULL),(510,1,1,49.60015900,18.51813600,1710001208,97,NULL,NULL,NULL),(511,1,1,49.60013200,18.51835700,1710001213,97,NULL,NULL,NULL),(512,1,1,49.60008900,18.51844900,1710001215,97,NULL,NULL,NULL),(513,1,1,49.59998200,18.51862800,1710001219,97,NULL,NULL,NULL),(514,1,1,49.59982100,18.51883800,1710001225,96,NULL,NULL,NULL),(515,1,1,49.59980000,18.51885900,1710001226,96,NULL,NULL,NULL),(516,1,1,49.59963700,18.51904700,1710001232,97,NULL,NULL,NULL),(517,1,1,49.59955700,18.51909200,1710001234,97,NULL,NULL,NULL),(518,1,1,49.59939100,18.51904800,1710001239,97,NULL,NULL,NULL),(519,1,1,49.59925000,18.51888100,1710001244,97,NULL,NULL,NULL),(520,1,1,49.59918700,18.51872000,1710001248,97,NULL,NULL,NULL),(521,1,1,49.59920500,18.51855800,1710001251,97,NULL,NULL,NULL),(522,1,1,49.59930600,18.51829200,1710001256,96,NULL,NULL,NULL),(523,1,1,49.59932500,18.51824700,1710001257,96,NULL,NULL,NULL),(524,1,1,49.59946700,18.51806100,1710001262,96,NULL,NULL,NULL),(525,1,1,49.59949200,18.51803300,1710001263,96,NULL,NULL,NULL),(526,1,1,49.59951700,18.51800400,1710001264,95,NULL,NULL,NULL),(527,1,1,49.59966200,18.51783500,1710001270,95,NULL,NULL,NULL),(528,1,1,49.59971700,18.51779700,1710001272,96,NULL,NULL,NULL),(529,1,1,49.59974900,18.51777700,1710001273,96,NULL,NULL,NULL),(530,1,1,49.59983500,18.51772400,1710001276,96,NULL,NULL,NULL),(531,1,1,49.59996100,18.51773200,1710001280,95,NULL,NULL,NULL),(532,1,1,49.60006400,18.51783700,1710001284,95,NULL,NULL,NULL),(533,1,1,49.60014400,18.51803400,1710001289,96,NULL,NULL,NULL),(534,1,1,49.60016400,18.51833400,1710001294,96,NULL,NULL,NULL),(535,1,1,49.60015300,18.51838000,1710001295,96,NULL,NULL,NULL),(536,1,1,49.60010700,18.51846400,1710001297,97,NULL,NULL,NULL),(537,1,1,49.59999600,18.51863300,1710001301,97,NULL,NULL,NULL),(538,1,1,49.59984600,18.51879900,1710001306,96,NULL,NULL,NULL),(539,1,1,49.59970600,18.51896100,1710001311,96,NULL,NULL,NULL),(540,1,1,49.59953100,18.51911900,1710001317,96,NULL,NULL,NULL),(541,1,1,49.59949300,18.51912100,1710001318,96,NULL,NULL,NULL),(542,1,1,49.59932700,18.51901300,1710001323,95,NULL,NULL,NULL),(543,1,1,49.59919000,18.51877700,1710001329,96,NULL,NULL,NULL),(544,1,1,49.59921200,18.51849400,1710001334,96,NULL,NULL,NULL),(545,1,1,49.59933400,18.51827800,1710001339,97,NULL,NULL,NULL),(546,1,1,49.59948100,18.51806200,1710001345,97,NULL,NULL,NULL),(547,1,1,49.59950700,18.51803500,1710001346,97,NULL,NULL,NULL),(548,1,1,49.59965300,18.51785000,1710001352,97,NULL,NULL,NULL),(549,1,1,49.59971000,18.51780100,1710001354,97,NULL,NULL,NULL),(550,1,1,49.59982600,18.51771400,1710001358,97,NULL,NULL,NULL),(551,1,1,49.59995400,18.51776100,1710001362,98,NULL,NULL,NULL),(552,1,1,49.60010800,18.51793100,1710001368,97,NULL,NULL,NULL),(553,1,1,49.60018200,18.51821700,1710001374,97,NULL,NULL,NULL),(554,1,1,49.60012600,18.51852700,1710001379,98,NULL,NULL,NULL),(555,1,1,49.60009300,18.51858000,1710001380,98,NULL,NULL,NULL),(556,1,1,49.59996200,18.51877000,1710001385,97,NULL,NULL,NULL),(557,1,1,49.59988200,18.51887600,1710001388,97,NULL,NULL,NULL),(558,1,1,49.59985600,18.51891100,1710001389,97,NULL,NULL,NULL),(559,1,1,49.59966900,18.51905900,1710001395,97,NULL,NULL,NULL),(560,1,1,49.59963100,18.51907900,1710001396,97,NULL,NULL,NULL),(561,1,1,49.59944600,18.51914000,1710001401,97,NULL,NULL,NULL),(562,1,1,49.59940600,18.51913200,1710001402,97,NULL,NULL,NULL),(563,1,1,49.59929400,18.51891800,1710001407,96,NULL,NULL,NULL),(564,1,1,49.59920100,18.51865800,1710001413,96,NULL,NULL,NULL),(565,1,1,49.59927500,18.51839400,1710001418,96,NULL,NULL,NULL),(566,1,1,49.59931700,18.51831400,1710001420,96,NULL,NULL,NULL),(567,1,1,49.59941600,18.51817000,1710001424,97,NULL,NULL,NULL),(568,1,1,49.59958200,18.51799500,1710001430,97,NULL,NULL,NULL),(569,1,1,49.59973700,18.51782900,1710001436,97,NULL,NULL,NULL),(570,1,1,49.59977000,18.51781100,1710001437,97,NULL,NULL,NULL),(571,1,1,49.59995300,18.51774800,1710001443,98,NULL,NULL,NULL),(572,1,1,49.60007200,18.51786900,1710001447,97,NULL,NULL,NULL),(573,1,1,49.60016800,18.51810700,1710001452,98,NULL,NULL,NULL),(574,1,1,49.60014200,18.51842500,1710001458,98,NULL,NULL,NULL),(575,1,1,49.60000300,18.51866500,1710001463,99,NULL,NULL,NULL),(576,1,1,49.59994500,18.51874000,1710001465,99,NULL,NULL,NULL),(577,1,1,49.59978900,18.51898200,1710001471,98,NULL,NULL,NULL),(578,1,1,49.59970300,18.51907500,1710001474,97,NULL,NULL,NULL),(579,1,1,49.59950600,18.51916900,1710001480,96,NULL,NULL,NULL),(580,1,1,49.59946700,18.51916100,1710001481,97,NULL,NULL,NULL),(581,1,1,49.59939900,18.51911700,1710001483,97,NULL,NULL,NULL),(582,1,1,49.59927500,18.51900600,1710001486,97,NULL,NULL,NULL),(583,1,1,49.59923900,18.51875500,1710001490,96,NULL,NULL,NULL),(584,1,1,49.59923500,18.51870900,1710001491,96,NULL,NULL,NULL),(585,1,1,49.59924000,18.51852700,1710001494,98,NULL,NULL,NULL),(586,1,1,49.59926600,18.51842400,1710001496,97,NULL,NULL,NULL),(587,1,1,49.59938100,18.51822300,1710001501,97,NULL,NULL,NULL),(588,1,1,49.59954400,18.51806100,1710001507,97,NULL,NULL,NULL),(589,1,1,49.59964800,18.51793500,1710001511,97,NULL,NULL,NULL),(590,1,1,49.59979800,18.51774500,1710001517,98,NULL,NULL,NULL),(591,1,1,49.59983000,18.51772900,1710001518,97,NULL,NULL,NULL),(592,1,1,49.59999500,18.51774300,1710001523,97,NULL,NULL,NULL),(593,1,1,49.60011000,18.51789400,1710001528,97,NULL,NULL,NULL),(594,1,1,49.60017300,18.51815000,1710001533,98,NULL,NULL,NULL),(595,1,1,49.60014400,18.51842400,1710001538,96,NULL,NULL,NULL),(596,1,1,49.60012400,18.51846800,1710001539,96,NULL,NULL,NULL),(597,1,1,49.60003900,18.51861400,1710001542,96,NULL,NULL,NULL),(598,1,1,49.59995000,18.51874600,1710001545,96,NULL,NULL,NULL),(599,1,1,49.59980100,18.51891900,1710001550,96,NULL,NULL,NULL),(600,1,1,49.59970600,18.51903000,1710001554,96,NULL,NULL,NULL),(601,1,1,49.59951300,18.51914300,1710001560,96,NULL,NULL,NULL),(602,1,1,49.59948000,18.51915400,1710001561,96,NULL,NULL,NULL),(603,1,1,49.59930000,18.51904500,1710001566,95,NULL,NULL,NULL),(604,1,1,49.59921700,18.51886100,1710001570,95,NULL,NULL,NULL),(605,1,1,49.59920400,18.51856100,1710001575,96,NULL,NULL,NULL),(606,1,1,49.59922800,18.51849600,1710001576,96,NULL,NULL,NULL),(607,1,1,49.59934200,18.51831900,1710001580,97,NULL,NULL,NULL),(608,1,1,49.59948800,18.51811900,1710001586,97,NULL,NULL,NULL),(609,1,1,49.59951000,18.51808800,1710001587,97,NULL,NULL,NULL),(610,1,1,49.59965100,18.51792000,1710001593,96,NULL,NULL,NULL),(611,1,1,49.59972700,18.51784300,1710001596,96,NULL,NULL,NULL),(612,1,1,49.59983600,18.51776600,1710001600,96,NULL,NULL,NULL),(613,1,1,49.59990000,18.51775400,1710001602,96,NULL,NULL,NULL),(614,1,1,49.60004800,18.51782400,1710001607,96,NULL,NULL,NULL),(615,1,1,49.60013500,18.51793500,1710001611,96,NULL,NULL,NULL),(616,1,1,49.60016700,18.51821000,1710001617,97,NULL,NULL,NULL),(617,1,1,49.60009600,18.51849200,1710001622,97,NULL,NULL,NULL),(618,1,1,49.60007700,18.51854600,1710001623,98,NULL,NULL,NULL),(619,1,1,49.59998100,18.51866400,1710001626,97,NULL,NULL,NULL),(620,1,1,49.59991300,18.51875800,1710001628,97,NULL,NULL,NULL),(621,1,1,49.59987200,18.51885100,1710001630,97,NULL,NULL,NULL),(622,1,1,49.59971300,18.51904500,1710001636,98,NULL,NULL,NULL),(623,1,1,49.59965300,18.51909300,1710001638,98,NULL,NULL,NULL),(624,1,1,49.59947400,18.51914000,1710001643,98,NULL,NULL,NULL),(625,1,1,49.59929900,18.51900500,1710001648,98,NULL,NULL,NULL),(626,1,1,49.59922500,18.51875100,1710001653,97,NULL,NULL,NULL),(627,1,1,49.59926500,18.51846500,1710001658,98,NULL,NULL,NULL),(628,1,1,49.59928400,18.51841200,1710001659,98,NULL,NULL,NULL),(629,1,1,49.59941700,18.51821300,1710001664,98,NULL,NULL,NULL),(630,1,1,49.59944300,18.51817300,1710001665,98,NULL,NULL,NULL),(631,1,1,49.59959500,18.51800500,1710001671,96,NULL,NULL,NULL),(632,1,1,49.59964100,18.51795500,1710001673,96,NULL,NULL,NULL),(633,1,1,49.59979300,18.51779100,1710001679,97,NULL,NULL,NULL),(634,1,1,49.59985300,18.51774900,1710001681,97,NULL,NULL,NULL),(635,1,1,49.60000900,18.51779600,1710001686,98,NULL,NULL,NULL),(636,1,1,49.60013200,18.51796000,1710001691,98,NULL,NULL,NULL),(637,1,1,49.60017800,18.51825300,1710001697,98,NULL,NULL,NULL),(638,1,1,49.60009200,18.51851300,1710001702,98,NULL,NULL,NULL),(639,1,1,49.59995800,18.51872700,1710001707,99,NULL,NULL,NULL),(640,1,1,49.59993300,18.51876400,1710001708,98,NULL,NULL,NULL),(641,1,1,49.59990800,18.51879900,1710001709,98,NULL,NULL,NULL),(642,1,1,49.59975200,18.51899400,1710001715,98,NULL,NULL,NULL),(643,1,1,49.59969300,18.51906700,1710001717,98,NULL,NULL,NULL),(644,1,1,49.59952000,18.51912800,1710001722,99,NULL,NULL,NULL),(645,1,1,49.59935100,18.51902600,1710001727,99,NULL,NULL,NULL),(646,1,1,49.59932500,18.51898300,1710001728,99,NULL,NULL,NULL),(647,1,1,49.59927100,18.51870400,1710001733,99,NULL,NULL,NULL),(648,1,1,49.59932000,18.51838900,1710001739,98,NULL,NULL,NULL),(649,1,1,49.59944000,18.51817600,1710001744,98,NULL,NULL,NULL),(650,1,1,49.59949100,18.51813100,1710001746,97,NULL,NULL,NULL),(651,1,1,49.59964700,18.51796300,1710001752,96,NULL,NULL,NULL),(652,1,1,49.59968800,18.51790900,1710001754,97,NULL,NULL,NULL),(653,1,1,49.59984900,18.51777600,1710001760,98,NULL,NULL,NULL),(654,1,1,49.59987800,18.51777200,1710001761,98,NULL,NULL,NULL),(655,1,1,49.59990800,18.51776800,1710001762,98,NULL,NULL,NULL),(656,1,1,49.59993800,18.51777100,1710001763,98,NULL,NULL,NULL),(657,1,1,49.60008700,18.51788100,1710001768,98,NULL,NULL,NULL),(658,1,1,49.60016600,18.51810300,1710001773,98,NULL,NULL,NULL),(659,1,1,49.60013600,18.51842100,1710001779,98,NULL,NULL,NULL),(660,1,1,49.60006900,18.51853300,1710001782,98,NULL,NULL,NULL),(661,1,1,49.59999700,18.51865800,1710001785,98,NULL,NULL,NULL),(662,1,1,49.59986500,18.51885700,1710001790,98,NULL,NULL,NULL),(663,1,1,49.59975600,18.51898800,1710001794,98,NULL,NULL,NULL),(664,1,1,49.59957800,18.51914600,1710001800,99,NULL,NULL,NULL),(665,1,1,49.59950800,18.51915300,1710001802,98,NULL,NULL,NULL),(666,1,1,49.59931100,18.51902700,1710001807,97,NULL,NULL,NULL),(667,1,1,49.59919900,18.51877000,1710001813,98,NULL,NULL,NULL),(668,1,1,49.59923600,18.51846700,1710001818,97,NULL,NULL,NULL),(669,1,1,49.59925700,18.51840700,1710001819,98,NULL,NULL,NULL),(670,1,1,49.59938200,18.51822900,1710001824,97,NULL,NULL,NULL),(671,1,1,49.59953100,18.51805400,1710001830,96,NULL,NULL,NULL),(672,1,1,49.59955500,18.51803600,1710001831,96,NULL,NULL,NULL),(673,1,1,49.59969900,18.51788600,1710001837,96,NULL,NULL,NULL),(674,1,1,49.59980900,18.51779500,1710001841,95,NULL,NULL,NULL),(675,1,1,49.59999600,18.51780700,1710001847,96,NULL,NULL,NULL),(676,1,1,49.60014200,18.51799000,1710001853,96,NULL,NULL,NULL),(677,1,1,49.60015900,18.51826500,1710001859,97,NULL,NULL,NULL),(678,1,1,49.60011800,18.51841700,1710001862,96,NULL,NULL,NULL),(679,1,1,49.60006800,18.51858000,1710001865,96,NULL,NULL,NULL),(680,1,1,49.59992600,18.51878400,1710001870,96,NULL,NULL,NULL),(681,1,1,49.59990100,18.51882700,1710001871,96,NULL,NULL,NULL),(682,1,1,49.59976900,18.51902100,1710001876,96,NULL,NULL,NULL),(683,1,1,49.59959500,18.51913400,1710001882,96,NULL,NULL,NULL),(684,1,1,49.59940000,18.51910500,1710001888,96,NULL,NULL,NULL),(685,1,1,49.59924700,18.51892300,1710001894,97,NULL,NULL,NULL),(686,1,1,49.59922600,18.51868100,1710001899,97,NULL,NULL,NULL),(687,1,1,49.59930800,18.51842000,1710001903,97,NULL,NULL,NULL),(688,1,1,49.59935700,18.51833100,1710001905,97,NULL,NULL,NULL),(689,1,1,49.59949600,18.51808300,1710001911,97,NULL,NULL,NULL),(690,1,1,49.59957000,18.51800100,1710001914,97,NULL,NULL,NULL),(691,1,1,49.59972100,18.51782400,1710001920,98,NULL,NULL,NULL),(692,1,1,49.59981200,18.51777100,1710001923,99,NULL,NULL,NULL),(693,1,1,49.59998600,18.51779400,1710001929,98,NULL,NULL,NULL),(694,1,1,49.60011800,18.51800700,1710001935,99,NULL,NULL,NULL),(695,1,1,49.60015400,18.51828500,1710001940,98,NULL,NULL,NULL),(696,1,1,49.60013000,18.51843300,1710001943,99,NULL,NULL,NULL),(697,1,1,49.60008500,18.51852700,1710001945,100,NULL,NULL,NULL),(698,1,1,49.60005200,18.51856600,1710001946,100,NULL,NULL,NULL),(699,1,1,49.60002100,18.51860500,1710001947,100,NULL,NULL,NULL),(700,1,1,49.59989500,18.51881300,1710001952,98,NULL,NULL,NULL),(701,1,1,49.59987400,18.51885100,1710001953,98,NULL,NULL,NULL),(702,1,1,49.59982200,18.51892000,1710001955,98,NULL,NULL,NULL),(703,1,1,49.59965500,18.51906500,1710001961,98,NULL,NULL,NULL),(704,1,1,49.59957000,18.51912500,1710001963,97,NULL,NULL,NULL),(705,1,1,49.59938100,18.51908000,1710001968,98,NULL,NULL,NULL),(706,1,1,49.59923200,18.51885200,1710001974,98,NULL,NULL,NULL),(707,1,1,49.59920900,18.51865800,1710001978,97,NULL,NULL,NULL),(708,1,1,49.59921800,18.51861300,1710001979,98,NULL,NULL,NULL),(709,1,1,49.59932100,18.51833600,1710001984,98,NULL,NULL,NULL),(710,1,1,49.59934400,18.51829200,1710001985,98,NULL,NULL,NULL),(711,1,1,49.59950300,18.51807800,1710001991,98,NULL,NULL,NULL),(712,1,1,49.59955300,18.51803300,1710001993,98,NULL,NULL,NULL),(713,1,1,49.59969400,18.51786900,1710001999,98,NULL,NULL,NULL),(714,1,1,49.59977300,18.51779000,1710002002,97,NULL,NULL,NULL),(715,1,1,49.59982800,18.51776300,1710002004,98,NULL,NULL,NULL),(716,1,1,49.60001300,18.51781100,1710002010,99,NULL,NULL,NULL),(717,1,1,49.60014500,18.51799900,1710002015,98,NULL,NULL,NULL),(718,1,1,49.60016300,18.51822600,1710002020,99,NULL,NULL,NULL),(719,1,1,49.60009900,18.51847500,1710002025,99,NULL,NULL,NULL),(720,1,1,49.59996000,18.51871700,1710002030,98,NULL,NULL,NULL),(721,1,1,49.59993500,18.51876200,1710002031,98,NULL,NULL,NULL),(722,1,1,49.59979000,18.51895100,1710002036,98,NULL,NULL,NULL),(723,1,1,49.59969400,18.51907400,1710002040,98,NULL,NULL,NULL),(724,1,1,49.59950800,18.51916900,1710002046,99,NULL,NULL,NULL),(725,1,1,49.59932100,18.51905100,1710002051,99,NULL,NULL,NULL),(726,1,1,49.59922700,18.51885200,1710002056,99,NULL,NULL,NULL),(727,1,1,49.59924600,18.51855600,1710002061,98,NULL,NULL,NULL),(728,1,1,49.59926400,18.51848300,1710002062,98,NULL,NULL,NULL),(729,1,1,49.59937500,18.51827100,1710002067,98,NULL,NULL,NULL),(730,1,1,49.59952400,18.51807300,1710002073,98,NULL,NULL,NULL),(731,1,1,49.59966800,18.51791700,1710002079,97,NULL,NULL,NULL),(732,1,1,49.59978100,18.51782900,1710002083,97,NULL,NULL,NULL),(733,1,1,49.59993900,18.51779300,1710002088,97,NULL,NULL,NULL),(734,1,1,49.60009800,18.51790900,1710002094,98,NULL,NULL,NULL),(735,1,1,49.60016600,18.51816100,1710002099,97,NULL,NULL,NULL),(736,1,1,49.60014500,18.51836900,1710002104,97,NULL,NULL,NULL),(737,1,1,49.60000100,18.51860900,1710002110,97,NULL,NULL,NULL),(738,1,1,49.59987600,18.51880000,1710002115,97,NULL,NULL,NULL),(739,1,1,49.59977300,18.51896200,1710002119,96,NULL,NULL,NULL),(740,1,1,49.59960500,18.51907900,1710002125,97,NULL,NULL,NULL),(741,1,1,49.59952400,18.51908800,1710002127,97,NULL,NULL,NULL),(742,1,1,49.59931500,18.51902900,1710002133,98,NULL,NULL,NULL),(743,1,1,49.59929000,18.51899200,1710002134,98,NULL,NULL,NULL),(744,1,1,49.59921500,18.51869900,1710002140,97,NULL,NULL,NULL),(745,1,1,49.59928900,18.51843600,1710002145,96,NULL,NULL,NULL),(746,1,1,49.59930900,18.51838800,1710002146,96,NULL,NULL,NULL),(747,1,1,49.59943800,18.51813300,1710002152,96,NULL,NULL,NULL),(748,1,1,49.59959200,18.51798100,1710002158,96,NULL,NULL,NULL),(749,1,1,49.59964000,18.51793200,1710002160,97,NULL,NULL,NULL),(750,1,1,49.59978600,18.51776100,1710002166,96,NULL,NULL,NULL),(751,1,1,49.59984300,18.51772900,1710002168,96,NULL,NULL,NULL),(752,1,1,49.59999800,18.51777800,1710002173,98,NULL,NULL,NULL),(753,1,1,49.60011200,18.51793700,1710002178,97,NULL,NULL,NULL),(754,1,1,49.60014700,18.51812800,1710002182,98,NULL,NULL,NULL),(755,1,1,49.60014200,18.51817600,1710002183,98,NULL,NULL,NULL),(756,1,1,49.60010300,18.51837600,1710002187,98,NULL,NULL,NULL),(757,1,1,49.60009000,18.51841900,1710002188,98,NULL,NULL,NULL),(758,1,1,49.60004400,18.51858000,1710002191,99,NULL,NULL,NULL),(759,1,1,49.59996900,18.51871100,1710002194,99,NULL,NULL,NULL),(760,1,1,49.59982100,18.51892500,1710002200,98,NULL,NULL,NULL),(761,1,1,49.59973700,18.51904900,1710002203,99,NULL,NULL,NULL),(762,1,1,49.59955900,18.51918300,1710002208,100,NULL,NULL,NULL),(763,1,1,49.59946800,18.51917400,1710002210,99,NULL,NULL,NULL),(764,1,1,49.59929400,18.51904300,1710002215,99,NULL,NULL,NULL),(765,1,1,49.59922400,18.51881400,1710002219,98,NULL,NULL,NULL),(766,1,1,49.59922200,18.51869300,1710002221,98,NULL,NULL,NULL),(767,1,1,49.59927900,18.51840200,1710002226,99,NULL,NULL,NULL),(768,1,1,49.59930000,18.51834500,1710002227,98,NULL,NULL,NULL),(769,1,1,49.59943400,18.51818300,1710002232,98,NULL,NULL,NULL),(770,1,1,49.59946500,18.51814400,1710002233,98,NULL,NULL,NULL),(771,1,1,49.59961500,18.51794900,1710002239,97,NULL,NULL,NULL),(772,1,1,49.59968900,18.51786300,1710002242,97,NULL,NULL,NULL),(773,1,1,49.59971000,18.51782500,1710002243,97,NULL,NULL,NULL),(774,1,1,49.59987800,18.51769300,1710002249,98,NULL,NULL,NULL),(775,1,1,49.60006000,18.51779700,1710002255,98,NULL,NULL,NULL),(776,1,1,49.60012700,18.51791200,1710002258,98,NULL,NULL,NULL),(777,1,1,49.60015500,18.51801300,1710002260,98,NULL,NULL,NULL),(778,1,1,49.60016400,18.51821100,1710002264,98,NULL,NULL,NULL),(779,1,1,49.60014400,18.51831100,1710002266,98,NULL,NULL,NULL),(780,1,1,49.60006000,18.51851700,1710002271,99,NULL,NULL,NULL),(781,1,1,49.60001500,18.51859900,1710002273,99,NULL,NULL,NULL),(782,1,1,49.59988100,18.51882800,1710002279,97,NULL,NULL,NULL),(783,1,1,49.59980200,18.51892800,1710002282,98,NULL,NULL,NULL),(784,1,1,49.59962900,18.51910200,1710002287,99,NULL,NULL,NULL),(785,1,1,49.59955400,18.51913400,1710002289,99,NULL,NULL,NULL),(786,1,1,49.59935600,18.51906700,1710002294,99,NULL,NULL,NULL),(787,1,1,49.59924000,18.51880600,1710002300,97,NULL,NULL,NULL),(788,1,1,49.59922900,18.51869200,1710002302,98,NULL,NULL,NULL),(789,1,1,49.59925600,18.51847700,1710002306,97,NULL,NULL,NULL),(790,1,1,49.59938100,18.51824100,1710002311,97,NULL,NULL,NULL),(791,1,1,49.59954400,18.51803300,1710002317,98,NULL,NULL,NULL),(792,1,1,49.59965400,18.51783700,1710002322,98,NULL,NULL,NULL),(793,1,1,49.59982400,18.51770900,1710002328,97,NULL,NULL,NULL),(794,1,1,49.59986300,18.51771100,1710002329,97,NULL,NULL,NULL),(795,1,1,49.60005100,18.51780800,1710002335,99,NULL,NULL,NULL),(796,1,1,49.60015100,18.51801300,1710002340,98,NULL,NULL,NULL),(797,1,1,49.60014700,18.51830500,1710002346,99,NULL,NULL,NULL),(798,1,1,49.60010200,18.51843200,1710002349,99,NULL,NULL,NULL),(799,1,1,49.60004600,18.51854500,1710002352,99,NULL,NULL,NULL),(800,1,1,49.59991200,18.51876700,1710002356,98,NULL,NULL,NULL),(801,1,1,49.59976000,18.51898700,1710002362,98,NULL,NULL,NULL),(802,1,1,49.59973500,18.51902200,1710002363,97,NULL,NULL,NULL),(803,1,1,49.59955200,18.51909900,1710002369,97,NULL,NULL,NULL),(804,1,1,49.59936700,18.51901800,1710002374,98,NULL,NULL,NULL),(805,1,1,49.59934000,18.51897900,1710002375,97,NULL,NULL,NULL),(806,1,1,49.59925900,18.51872300,1710002380,96,NULL,NULL,NULL),(807,1,1,49.59924600,18.51862100,1710002382,96,NULL,NULL,NULL),(808,1,1,49.59928100,18.51840100,1710002386,96,NULL,NULL,NULL),(809,1,1,49.59938600,18.51817800,1710002391,96,NULL,NULL,NULL),(810,1,1,49.59941100,18.51813900,1710002392,97,NULL,NULL,NULL),(811,1,1,49.59955400,18.51791900,1710002398,96,NULL,NULL,NULL),(812,1,1,49.59959800,18.51784400,1710002400,95,NULL,NULL,NULL),(813,1,1,49.59976200,18.51769500,1710002406,96,NULL,NULL,NULL),(814,1,1,49.59982300,18.51770000,1710002408,96,NULL,NULL,NULL),(815,1,1,49.59998100,18.51771500,1710002413,95,NULL,NULL,NULL),(816,1,1,49.60012800,18.51788500,1710002418,96,NULL,NULL,NULL),(817,1,1,49.60018200,18.51817300,1710002423,97,NULL,NULL,NULL),(818,1,1,49.60018800,18.51823100,1710002424,97,NULL,NULL,NULL),(819,1,1,49.60013700,18.51848500,1710002429,97,NULL,NULL,NULL),(820,1,1,49.60005200,18.51858500,1710002432,98,NULL,NULL,NULL),(821,1,1,49.59992400,18.51877000,1710002437,98,NULL,NULL,NULL),(822,1,1,49.59977500,18.51896800,1710002443,98,NULL,NULL,NULL),(823,1,1,49.59974600,18.51901200,1710002444,98,NULL,NULL,NULL),(824,1,1,49.59965000,18.51909600,1710002447,97,NULL,NULL,NULL),(825,1,1,49.59944200,18.51910500,1710002452,97,NULL,NULL,NULL),(826,1,1,49.59928100,18.51894300,1710002457,98,NULL,NULL,NULL),(827,1,1,49.59919700,18.51872200,1710002462,97,NULL,NULL,NULL),(828,1,1,49.59919900,18.51862300,1710002464,97,NULL,NULL,NULL),(829,1,1,49.59926900,18.51845400,1710002467,97,NULL,NULL,NULL),(830,1,1,49.59929100,18.51841500,1710002468,97,NULL,NULL,NULL),(831,1,1,49.59939500,18.51818300,1710002472,96,NULL,NULL,NULL),(832,1,1,49.59946300,18.51804900,1710002475,97,NULL,NULL,NULL),(833,1,1,49.59962000,18.51786600,1710002481,96,NULL,NULL,NULL),(834,1,1,49.59967600,18.51781100,1710002483,96,NULL,NULL,NULL),(835,1,1,49.59979300,18.51770000,1710002487,97,NULL,NULL,NULL),(836,1,1,49.59988500,18.51766600,1710002490,98,NULL,NULL,NULL),(837,1,1,49.60003300,18.51775000,1710002495,97,NULL,NULL,NULL),(838,1,1,49.60013600,18.51798000,1710002500,98,NULL,NULL,NULL),(839,1,1,49.60016300,18.51829500,1710002506,97,NULL,NULL,NULL),(840,1,1,49.60006100,18.51855000,1710002512,96,NULL,NULL,NULL),(841,1,1,49.59995600,18.51873700,1710002516,97,NULL,NULL,NULL),(842,1,1,49.59989300,18.51883000,1710002519,97,NULL,NULL,NULL),(843,1,1,49.59975700,18.51897900,1710002523,97,NULL,NULL,NULL),(844,1,1,49.59960800,18.51911100,1710002528,96,NULL,NULL,NULL),(845,1,1,49.59942400,18.51908700,1710002533,96,NULL,NULL,NULL),(846,1,1,49.59926500,18.51887500,1710002539,96,NULL,NULL,NULL),(847,1,1,49.59923400,18.51859300,1710002544,96,NULL,NULL,NULL),(848,1,1,49.59924200,18.51852900,1710002545,96,NULL,NULL,NULL),(849,1,1,49.59933200,18.51828000,1710002550,96,NULL,NULL,NULL),(850,1,1,49.59948400,18.51805000,1710002556,97,NULL,NULL,NULL),(851,1,1,49.59952900,18.51798300,1710002558,95,NULL,NULL,NULL),(852,1,1,49.59968100,18.51780800,1710002564,96,NULL,NULL,NULL),(853,1,1,49.59983300,18.51774200,1710002569,95,NULL,NULL,NULL),(854,1,1,49.59992800,18.51772200,1710002572,95,NULL,NULL,NULL),(855,1,1,49.59995800,18.51773300,1710002573,95,NULL,NULL,NULL),(856,1,1,49.60001400,18.51776600,1710002575,95,NULL,NULL,NULL),(857,1,1,49.60011500,18.51791500,1710002580,95,NULL,NULL,NULL),(858,1,1,49.60014700,18.51820700,1710002586,95,NULL,NULL,NULL),(859,1,1,49.60012500,18.51842600,1710002590,94,NULL,NULL,NULL),(860,1,1,49.60008800,18.51850900,1710002592,94,NULL,NULL,NULL),(861,1,1,49.59994200,18.51871400,1710002598,94,NULL,NULL,NULL),(862,1,1,49.59987000,18.51881300,1710002601,95,NULL,NULL,NULL),(863,1,1,49.59975100,18.51901900,1710002607,96,NULL,NULL,NULL),(864,1,1,49.59967200,18.51909800,1710002610,95,NULL,NULL,NULL),(865,1,1,49.59945600,18.51908700,1710002615,96,NULL,NULL,NULL),(866,1,1,49.59930900,18.51892400,1710002620,94,NULL,NULL,NULL),(867,1,1,49.59929200,18.51887200,1710002621,94,NULL,NULL,NULL),(868,1,1,49.59925000,18.51873300,1710002624,96,NULL,NULL,NULL),(869,1,1,49.59924800,18.51855900,1710002627,95,NULL,NULL,NULL),(870,1,1,49.59934300,18.51830200,1710002632,95,NULL,NULL,NULL),(871,1,1,49.59947100,18.51804500,1710002638,93,NULL,NULL,NULL),(872,1,1,49.59949600,18.51801300,1710002639,93,NULL,NULL,NULL),(873,1,1,49.59964400,18.51784900,1710002645,94,NULL,NULL,NULL),(874,1,1,49.59976700,18.51771200,1710002650,94,NULL,NULL,NULL),(875,1,1,49.59990700,18.51770400,1710002655,95,NULL,NULL,NULL),(876,1,1,49.60007100,18.51782400,1710002661,97,NULL,NULL,NULL),(877,1,1,49.60009000,18.51785000,1710002662,97,NULL,NULL,NULL),(878,1,1,49.60016000,18.51807600,1710002667,95,NULL,NULL,NULL),(879,1,1,49.60013000,18.51838000,1710002673,96,NULL,NULL,NULL),(880,1,1,49.60007400,18.51849200,1710002676,97,NULL,NULL,NULL),(881,1,1,49.59999400,18.51863400,1710002680,95,NULL,NULL,NULL),(882,1,1,49.59984300,18.51886700,1710002686,96,NULL,NULL,NULL),(883,1,1,49.59980700,18.51891500,1710002687,96,NULL,NULL,NULL),(884,1,1,49.59964000,18.51907400,1710002693,97,NULL,NULL,NULL),(885,1,1,49.59955600,18.51909600,1710002695,95,NULL,NULL,NULL),(886,1,1,49.59934500,18.51907100,1710002700,96,NULL,NULL,NULL),(887,1,1,49.59931700,18.51905000,1710002701,96,NULL,NULL,NULL),(888,1,1,49.59920900,18.51883700,1710002706,97,NULL,NULL,NULL),(889,1,1,49.59923200,18.51851400,1710002711,98,NULL,NULL,NULL),(890,1,1,49.59925600,18.51845800,1710002712,98,NULL,NULL,NULL),(891,1,1,49.59930100,18.51834100,1710002714,97,NULL,NULL,NULL),(892,1,1,49.59937200,18.51820300,1710002717,97,NULL,NULL,NULL),(893,1,1,49.59951600,18.51798200,1710002723,96,NULL,NULL,NULL),(894,1,1,49.59957100,18.51792800,1710002725,97,NULL,NULL,NULL),(895,1,1,49.59972600,18.51777600,1710002731,97,NULL,NULL,NULL),(896,1,1,49.59981800,18.51773200,1710002734,97,NULL,NULL,NULL),(897,1,1,49.59997500,18.51776100,1710002739,97,NULL,NULL,NULL),(898,1,1,49.60009700,18.51793100,1710002744,98,NULL,NULL,NULL),(899,1,1,49.60015600,18.51824000,1710002750,97,NULL,NULL,NULL),(900,1,1,49.60011400,18.51854400,1710002755,96,NULL,NULL,NULL),(901,1,1,49.60009000,18.51858700,1710002756,96,NULL,NULL,NULL),(902,1,1,49.59993600,18.51876900,1710002762,96,NULL,NULL,NULL),(903,1,1,49.59981800,18.51893500,1710002767,96,NULL,NULL,NULL),(904,1,1,49.59979100,18.51896300,1710002768,96,NULL,NULL,NULL),(905,1,1,49.59961500,18.51910000,1710002774,96,NULL,NULL,NULL),(906,1,1,49.59946300,18.51909200,1710002778,97,NULL,NULL,NULL),(907,1,1,49.59941900,18.51907500,1710002779,97,NULL,NULL,NULL),(908,1,1,49.59925500,18.51887900,1710002784,97,NULL,NULL,NULL),(909,1,1,49.59923300,18.51882600,1710002785,97,NULL,NULL,NULL),(910,1,1,49.59921100,18.51866400,1710002788,98,NULL,NULL,NULL),(911,1,1,49.59924000,18.51856300,1710002790,98,NULL,NULL,NULL),(912,1,1,49.59934700,18.51833100,1710002795,97,NULL,NULL,NULL),(913,1,1,49.59937500,18.51828700,1710002796,98,NULL,NULL,NULL),(914,1,1,49.59951800,18.51805600,1710002802,97,NULL,NULL,NULL),(915,1,1,49.59966700,18.51784900,1710002808,98,NULL,NULL,NULL),(916,1,1,49.59969200,18.51782300,1710002809,99,NULL,NULL,NULL),(917,1,1,49.59988600,18.51777300,1710002815,97,NULL,NULL,NULL),(918,1,1,49.60007300,18.51788800,1710002821,99,NULL,NULL,NULL),(919,1,1,49.60013200,18.51798700,1710002824,98,NULL,NULL,NULL),(920,1,1,49.60017000,18.51813300,1710002827,97,NULL,NULL,NULL),(921,1,1,49.60015700,18.51842500,1710002832,97,NULL,NULL,NULL),(922,1,1,49.60014400,18.51847500,1710002833,98,NULL,NULL,NULL),(923,1,1,49.60009700,18.51855100,1710002835,97,NULL,NULL,NULL),(924,1,1,49.59999300,18.51873800,1710002840,98,NULL,NULL,NULL),(925,1,1,49.59984300,18.51895700,1710002846,96,NULL,NULL,NULL),(926,1,1,49.59974700,18.51906600,1710002850,97,NULL,NULL,NULL),(927,1,1,49.59954700,18.51913400,1710002855,96,NULL,NULL,NULL),(928,1,1,49.59951000,18.51913500,1710002856,96,NULL,NULL,NULL),(929,1,1,49.59934100,18.51903800,1710002861,96,NULL,NULL,NULL),(930,1,1,49.59931500,18.51900000,1710002862,97,NULL,NULL,NULL),(931,1,1,49.59924800,18.51877100,1710002866,98,NULL,NULL,NULL),(932,1,1,49.59923600,18.51870200,1710002867,98,NULL,NULL,NULL),(933,1,1,49.59923700,18.51856000,1710002869,98,NULL,NULL,NULL),(934,1,1,49.59927300,18.51841600,1710002872,99,NULL,NULL,NULL),(935,1,1,49.59938400,18.51820500,1710002877,97,NULL,NULL,NULL),(936,1,1,49.59954200,18.51801500,1710002883,98,NULL,NULL,NULL),(937,1,1,49.59966300,18.51784900,1710002888,97,NULL,NULL,NULL),(938,1,1,49.59984100,18.51772700,1710002894,96,NULL,NULL,NULL),(939,1,1,49.59987000,18.51772400,1710002895,97,NULL,NULL,NULL),(940,1,1,49.59990200,18.51772500,1710002896,97,NULL,NULL,NULL),(941,1,1,49.60006000,18.51781600,1710002901,97,NULL,NULL,NULL),(942,1,1,49.60014500,18.51801900,1710002906,97,NULL,NULL,NULL),(943,1,1,49.60014500,18.51833900,1710002912,98,NULL,NULL,NULL),(944,1,1,49.60010400,18.51852100,1710002916,98,NULL,NULL,NULL),(945,1,1,49.60001800,18.51865300,1710002919,98,NULL,NULL,NULL),(946,1,1,49.59987900,18.51885800,1710002925,96,NULL,NULL,NULL),(947,1,1,49.59972100,18.51905200,1710002931,98,NULL,NULL,NULL),(948,1,1,49.59968500,18.51908000,1710002932,98,NULL,NULL,NULL),(949,1,1,49.59947800,18.51910700,1710002937,98,NULL,NULL,NULL),(950,1,1,49.59930300,18.51897300,1710002942,98,NULL,NULL,NULL),(951,1,1,49.59927800,18.51893300,1710002943,97,NULL,NULL,NULL),(952,1,1,49.59923100,18.51869000,1710002948,97,NULL,NULL,NULL),(953,1,1,49.59923700,18.51857200,1710002950,98,NULL,NULL,NULL),(954,1,1,49.59925300,18.51851100,1710002951,98,NULL,NULL,NULL),(955,1,1,49.59928900,18.51840800,1710002953,98,NULL,NULL,NULL),(956,1,1,49.59943600,18.51817000,1710002959,97,NULL,NULL,NULL),(957,1,1,49.59956800,18.51802100,1710002964,97,NULL,NULL,NULL),(958,1,1,49.59967000,18.51788400,1710002968,97,NULL,NULL,NULL),(959,1,1,49.59985500,18.51778200,1710002974,98,NULL,NULL,NULL),(960,1,1,49.59991900,18.51777200,1710002976,98,NULL,NULL,NULL),(961,1,1,49.60004400,18.51783900,1710002980,99,NULL,NULL,NULL),(962,1,1,49.60007300,18.51786600,1710002981,99,NULL,NULL,NULL),(963,1,1,49.60016500,18.51807400,1710002986,98,NULL,NULL,NULL),(964,1,1,49.60018300,18.51835900,1710002991,98,NULL,NULL,NULL),(965,1,1,49.60011800,18.51852800,1710002995,99,NULL,NULL,NULL),(966,1,1,49.60008800,18.51856300,1710002996,99,NULL,NULL,NULL),(967,1,1,49.59994200,18.51876300,1710003001,98,NULL,NULL,NULL),(968,1,1,49.59988900,18.51883000,1710003003,98,NULL,NULL,NULL),(969,1,1,49.59977100,18.51897700,1710003008,100,NULL,NULL,NULL),(970,1,1,49.59967500,18.51907700,1710003011,99,NULL,NULL,NULL),(971,1,1,49.59947300,18.51913100,1710003016,98,NULL,NULL,NULL),(972,1,1,49.59942600,18.51911900,1710003017,98,NULL,NULL,NULL),(973,1,1,49.59925700,18.51895500,1710003022,99,NULL,NULL,NULL),(974,1,1,49.59923800,18.51890100,1710003023,99,NULL,NULL,NULL),(975,1,1,49.59922600,18.51884700,1710003024,100,NULL,NULL,NULL),(976,1,1,49.59923200,18.51857500,1710003029,99,NULL,NULL,NULL),(977,1,1,49.59926400,18.51846100,1710003031,99,NULL,NULL,NULL),(978,1,1,49.59935900,18.51825400,1710003035,99,NULL,NULL,NULL),(979,1,1,49.59951300,18.51804600,1710003041,99,NULL,NULL,NULL),(980,1,1,49.59967600,18.51784400,1710003047,99,NULL,NULL,NULL),(981,1,1,49.59985000,18.51773600,1710003053,99,NULL,NULL,NULL),(982,1,1,49.60005200,18.51781300,1710003059,99,NULL,NULL,NULL),(983,1,1,49.60015700,18.51801500,1710003064,99,NULL,NULL,NULL),(984,1,1,49.60016800,18.51828500,1710003069,99,NULL,NULL,NULL),(985,1,1,49.60011600,18.51850900,1710003074,99,NULL,NULL,NULL),(986,1,1,49.60009700,18.51854800,1710003075,99,NULL,NULL,NULL),(987,1,1,49.59993700,18.51873800,1710003081,98,NULL,NULL,NULL),(988,1,1,49.59986800,18.51886700,1710003084,97,NULL,NULL,NULL),(989,1,1,49.59983400,18.51892100,1710003086,97,NULL,NULL,NULL),(990,1,1,49.59980800,18.51896200,1710003087,98,NULL,NULL,NULL),(991,1,1,49.59962400,18.51909800,1710003092,97,NULL,NULL,NULL),(992,1,1,49.59941000,18.51912800,1710003097,98,NULL,NULL,NULL),(993,1,1,49.59934300,18.51907800,1710003099,98,NULL,NULL,NULL),(994,1,1,49.59926000,18.51887300,1710003103,97,NULL,NULL,NULL),(995,1,1,49.59922100,18.51863200,1710003108,97,NULL,NULL,NULL),(996,1,1,49.59922800,18.51858700,1710003109,97,NULL,NULL,NULL),(997,1,1,49.59932100,18.51832300,1710003114,98,NULL,NULL,NULL),(998,1,1,49.59944700,18.51810300,1710003119,99,NULL,NULL,NULL),(999,1,1,49.59949800,18.51804000,1710003121,99,NULL,NULL,NULL),(1000,1,1,49.59964200,18.51783600,1710003127,99,NULL,NULL,NULL),(1001,1,1,49.59981200,18.51771400,1710003133,99,NULL,NULL,NULL),(1002,1,1,49.60001100,18.51776200,1710003138,99,NULL,NULL,NULL),(1003,1,1,49.60016600,18.51792100,1710003143,99,NULL,NULL,NULL),(1004,1,1,49.60017300,18.51796700,1710003144,99,NULL,NULL,NULL),(1005,1,1,49.60019400,18.51829000,1710003150,99,NULL,NULL,NULL),(1006,1,1,49.60009900,18.51857500,1710003156,100,NULL,NULL,NULL),(1007,1,1,49.60007200,18.51860800,1710003157,99,NULL,NULL,NULL),(1008,1,1,49.60004300,18.51864000,1710003158,99,NULL,NULL,NULL),(1009,1,1,49.59989100,18.51884100,1710003164,98,NULL,NULL,NULL),(1010,1,1,49.59982600,18.51893000,1710003167,97,NULL,NULL,NULL),(1011,1,1,49.59965400,18.51904300,1710003172,98,NULL,NULL,NULL),(1012,1,1,49.59961300,18.51904600,1710003173,98,NULL,NULL,NULL),(1013,1,1,49.59940600,18.51901200,1710003178,98,NULL,NULL,NULL),(1014,1,1,49.59937500,18.51898400,1710003179,98,NULL,NULL,NULL),(1015,1,1,49.59924600,18.51876300,1710003184,98,NULL,NULL,NULL),(1016,1,1,49.59923600,18.51871400,1710003185,98,NULL,NULL,NULL),(1017,1,1,49.59925000,18.51846200,1710003190,98,NULL,NULL,NULL),(1018,1,1,49.59928800,18.51837200,1710003192,98,NULL,NULL,NULL),(1019,1,1,49.59933500,18.51828100,1710003194,97,NULL,NULL,NULL),(1020,1,1,49.59938400,18.51820600,1710003196,97,NULL,NULL,NULL),(1021,1,1,49.59953600,18.51799800,1710003202,96,NULL,NULL,NULL),(1022,1,1,49.59966000,18.51788000,1710003207,95,NULL,NULL,NULL),(1023,1,1,49.59983600,18.51775700,1710003213,96,NULL,NULL,NULL),(1024,1,1,49.59986800,18.51775200,1710003214,96,NULL,NULL,NULL),(1025,1,1,49.59990400,18.51775800,1710003215,96,NULL,NULL,NULL),(1026,1,1,49.60004900,18.51782400,1710003220,96,NULL,NULL,NULL),(1027,1,1,49.60017100,18.51803400,1710003225,97,NULL,NULL,NULL),(1028,1,1,49.60020400,18.51819000,1710003228,98,NULL,NULL,NULL),(1029,1,1,49.60020400,18.51836400,1710003231,97,NULL,NULL,NULL),(1030,1,1,49.60011500,18.51855700,1710003236,97,NULL,NULL,NULL),(1031,1,1,49.60009100,18.51858200,1710003237,97,NULL,NULL,NULL),(1032,1,1,49.59994000,18.51875800,1710003242,95,NULL,NULL,NULL),(1033,1,1,49.59990900,18.51878900,1710003243,95,NULL,NULL,NULL),(1034,1,1,49.59975800,18.51898400,1710003249,95,NULL,NULL,NULL),(1035,1,1,49.59971000,18.51902900,1710003251,95,NULL,NULL,NULL),(1036,1,1,49.59954800,18.51906400,1710003256,96,NULL,NULL,NULL),(1037,1,1,49.59936200,18.51899700,1710003261,95,NULL,NULL,NULL),(1038,1,1,49.59933300,18.51896600,1710003262,96,NULL,NULL,NULL),(1039,1,1,49.59923800,18.51867800,1710003268,96,NULL,NULL,NULL),(1040,1,1,49.59923400,18.51862900,1710003269,96,NULL,NULL,NULL),(1041,1,1,49.59928000,18.51839400,1710003274,97,NULL,NULL,NULL),(1042,1,1,49.59938200,18.51816600,1710003279,97,NULL,NULL,NULL),(1043,1,1,49.59941000,18.51813900,1710003280,97,NULL,NULL,NULL),(1044,1,1,49.59943500,18.51811200,1710003281,97,NULL,NULL,NULL),(1045,1,1,49.59958500,18.51792200,1710003287,97,NULL,NULL,NULL),(1046,1,1,49.59963200,18.51786600,1710003289,98,NULL,NULL,NULL),(1047,1,1,49.59971400,18.51779600,1710003292,97,NULL,NULL,NULL),(1048,1,1,49.59991000,18.51776300,1710003298,97,NULL,NULL,NULL),(1049,1,1,49.59994700,18.51777600,1710003299,97,NULL,NULL,NULL),(1050,1,1,49.60010200,18.51791600,1710003304,97,NULL,NULL,NULL),(1051,1,1,49.60016400,18.51816000,1710003309,99,NULL,NULL,NULL),(1052,1,1,49.60013100,18.51845300,1710003315,98,NULL,NULL,NULL),(1053,1,1,49.60010400,18.51849600,1710003316,98,NULL,NULL,NULL),(1054,1,1,49.59997000,18.51870100,1710003322,99,NULL,NULL,NULL),(1055,1,1,49.59981600,18.51888300,1710003328,97,NULL,NULL,NULL),(1056,1,1,49.59973100,18.51899400,1710003331,97,NULL,NULL,NULL),(1057,1,1,49.59953800,18.51906900,1710003336,97,NULL,NULL,NULL),(1058,1,1,49.59949000,18.51908100,1710003337,97,NULL,NULL,NULL),(1059,1,1,49.59930200,18.51899100,1710003342,98,NULL,NULL,NULL),(1060,1,1,49.59921500,18.51873800,1710003347,98,NULL,NULL,NULL),(1061,1,1,49.59925900,18.51848000,1710003352,98,NULL,NULL,NULL),(1062,1,1,49.59932800,18.51832900,1710003355,98,NULL,NULL,NULL),(1063,1,1,49.59941000,18.51820600,1710003358,98,NULL,NULL,NULL),(1064,1,1,49.59955300,18.51800300,1710003364,98,NULL,NULL,NULL),(1065,1,1,49.59963900,18.51788200,1710003368,97,NULL,NULL,NULL),(1066,1,1,49.59981900,18.51775700,1710003374,97,NULL,NULL,NULL),(1067,1,1,49.59999500,18.51780200,1710003379,98,NULL,NULL,NULL),(1068,1,1,49.60011500,18.51793300,1710003384,98,NULL,NULL,NULL),(1069,1,1,49.60016900,18.51819700,1710003389,97,NULL,NULL,NULL),(1070,1,1,49.60013600,18.51840800,1710003393,96,NULL,NULL,NULL),(1071,1,1,49.60012600,18.51844500,1710003394,96,NULL,NULL,NULL),(1072,1,1,49.60007400,18.51858000,1710003398,96,NULL,NULL,NULL),(1073,1,1,49.60003500,18.51863500,1710003400,96,NULL,NULL,NULL),(1074,1,1,49.59993700,18.51877900,1710003404,94,NULL,NULL,NULL),(1075,1,1,49.59988800,18.51888500,1710003407,95,NULL,NULL,NULL),(1076,1,1,49.59971800,18.51907100,1710003413,98,NULL,NULL,NULL),(1077,1,1,49.59964500,18.51910000,1710003415,98,NULL,NULL,NULL),(1078,1,1,49.59943100,18.51908800,1710003420,97,NULL,NULL,NULL),(1079,1,1,49.59939300,18.51906600,1710003421,97,NULL,NULL,NULL),(1080,1,1,49.59925900,18.51882500,1710003426,97,NULL,NULL,NULL),(1081,1,1,49.59923500,18.51851800,1710003432,97,NULL,NULL,NULL),(1082,1,1,49.59932800,18.51827600,1710003437,96,NULL,NULL,NULL),(1083,1,1,49.59942600,18.51814700,1710003441,98,NULL,NULL,NULL),(1084,1,1,49.59949900,18.51804400,1710003444,98,NULL,NULL,NULL),(1085,1,1,49.59963500,18.51785400,1710003450,98,NULL,NULL,NULL),(1086,1,1,49.59973900,18.51774300,1710003454,97,NULL,NULL,NULL),(1087,1,1,49.59990600,18.51775700,1710003459,97,NULL,NULL,NULL),(1088,1,1,49.59999200,18.51782200,1710003461,98,NULL,NULL,NULL),(1089,1,1,49.60005000,18.51785700,1710003463,98,NULL,NULL,NULL),(1090,1,1,49.60010500,18.51792300,1710003465,99,NULL,NULL,NULL),(1091,1,1,49.60016700,18.51816200,1710003470,99,NULL,NULL,NULL),(1092,1,1,49.60012100,18.51845400,1710003476,98,NULL,NULL,NULL),(1093,1,1,49.60006700,18.51857000,1710003479,99,NULL,NULL,NULL),(1094,1,1,49.59997900,18.51870400,1710003483,99,NULL,NULL,NULL),(1095,1,1,49.59981900,18.51890700,1710003489,98,NULL,NULL,NULL),(1096,1,1,49.59975200,18.51899300,1710003492,98,NULL,NULL,NULL),(1097,1,1,49.59957000,18.51907800,1710003497,97,NULL,NULL,NULL),(1098,1,1,49.59953100,18.51909000,1710003498,98,NULL,NULL,NULL),(1099,1,1,49.59934100,18.51902200,1710003503,97,NULL,NULL,NULL),(1100,1,1,49.59930900,18.51898100,1710003504,97,NULL,NULL,NULL),(1101,1,1,49.59920500,18.51874100,1710003509,98,NULL,NULL,NULL),(1102,1,1,49.59920200,18.51868800,1710003510,97,NULL,NULL,NULL),(1103,1,1,49.59925100,18.51839500,1710003515,97,NULL,NULL,NULL),(1104,1,1,49.59926600,18.51834100,1710003516,97,NULL,NULL,NULL),(1105,1,1,49.59941400,18.51811600,1710003522,97,NULL,NULL,NULL),(1106,1,1,49.59955800,18.51793700,1710003528,96,NULL,NULL,NULL),(1107,1,1,49.59964700,18.51783100,1710003532,96,NULL,NULL,NULL),(1108,1,1,49.59976200,18.51775600,1710003536,97,NULL,NULL,NULL),(1109,1,1,49.59985400,18.51772200,1710003539,96,NULL,NULL,NULL),(1110,1,1,49.60000700,18.51778100,1710003544,97,NULL,NULL,NULL),(1111,1,1,49.60012200,18.51792700,1710003549,98,NULL,NULL,NULL),(1112,1,1,49.60013800,18.51797600,1710003550,98,NULL,NULL,NULL),(1113,1,1,49.60017200,18.51822200,1710003555,97,NULL,NULL,NULL),(1114,1,1,49.60014200,18.51836300,1710003558,99,NULL,NULL,NULL),(1115,1,1,49.60012800,18.51840200,1710003559,99,NULL,NULL,NULL),(1116,1,1,49.60007100,18.51855200,1710003562,98,NULL,NULL,NULL),(1117,1,1,49.59993000,18.51880700,1710003568,98,NULL,NULL,NULL),(1118,1,1,49.59981800,18.51895000,1710003572,98,NULL,NULL,NULL),(1119,1,1,49.59964200,18.51910200,1710003578,98,NULL,NULL,NULL),(1120,1,1,49.59957000,18.51911300,1710003580,97,NULL,NULL,NULL),(1121,1,1,49.59936500,18.51905600,1710003585,98,NULL,NULL,NULL),(1122,1,1,49.59923700,18.51880600,1710003591,98,NULL,NULL,NULL),(1123,1,1,49.59924500,18.51853800,1710003596,99,NULL,NULL,NULL),(1124,1,1,49.59934800,18.51828800,1710003601,99,NULL,NULL,NULL),(1125,1,1,49.59949800,18.51808000,1710003607,97,NULL,NULL,NULL),(1126,1,1,49.59957400,18.51799000,1710003610,97,NULL,NULL,NULL),(1127,1,1,49.59970700,18.51785900,1710003615,97,NULL,NULL,NULL),(1128,1,1,49.59982500,18.51778900,1710003619,96,NULL,NULL,NULL),(1129,1,1,49.60001800,18.51781900,1710003625,96,NULL,NULL,NULL),(1130,1,1,49.60013300,18.51797400,1710003630,98,NULL,NULL,NULL),(1131,1,1,49.60017600,18.51822100,1710003635,99,NULL,NULL,NULL),(1132,1,1,49.60017900,18.51828700,1710003636,99,NULL,NULL,NULL),(1133,1,1,49.60017000,18.51841400,1710003638,99,NULL,NULL,NULL),(1134,1,1,49.60009400,18.51857200,1710003642,98,NULL,NULL,NULL),(1135,1,1,49.59993700,18.51877000,1710003648,98,NULL,NULL,NULL),(1136,1,1,49.59984800,18.51889000,1710003652,97,NULL,NULL,NULL),(1137,1,1,49.59967700,18.51901000,1710003658,98,NULL,NULL,NULL),(1138,1,1,49.59961200,18.51902700,1710003660,98,NULL,NULL,NULL),(1139,1,1,49.59948200,18.51905400,1710003663,98,NULL,NULL,NULL),(1140,1,1,49.59940400,18.51902400,1710003665,98,NULL,NULL,NULL),(1141,1,1,49.59937300,18.51899200,1710003666,98,NULL,NULL,NULL),(1142,1,1,49.59927500,18.51878500,1710003671,99,NULL,NULL,NULL),(1143,1,1,49.59927900,18.51853200,1710003676,99,NULL,NULL,NULL),(1144,1,1,49.59936800,18.51829200,1710003681,99,NULL,NULL,NULL),(1145,1,1,49.59939100,18.51824500,1710003682,99,NULL,NULL,NULL),(1146,1,1,49.59952500,18.51804500,1710003688,97,NULL,NULL,NULL),(1147,1,1,49.59956300,18.51798200,1710003690,98,NULL,NULL,NULL),(1148,1,1,49.59968600,18.51777000,1710003696,98,NULL,NULL,NULL),(1149,1,1,49.59972400,18.51772400,1710003698,98,NULL,NULL,NULL),(1150,1,1,49.59982600,18.51769000,1710003702,98,NULL,NULL,NULL),(1151,1,1,49.59994300,18.51778200,1710003707,100,NULL,NULL,NULL),(1152,1,1,49.59994100,18.51777600,1710003708,100,NULL,NULL,NULL),(1153,1,1,49.59994700,18.51779400,1710003710,99,NULL,NULL,NULL),(1154,1,1,49.60004900,18.51790000,1710003715,96,NULL,NULL,NULL),(1155,1,1,49.60016000,18.51805900,1710003720,97,NULL,NULL,NULL),(1156,1,1,49.60019200,18.51833600,1710003725,97,NULL,NULL,NULL),(1157,1,1,49.60012500,18.51855200,1710003730,98,NULL,NULL,NULL),(1158,1,1,49.60005800,18.51863000,1710003732,99,NULL,NULL,NULL),(1159,1,1,49.60000100,18.51868900,1710003734,99,NULL,NULL,NULL),(1160,1,1,49.59991900,18.51879200,1710003737,99,NULL,NULL,NULL),(1161,1,1,49.59976600,18.51898100,1710003743,98,NULL,NULL,NULL),(1162,1,1,49.59965500,18.51909400,1710003746,98,NULL,NULL,NULL),(1163,1,1,49.59946500,18.51912800,1710003751,98,NULL,NULL,NULL),(1164,1,1,49.59929400,18.51902400,1710003756,99,NULL,NULL,NULL),(1165,1,1,49.59928300,18.51895600,1710003757,99,NULL,NULL,NULL),(1166,1,1,49.59923800,18.51863600,1710003763,99,NULL,NULL,NULL),(1167,1,1,49.59932600,18.51834100,1710003769,99,NULL,NULL,NULL),(1168,1,1,49.59946300,18.51812000,1710003774,99,NULL,NULL,NULL),(1169,1,1,49.59948700,18.51808200,1710003775,99,NULL,NULL,NULL),(1170,1,1,49.59953600,18.51801800,1710003777,98,NULL,NULL,NULL),(1171,1,1,49.59955800,18.51798100,1710003778,98,NULL,NULL,NULL),(1172,1,1,49.59967900,18.51776200,1710003784,99,NULL,NULL,NULL),(1173,1,1,49.59971100,18.51769900,1710003786,99,NULL,NULL,NULL),(1174,1,1,49.59982000,18.51768000,1710003790,97,NULL,NULL,NULL),(1175,1,1,49.60000300,18.51777300,1710003795,101,NULL,NULL,NULL),(1176,1,1,49.60005800,18.51782700,1710003797,100,NULL,NULL,NULL),(1177,1,1,49.60016000,18.51806000,1710003803,100,NULL,NULL,NULL),(1178,1,1,49.60019000,18.51827200,1710003806,99,NULL,NULL,NULL),(1179,1,1,49.60017500,18.51843200,1710003809,99,NULL,NULL,NULL),(1180,1,1,49.60008600,18.51857100,1710003813,99,NULL,NULL,NULL),(1181,1,1,49.60006000,18.51860300,1710003814,99,NULL,NULL,NULL),(1182,1,1,49.59995700,18.51871800,1710003818,100,NULL,NULL,NULL),(1183,1,1,49.59992300,18.51874600,1710003819,100,NULL,NULL,NULL),(1184,1,1,49.59989700,18.51876600,1710003820,100,NULL,NULL,NULL),(1185,1,1,49.59973900,18.51893100,1710003826,100,NULL,NULL,NULL),(1186,1,1,49.59971000,18.51895700,1710003827,100,NULL,NULL,NULL),(1187,1,1,49.59953700,18.51904000,1710003833,98,NULL,NULL,NULL),(1188,1,1,49.59945600,18.51907500,1710003835,97,NULL,NULL,NULL),(1189,1,1,49.59931100,18.51901200,1710003839,97,NULL,NULL,NULL),(1190,1,1,49.59928700,18.51897200,1710003840,97,NULL,NULL,NULL),(1191,1,1,49.59921800,18.51868100,1710003846,96,NULL,NULL,NULL),(1192,1,1,49.59922000,18.51863100,1710003847,95,NULL,NULL,NULL),(1193,1,1,49.59928700,18.51835600,1710003852,96,NULL,NULL,NULL),(1194,1,1,49.59944200,18.51814900,1710003858,95,NULL,NULL,NULL),(1195,1,1,49.59952000,18.51804200,1710003861,96,NULL,NULL,NULL),(1196,1,1,49.59965000,18.51788900,1710003867,98,NULL,NULL,NULL),(1197,1,1,49.59969100,18.51782400,1710003869,97,NULL,NULL,NULL),(1198,1,1,49.59988700,18.51777400,1710003875,95,NULL,NULL,NULL),(1199,1,1,49.59991700,18.51777000,1710003876,95,NULL,NULL,NULL),(1200,1,1,49.60005900,18.51783300,1710003881,97,NULL,NULL,NULL),(1201,1,1,49.60014500,18.51800200,1710003886,97,NULL,NULL,NULL),(1202,1,1,49.60018300,18.51830000,1710003892,96,NULL,NULL,NULL),(1203,1,1,49.60016900,18.51840000,1710003894,96,NULL,NULL,NULL),(1204,1,1,49.60012100,18.51850300,1710003897,96,NULL,NULL,NULL),(1205,1,1,49.59999000,18.51866500,1710003902,95,NULL,NULL,NULL),(1206,1,1,49.59983600,18.51887800,1710003907,94,NULL,NULL,NULL),(1207,1,1,49.59970700,18.51902000,1710003913,96,NULL,NULL,NULL),(1208,1,1,49.59968100,18.51904000,1710003914,96,NULL,NULL,NULL),(1209,1,1,49.59949100,18.51904800,1710003920,95,NULL,NULL,NULL),(1210,1,1,49.59932600,18.51889100,1710003926,97,NULL,NULL,NULL),(1211,1,1,49.59927100,18.51872200,1710003930,95,NULL,NULL,NULL),(1212,1,1,49.59926400,18.51862700,1710003932,95,NULL,NULL,NULL),(1213,1,1,49.59933000,18.51837500,1710003937,96,NULL,NULL,NULL),(1214,1,1,49.59945400,18.51813100,1710003943,95,NULL,NULL,NULL),(1215,1,1,49.59950000,18.51806800,1710003945,95,NULL,NULL,NULL),(1216,1,1,49.59963700,18.51788100,1710003951,97,NULL,NULL,NULL),(1217,1,1,49.59973700,18.51775400,1710003955,97,NULL,NULL,NULL),(1218,1,1,49.59992300,18.51771500,1710003961,97,NULL,NULL,NULL),(1219,1,1,49.60008800,18.51784700,1710003966,98,NULL,NULL,NULL),(1220,1,1,49.60011100,18.51788200,1710003967,98,NULL,NULL,NULL),(1221,1,1,49.60018000,18.51813200,1710003972,98,NULL,NULL,NULL),(1222,1,1,49.60018000,18.51828000,1710003975,98,NULL,NULL,NULL),(1223,1,1,49.60016700,18.51834100,1710003976,98,NULL,NULL,NULL),(1224,1,1,49.60014600,18.51840200,1710003977,99,NULL,NULL,NULL),(1225,1,1,49.59999800,18.51862900,1710003983,98,NULL,NULL,NULL),(1226,1,1,49.59994300,18.51869300,1710003985,98,NULL,NULL,NULL),(1227,1,1,49.59978800,18.51890500,1710003991,98,NULL,NULL,NULL),(1228,1,1,49.59973500,18.51897700,1710003993,98,NULL,NULL,NULL),(1229,1,1,49.59958100,18.51904700,1710003998,97,NULL,NULL,NULL),(1230,1,1,49.59946100,18.51908200,1710004001,99,NULL,NULL,NULL),(1231,1,1,49.59936200,18.51903700,1710004004,98,NULL,NULL,NULL),(1232,1,1,49.59929300,18.51891500,1710004007,97,NULL,NULL,NULL),(1233,1,1,49.59925400,18.51882600,1710004009,98,NULL,NULL,NULL),(1234,1,1,49.59923800,18.51857000,1710004014,98,NULL,NULL,NULL),(1235,1,1,49.59926800,18.51848200,1710004016,99,NULL,NULL,NULL),(1236,1,1,49.59931600,18.51840100,1710004018,99,NULL,NULL,NULL),(1237,1,1,49.59945600,18.51816800,1710004023,98,NULL,NULL,NULL),(1238,1,1,49.59958200,18.51797300,1710004028,97,NULL,NULL,NULL),(1239,1,1,49.59972500,18.51779200,1710004034,96,NULL,NULL,NULL),(1240,1,1,49.59977800,18.51775900,1710004036,96,NULL,NULL,NULL),(1241,1,1,49.59996100,18.51774300,1710004042,96,NULL,NULL,NULL),(1242,1,1,49.60008800,18.51787500,1710004047,96,NULL,NULL,NULL),(1243,1,1,49.60014300,18.51809300,1710004052,96,NULL,NULL,NULL),(1244,1,1,49.60009800,18.51835400,1710004057,98,NULL,NULL,NULL),(1245,1,1,49.60005100,18.51846200,1710004060,98,NULL,NULL,NULL),(1246,1,1,49.59999600,18.51856200,1710004063,97,NULL,NULL,NULL),(1247,1,1,49.59986500,18.51879200,1710004069,99,NULL,NULL,NULL),(1248,1,1,49.59983700,18.51883000,1710004070,99,NULL,NULL,NULL),(1249,1,1,49.59976300,18.51891900,1710004073,97,NULL,NULL,NULL),(1250,1,1,49.59973800,18.51895200,1710004074,97,NULL,NULL,NULL),(1251,1,1,49.59965200,18.51905000,1710004077,98,NULL,NULL,NULL),(1252,1,1,49.59944600,18.51913300,1710004082,98,NULL,NULL,NULL),(1253,1,1,49.59939300,18.51914000,1710004083,98,NULL,NULL,NULL),(1254,1,1,49.59930500,18.51896000,1710004087,97,NULL,NULL,NULL),(1255,1,1,49.59924700,18.51870500,1710004092,96,NULL,NULL,NULL),(1256,1,1,49.59924800,18.51865000,1710004093,96,NULL,NULL,NULL),(1257,1,1,49.59925100,18.51859000,1710004094,96,NULL,NULL,NULL),(1258,1,1,49.59926900,18.51848200,1710004096,98,NULL,NULL,NULL),(1259,1,1,49.59928200,18.51843800,1710004097,98,NULL,NULL,NULL),(1260,1,1,49.59939400,18.51820800,1710004102,97,NULL,NULL,NULL),(1261,1,1,49.59942200,18.51817300,1710004103,97,NULL,NULL,NULL),(1262,1,1,49.59957200,18.51795700,1710004109,97,NULL,NULL,NULL),(1263,1,1,49.59966100,18.51782900,1710004113,97,NULL,NULL,NULL),(1264,1,1,49.59983500,18.51772900,1710004119,98,NULL,NULL,NULL),(1265,1,1,49.59986600,18.51772600,1710004120,98,NULL,NULL,NULL),(1266,1,1,49.60002000,18.51778400,1710004125,98,NULL,NULL,NULL),(1267,1,1,49.60011700,18.51792800,1710004129,98,NULL,NULL,NULL),(1268,1,1,49.60013700,18.51797600,1710004130,98,NULL,NULL,NULL),(1269,1,1,49.60014900,18.51802900,1710004131,98,NULL,NULL,NULL),(1270,1,1,49.60016500,18.51827200,1710004136,97,NULL,NULL,NULL),(1271,1,1,49.60007800,18.51851400,1710004141,97,NULL,NULL,NULL),(1272,1,1,49.60003600,18.51860300,1710004143,97,NULL,NULL,NULL),(1273,1,1,49.59989900,18.51881000,1710004148,97,NULL,NULL,NULL),(1274,1,1,49.59986600,18.51885400,1710004149,97,NULL,NULL,NULL),(1275,1,1,49.59970900,18.51905300,1710004155,95,NULL,NULL,NULL),(1276,1,1,49.59962000,18.51910800,1710004158,96,NULL,NULL,NULL),(1277,1,1,49.59940900,18.51913000,1710004163,98,NULL,NULL,NULL),(1278,1,1,49.59929000,18.51892500,1710004168,98,NULL,NULL,NULL),(1279,1,1,49.59923200,18.51866600,1710004173,98,NULL,NULL,NULL),(1280,1,1,49.59930500,18.51839400,1710004178,97,NULL,NULL,NULL),(1281,1,1,49.59944900,18.51815300,1710004184,97,NULL,NULL,NULL),(1282,1,1,49.59959900,18.51795200,1710004190,97,NULL,NULL,NULL),(1283,1,1,49.59972000,18.51779700,1710004195,97,NULL,NULL,NULL),(1284,1,1,49.59987700,18.51774100,1710004200,97,NULL,NULL,NULL),(1285,1,1,49.59990900,18.51775300,1710004201,98,NULL,NULL,NULL),(1286,1,1,49.60009100,18.51786100,1710004207,98,NULL,NULL,NULL),(1287,1,1,49.60018300,18.51811700,1710004212,97,NULL,NULL,NULL),(1288,1,1,49.60018900,18.51817900,1710004213,97,NULL,NULL,NULL),(1289,1,1,49.60014900,18.51845800,1710004218,96,NULL,NULL,NULL),(1290,1,1,49.60012600,18.51851000,1710004219,96,NULL,NULL,NULL),(1291,1,1,49.60007400,18.51859100,1710004221,96,NULL,NULL,NULL),(1292,1,1,49.59993700,18.51879200,1710004227,97,NULL,NULL,NULL),(1293,1,1,49.59991500,18.51881600,1710004228,97,NULL,NULL,NULL),(1294,1,1,49.59989600,18.51884400,1710004229,97,NULL,NULL,NULL),(1295,1,1,49.59975600,18.51900500,1710004235,96,NULL,NULL,NULL),(1296,1,1,49.59972800,18.51902800,1710004236,96,NULL,NULL,NULL),(1297,1,1,49.59951600,18.51912100,1710004241,96,NULL,NULL,NULL),(1298,1,1,49.59947600,18.51911300,1710004242,96,NULL,NULL,NULL),(1299,1,1,49.59931700,18.51896900,1710004247,96,NULL,NULL,NULL),(1300,1,1,49.59923600,18.51871100,1710004252,96,NULL,NULL,NULL),(1301,1,1,49.59923100,18.51865100,1710004253,96,NULL,NULL,NULL),(1302,1,1,49.59929100,18.51836700,1710004258,96,NULL,NULL,NULL),(1303,1,1,49.59938000,18.51818000,1710004262,96,NULL,NULL,NULL),(1304,1,1,49.59943000,18.51811200,1710004264,96,NULL,NULL,NULL),(1305,1,1,49.59957100,18.51792300,1710004270,97,NULL,NULL,NULL),(1306,1,1,49.59968500,18.51778400,1710004275,96,NULL,NULL,NULL),(1307,1,1,49.59989600,18.51773500,1710004281,95,NULL,NULL,NULL),(1308,1,1,49.60008500,18.51782800,1710004287,96,NULL,NULL,NULL),(1309,1,1,49.60011100,18.51785400,1710004288,96,NULL,NULL,NULL),(1310,1,1,49.60017700,18.51806900,1710004293,96,NULL,NULL,NULL),(1311,1,1,49.60017100,18.51820500,1710004296,97,NULL,NULL,NULL),(1312,1,1,49.60015600,18.51836400,1710004299,95,NULL,NULL,NULL),(1313,1,1,49.60014000,18.51844800,1710004301,96,NULL,NULL,NULL),(1314,1,1,49.60005100,18.51860800,1710004305,96,NULL,NULL,NULL),(1315,1,1,49.59990700,18.51880200,1710004311,96,NULL,NULL,NULL),(1316,1,1,49.59984700,18.51890700,1710004314,96,NULL,NULL,NULL),(1317,1,1,49.59977500,18.51900300,1710004316,97,NULL,NULL,NULL),(1318,1,1,49.59959200,18.51905500,1710004322,97,NULL,NULL,NULL),(1319,1,1,49.59941000,18.51900700,1710004327,98,NULL,NULL,NULL),(1320,1,1,49.59938100,18.51897600,1710004328,98,NULL,NULL,NULL),(1321,1,1,49.59933200,18.51890100,1710004330,98,NULL,NULL,NULL),(1322,1,1,49.59925500,18.51869800,1710004334,98,NULL,NULL,NULL),(1323,1,1,49.59925300,18.51844800,1710004338,99,NULL,NULL,NULL),(1324,1,1,49.59928900,18.51831500,1710004340,99,NULL,NULL,NULL),(1325,1,1,49.59940600,18.51813300,1710004345,98,NULL,NULL,NULL),(1326,1,1,49.59943000,18.51810400,1710004346,97,NULL,NULL,NULL),(1327,1,1,49.59958400,18.51790700,1710004352,97,NULL,NULL,NULL),(1328,1,1,49.59966100,18.51781300,1710004355,97,NULL,NULL,NULL),(1329,1,1,49.59982900,18.51771500,1710004361,99,NULL,NULL,NULL),(1330,1,1,49.59986500,18.51770800,1710004362,99,NULL,NULL,NULL),(1331,1,1,49.60003400,18.51780100,1710004367,99,NULL,NULL,NULL),(1332,1,1,49.60006300,18.51783300,1710004368,99,NULL,NULL,NULL),(1333,1,1,49.60016700,18.51797500,1710004372,99,NULL,NULL,NULL),(1334,1,1,49.60017800,18.51802100,1710004373,99,NULL,NULL,NULL),(1335,1,1,49.60017100,18.51832200,1710004379,98,NULL,NULL,NULL),(1336,1,1,49.60006800,18.51856500,1710004384,98,NULL,NULL,NULL),(1337,1,1,49.59991600,18.51879600,1710004390,98,NULL,NULL,NULL),(1338,1,1,49.59988800,18.51882400,1710004391,98,NULL,NULL,NULL),(1339,1,1,49.59973000,18.51900700,1710004397,97,NULL,NULL,NULL),(1340,1,1,49.59961900,18.51906300,1710004400,98,NULL,NULL,NULL),(1341,1,1,49.59954700,18.51906500,1710004402,98,NULL,NULL,NULL),(1342,1,1,49.59943600,18.51903400,1710004405,98,NULL,NULL,NULL),(1343,1,1,49.59927800,18.51886800,1710004410,99,NULL,NULL,NULL),(1344,1,1,49.59926000,18.51880800,1710004411,99,NULL,NULL,NULL),(1345,1,1,49.59925100,18.51853700,1710004416,98,NULL,NULL,NULL),(1346,1,1,49.59933300,18.51827900,1710004421,98,NULL,NULL,NULL),(1347,1,1,49.59947100,18.51807500,1710004426,99,NULL,NULL,NULL),(1348,1,1,49.59951700,18.51801600,1710004428,98,NULL,NULL,NULL),(1349,1,1,49.59965600,18.51786400,1710004434,98,NULL,NULL,NULL),(1350,1,1,49.59974400,18.51779700,1710004437,99,NULL,NULL,NULL),(1351,1,1,49.59977600,18.51778000,1710004438,99,NULL,NULL,NULL),(1352,1,1,49.59993400,18.51776100,1710004443,99,NULL,NULL,NULL),(1353,1,1,49.60008200,18.51787000,1710004448,99,NULL,NULL,NULL),(1354,1,1,49.60017200,18.51807200,1710004453,99,NULL,NULL,NULL),(1355,1,1,49.60017200,18.51832900,1710004458,98,NULL,NULL,NULL),(1356,1,1,49.60006200,18.51856000,1710004464,99,NULL,NULL,NULL),(1357,1,1,49.59992200,18.51873500,1710004469,99,NULL,NULL,NULL),(1358,1,1,49.59977900,18.51890300,1710004474,99,NULL,NULL,NULL),(1359,1,1,49.59963900,18.51900400,1710004479,99,NULL,NULL,NULL),(1360,1,1,49.59957300,18.51901300,1710004481,99,NULL,NULL,NULL),(1361,1,1,49.59939300,18.51896800,1710004486,99,NULL,NULL,NULL),(1362,1,1,49.59931700,18.51892200,1710004488,99,NULL,NULL,NULL),(1363,1,1,49.59923400,18.51867600,1710004493,99,NULL,NULL,NULL),(1364,1,1,49.59927600,18.51842600,1710004498,99,NULL,NULL,NULL),(1365,1,1,49.59938600,18.51818400,1710004503,98,NULL,NULL,NULL),(1366,1,1,49.59940800,18.51814000,1710004504,98,NULL,NULL,NULL),(1367,1,1,49.59955700,18.51797300,1710004510,98,NULL,NULL,NULL),(1368,1,1,49.59963400,18.51788700,1710004513,98,NULL,NULL,NULL),(1369,1,1,49.59979300,18.51776300,1710004519,97,NULL,NULL,NULL),(1370,1,1,49.59982200,18.51774800,1710004520,97,NULL,NULL,NULL),(1371,1,1,49.59998300,18.51776700,1710004525,98,NULL,NULL,NULL),(1372,1,1,49.60010600,18.51793800,1710004530,99,NULL,NULL,NULL),(1373,1,1,49.60012700,18.51797800,1710004531,99,NULL,NULL,NULL),(1374,1,1,49.60017700,18.51823700,1710004536,99,NULL,NULL,NULL),(1375,1,1,49.60017400,18.51831600,1710004537,98,NULL,NULL,NULL),(1376,1,1,49.60010100,18.51854100,1710004542,99,NULL,NULL,NULL),(1377,1,1,49.60008200,18.51856900,1710004543,99,NULL,NULL,NULL),(1378,1,1,49.59996000,18.51874700,1710004548,98,NULL,NULL,NULL),(1379,1,1,49.59994200,18.51877800,1710004549,98,NULL,NULL,NULL),(1380,1,1,49.59979400,18.51896700,1710004555,99,NULL,NULL,NULL),(1381,1,1,49.59976100,18.51900000,1710004556,99,NULL,NULL,NULL),(1382,1,1,49.59969700,18.51904700,1710004558,99,NULL,NULL,NULL),(1383,1,1,49.59952300,18.51912800,1710004562,99,NULL,NULL,NULL),(1384,1,1,49.59944200,18.51911600,1710004564,98,NULL,NULL,NULL),(1385,1,1,49.59939900,18.51909700,1710004565,98,NULL,NULL,NULL),(1386,1,1,49.59927100,18.51892000,1710004570,98,NULL,NULL,NULL),(1387,1,1,49.59924200,18.51871700,1710004574,97,NULL,NULL,NULL),(1388,1,1,49.59926300,18.51855900,1710004577,98,NULL,NULL,NULL),(1389,1,1,49.59931500,18.51838400,1710004580,98,NULL,NULL,NULL),(1390,1,1,49.59945000,18.51815700,1710004585,98,NULL,NULL,NULL),(1391,1,1,49.59952900,18.51807000,1710004588,98,NULL,NULL,NULL),(1392,1,1,49.59958000,18.51801100,1710004590,98,NULL,NULL,NULL),(1393,1,1,49.59972300,18.51780800,1710004596,97,NULL,NULL,NULL),(1394,1,1,49.59974600,18.51776500,1710004597,97,NULL,NULL,NULL),(1395,1,1,49.59991200,18.51772200,1710004602,97,NULL,NULL,NULL),(1396,1,1,49.60003800,18.51778400,1710004606,98,NULL,NULL,NULL),(1397,1,1,49.60006600,18.51781500,1710004607,99,NULL,NULL,NULL),(1398,1,1,49.60009800,18.51785200,1710004608,99,NULL,NULL,NULL),(1399,1,1,49.60017300,18.51810400,1710004613,98,NULL,NULL,NULL),(1400,1,1,49.60016700,18.51837700,1710004618,98,NULL,NULL,NULL),(1401,1,1,49.60015300,18.51841600,1710004619,97,NULL,NULL,NULL),(1402,1,1,49.60013700,18.51844700,1710004620,97,NULL,NULL,NULL),(1403,1,1,49.60008300,18.51854100,1710004623,98,NULL,NULL,NULL),(1404,1,1,49.59997000,18.51870200,1710004628,97,NULL,NULL,NULL),(1405,1,1,49.59984000,18.51887700,1710004634,97,NULL,NULL,NULL),(1406,1,1,49.59976900,18.51895500,1710004637,97,NULL,NULL,NULL),(1407,1,1,49.59966200,18.51899400,1710004640,97,NULL,NULL,NULL),(1408,1,1,49.59954100,18.51904400,1710004642,97,NULL,NULL,NULL),(1409,1,1,49.59937200,18.51892300,1710004647,98,NULL,NULL,NULL),(1410,1,1,49.59932800,18.51883400,1710004649,97,NULL,NULL,NULL),(1411,1,1,49.59928200,18.51869900,1710004652,98,NULL,NULL,NULL),(1412,1,1,49.59927500,18.51864300,1710004653,98,NULL,NULL,NULL),(1413,1,1,49.59929200,18.51837400,1710004658,98,NULL,NULL,NULL),(1414,1,1,49.59941400,18.51812600,1710004663,97,NULL,NULL,NULL),(1415,1,1,49.59956700,18.51792400,1710004669,97,NULL,NULL,NULL),(1416,1,1,49.59961200,18.51787100,1710004671,98,NULL,NULL,NULL),(1417,1,1,49.59976300,18.51773800,1710004677,98,NULL,NULL,NULL),(1418,1,1,49.59982100,18.51771000,1710004679,98,NULL,NULL,NULL),(1419,1,1,49.60001600,18.51775300,1710004685,97,NULL,NULL,NULL),(1420,1,1,49.60013300,18.51793100,1710004690,99,NULL,NULL,NULL),(1421,1,1,49.60018200,18.51822600,1710004695,99,NULL,NULL,NULL),(1422,1,1,49.60016900,18.51835300,1710004698,99,NULL,NULL,NULL),(1423,1,1,49.60013100,18.51843700,1710004700,98,NULL,NULL,NULL),(1424,1,1,49.59998900,18.51865500,1710004706,99,NULL,NULL,NULL),(1425,1,1,49.59994600,18.51872100,1710004708,98,NULL,NULL,NULL),(1426,1,1,49.59979500,18.51890800,1710004713,98,NULL,NULL,NULL),(1427,1,1,49.59969300,18.51901500,1710004717,98,NULL,NULL,NULL),(1428,1,1,49.59962000,18.51904100,1710004719,98,NULL,NULL,NULL),(1429,1,1,49.59951400,18.51903700,1710004722,98,NULL,NULL,NULL),(1430,1,1,49.59944900,18.51899700,1710004724,98,NULL,NULL,NULL),(1431,1,1,49.59930700,18.51885800,1710004729,97,NULL,NULL,NULL),(1432,1,1,49.59926300,18.51857800,1710004734,98,NULL,NULL,NULL),(1433,1,1,49.59932100,18.51832500,1710004739,97,NULL,NULL,NULL),(1434,1,1,49.59945400,18.51809700,1710004745,98,NULL,NULL,NULL),(1435,1,1,49.59950100,18.51803300,1710004747,97,NULL,NULL,NULL),(1436,1,1,49.59965100,18.51784800,1710004753,97,NULL,NULL,NULL),(1437,1,1,49.59982000,18.51773700,1710004759,98,NULL,NULL,NULL),(1438,1,1,49.60003300,18.51776700,1710004765,99,NULL,NULL,NULL),(1439,1,1,49.60009800,18.51782200,1710004767,99,NULL,NULL,NULL),(1440,1,1,49.60016100,18.51795600,1710004770,99,NULL,NULL,NULL),(1441,1,1,49.60019900,18.51822400,1710004775,100,NULL,NULL,NULL),(1442,1,1,49.60019500,18.51829300,1710004776,100,NULL,NULL,NULL),(1443,1,1,49.60018300,18.51842300,1710004779,99,NULL,NULL,NULL),(1444,1,1,49.60012800,18.51850000,1710004781,99,NULL,NULL,NULL),(1445,1,1,49.59998500,18.51868700,1710004786,99,NULL,NULL,NULL),(1446,1,1,49.59991400,18.51879400,1710004789,100,NULL,NULL,NULL),(1447,1,1,49.59976500,18.51899000,1710004794,100,NULL,NULL,NULL),(1448,1,1,49.59966200,18.51907200,1710004797,99,NULL,NULL,NULL),(1449,1,1,49.59951700,18.51911200,1710004800,99,NULL,NULL,NULL),(1450,1,1,49.59940900,18.51907000,1710004803,99,NULL,NULL,NULL),(1451,1,1,49.59933900,18.51901000,1710004805,99,NULL,NULL,NULL),(1452,1,1,49.59925300,18.51883800,1710004809,99,NULL,NULL,NULL),(1453,1,1,49.59923000,18.51861100,1710004813,99,NULL,NULL,NULL),(1454,1,1,49.59924300,18.51855200,1710004814,99,NULL,NULL,NULL),(1455,1,1,49.59927600,18.51844700,1710004816,99,NULL,NULL,NULL),(1456,1,1,49.59935400,18.51829100,1710004819,99,NULL,NULL,NULL),(1457,1,1,49.59950700,18.51808500,1710004825,98,NULL,NULL,NULL),(1458,1,1,49.59957300,18.51799000,1710004828,98,NULL,NULL,NULL),(1459,1,1,49.59969300,18.51784500,1710004833,99,NULL,NULL,NULL),(1460,1,1,49.59978100,18.51778900,1710004836,99,NULL,NULL,NULL),(1461,1,1,49.59994000,18.51777300,1710004841,98,NULL,NULL,NULL),(1462,1,1,49.60008300,18.51788200,1710004846,99,NULL,NULL,NULL),(1463,1,1,49.60015900,18.51812700,1710004851,100,NULL,NULL,NULL),(1464,1,1,49.60013600,18.51839000,1710004856,99,NULL,NULL,NULL),(1465,1,1,49.60012200,18.51842800,1710004857,100,NULL,NULL,NULL),(1466,1,1,49.60005400,18.51852900,1710004860,100,NULL,NULL,NULL),(1467,1,1,49.59993400,18.51870900,1710004864,98,NULL,NULL,NULL),(1468,1,1,49.59983100,18.51886700,1710004868,98,NULL,NULL,NULL),(1469,1,1,49.59967300,18.51907500,1710004874,100,NULL,NULL,NULL),(1470,1,1,49.59956400,18.51913000,1710004877,99,NULL,NULL,NULL),(1471,1,1,49.59936900,18.51908500,1710004882,100,NULL,NULL,NULL),(1472,1,1,49.59924200,18.51883700,1710004888,99,NULL,NULL,NULL),(1473,1,1,49.59924500,18.51855900,1710004893,99,NULL,NULL,NULL),(1474,1,1,49.59926200,18.51850700,1710004894,98,NULL,NULL,NULL),(1475,1,1,49.59935000,18.51831800,1710004898,98,NULL,NULL,NULL),(1476,1,1,49.59939900,18.51824200,1710004900,98,NULL,NULL,NULL),(1477,1,1,49.59955200,18.51804500,1710004906,98,NULL,NULL,NULL),(1478,1,1,49.59967400,18.51788200,1710004911,99,NULL,NULL,NULL),(1479,1,1,49.59985600,18.51778000,1710004917,99,NULL,NULL,NULL),(1480,1,1,49.60000000,18.51779800,1710004921,98,NULL,NULL,NULL),(1481,1,1,49.60002600,18.51782300,1710004922,99,NULL,NULL,NULL),(1482,1,1,49.60012600,18.51802200,1710004927,99,NULL,NULL,NULL),(1483,1,1,49.60015900,18.51830500,1710004932,99,NULL,NULL,NULL),(1484,1,1,49.60014800,18.51836400,1710004933,99,NULL,NULL,NULL),(1485,1,1,49.60002000,18.51859800,1710004939,99,NULL,NULL,NULL),(1486,1,1,49.59987300,18.51880500,1710004945,99,NULL,NULL,NULL),(1487,1,1,49.59984700,18.51883800,1710004946,99,NULL,NULL,NULL),(1488,1,1,49.59979900,18.51890900,1710004948,99,NULL,NULL,NULL),(1489,1,1,49.59965000,18.51906300,1710004954,98,NULL,NULL,NULL),(1490,1,1,49.59946300,18.51907100,1710004959,99,NULL,NULL,NULL),(1491,1,1,49.59943200,18.51904800,1710004960,99,NULL,NULL,NULL),(1492,1,1,49.59928100,18.51882800,1710004966,99,NULL,NULL,NULL),(1493,1,1,49.59925700,18.51866900,1710004969,99,NULL,NULL,NULL),(1494,1,1,49.59927100,18.51856600,1710004971,99,NULL,NULL,NULL),(1495,1,1,49.59936700,18.51827000,1710004976,98,NULL,NULL,NULL),(1496,1,1,49.59945000,18.51806700,1710004980,97,NULL,NULL,NULL),(1497,1,1,49.59947500,18.51803600,1710004981,97,NULL,NULL,NULL),(1498,1,1,49.59959300,18.51791100,1710004986,98,NULL,NULL,NULL),(1499,1,1,49.59973400,18.51774800,1710004992,98,NULL,NULL,NULL),(1500,1,1,49.59980000,18.51773200,1710004994,98,NULL,NULL,NULL),(1501,1,1,49.59999500,18.51777100,1710005000,99,NULL,NULL,NULL),(1502,1,1,49.60013900,18.51799800,1710005006,99,NULL,NULL,NULL),(1503,1,1,49.60014000,18.51827000,1710005011,99,NULL,NULL,NULL),(1504,1,1,49.60005100,18.51847900,1710005016,99,NULL,NULL,NULL),(1505,1,1,49.59992900,18.51866300,1710005022,99,NULL,NULL,NULL),(1506,1,1,49.59990800,18.51870500,1710005023,99,NULL,NULL,NULL),(1507,1,1,49.59976100,18.51892100,1710005028,98,NULL,NULL,NULL),(1508,1,1,49.59973000,18.51896100,1710005029,98,NULL,NULL,NULL),(1509,1,1,49.59953800,18.51910000,1710005035,99,NULL,NULL,NULL),(1510,1,1,49.59935300,18.51903200,1710005040,99,NULL,NULL,NULL),(1511,1,1,49.59932500,18.51900300,1710005041,99,NULL,NULL,NULL),(1512,1,1,49.59923100,18.51879400,1710005046,99,NULL,NULL,NULL),(1513,1,1,49.59925400,18.51852700,1710005051,99,NULL,NULL,NULL),(1514,1,1,49.59929300,18.51841900,1710005053,99,NULL,NULL,NULL),(1515,1,1,49.59940100,18.51821400,1710005057,99,NULL,NULL,NULL),(1516,1,1,49.59955800,18.51800700,1710005063,99,NULL,NULL,NULL),(1517,1,1,49.59969700,18.51781400,1710005069,99,NULL,NULL,NULL),(1518,1,1,49.59988500,18.51776300,1710005075,99,NULL,NULL,NULL),(1519,1,1,49.60005000,18.51783500,1710005080,100,NULL,NULL,NULL),(1520,1,1,49.60015900,18.51805800,1710005085,99,NULL,NULL,NULL),(1521,1,1,49.60014800,18.51833500,1710005090,100,NULL,NULL,NULL),(1522,1,1,49.60012300,18.51842200,1710005092,100,NULL,NULL,NULL),(1523,1,1,49.60005200,18.51853600,1710005095,100,NULL,NULL,NULL),(1524,1,1,49.60002900,18.51857800,1710005096,100,NULL,NULL,NULL),(1525,1,1,49.59987700,18.51880900,1710005102,99,NULL,NULL,NULL),(1526,1,1,49.59985200,18.51884100,1710005103,99,NULL,NULL,NULL),(1527,1,1,49.59982800,18.51887400,1710005104,97,NULL,NULL,NULL),(1528,1,1,49.59978800,18.51893700,1710005106,97,NULL,NULL,NULL),(1529,1,1,49.59966900,18.51908100,1710005110,97,NULL,NULL,NULL),(1530,1,1,49.59955200,18.51911800,1710005113,98,NULL,NULL,NULL),(1531,1,1,49.59935900,18.51907800,1710005118,99,NULL,NULL,NULL),(1532,1,1,49.59929800,18.51902700,1710005120,98,NULL,NULL,NULL),(1533,1,1,49.59925800,18.51892600,1710005122,98,NULL,NULL,NULL),(1534,1,1,49.59922200,18.51879600,1710005124,98,NULL,NULL,NULL),(1535,1,1,49.59923800,18.51851500,1710005129,98,NULL,NULL,NULL),(1536,1,1,49.59936400,18.51828500,1710005134,99,NULL,NULL,NULL),(1537,1,1,49.59952200,18.51806900,1710005140,99,NULL,NULL,NULL),(1538,1,1,49.59962200,18.51793000,1710005144,98,NULL,NULL,NULL),(1539,1,1,49.59976900,18.51778500,1710005150,98,NULL,NULL,NULL),(1540,1,1,49.59982900,18.51775600,1710005152,99,NULL,NULL,NULL),(1541,1,1,49.59998800,18.51779100,1710005157,99,NULL,NULL,NULL),(1542,1,1,49.60013300,18.51800300,1710005162,99,NULL,NULL,NULL),(1543,1,1,49.60017700,18.51826200,1710005167,99,NULL,NULL,NULL),(1544,1,1,49.60013200,18.51848000,1710005172,100,NULL,NULL,NULL),(1545,1,1,49.59999600,18.51868500,1710005178,100,NULL,NULL,NULL),(1546,1,1,49.59991900,18.51875100,1710005181,99,NULL,NULL,NULL),(1547,1,1,49.59977400,18.51894500,1710005187,98,NULL,NULL,NULL),(1548,1,1,49.59959900,18.51906100,1710005192,98,NULL,NULL,NULL),(1549,1,1,49.59955900,18.51906800,1710005193,99,NULL,NULL,NULL),(1550,1,1,49.59938600,18.51898400,1710005198,99,NULL,NULL,NULL),(1551,1,1,49.59935300,18.51895800,1710005199,99,NULL,NULL,NULL),(1552,1,1,49.59925600,18.51875000,1710005204,99,NULL,NULL,NULL),(1553,1,1,49.59926500,18.51858000,1710005207,99,NULL,NULL,NULL),(1554,1,1,49.59928000,18.51847300,1710005209,99,NULL,NULL,NULL),(1555,1,1,49.59938100,18.51823900,1710005214,98,NULL,NULL,NULL),(1556,1,1,49.59947400,18.51811600,1710005218,98,NULL,NULL,NULL),(1557,1,1,49.59962600,18.51791600,1710005224,98,NULL,NULL,NULL),(1558,1,1,49.59979000,18.51778000,1710005230,99,NULL,NULL,NULL),(1559,1,1,49.59982200,18.51777200,1710005231,99,NULL,NULL,NULL),(1560,1,1,49.60001000,18.51782200,1710005237,99,NULL,NULL,NULL),(1561,1,1,49.60009700,18.51797100,1710005241,100,NULL,NULL,NULL),(1562,1,1,49.60014400,18.51822700,1710005246,100,NULL,NULL,NULL),(1563,1,1,49.60012100,18.51843100,1710005251,99,NULL,NULL,NULL),(1564,1,1,49.60004400,18.51855300,1710005255,98,NULL,NULL,NULL),(1565,1,1,49.59999800,18.51862100,1710005257,99,NULL,NULL,NULL),(1566,1,1,49.59997400,18.51864900,1710005258,100,NULL,NULL,NULL),(1567,1,1,49.59983200,18.51884500,1710005264,99,NULL,NULL,NULL),(1568,1,1,49.59972900,18.51897100,1710005268,99,NULL,NULL,NULL),(1569,1,1,49.59955000,18.51903600,1710005273,99,NULL,NULL,NULL),(1570,1,1,49.59936300,18.51895200,1710005278,102,NULL,NULL,NULL),(1571,1,1,49.59931400,18.51887500,1710005280,100,NULL,NULL,NULL),(1572,1,1,49.59928200,18.51878600,1710005282,100,NULL,NULL,NULL),(1573,1,1,49.59926200,18.51863600,1710005285,100,NULL,NULL,NULL),(1574,1,1,49.59932600,18.51834600,1710005290,99,NULL,NULL,NULL),(1575,1,1,49.59945600,18.51810800,1710005296,99,NULL,NULL,NULL),(1576,1,1,49.59950600,18.51802000,1710005298,99,NULL,NULL,NULL),(1577,1,1,49.59965200,18.51781600,1710005304,99,NULL,NULL,NULL),(1578,1,1,49.59977400,18.51774700,1710005309,98,NULL,NULL,NULL),(1579,1,1,49.59995900,18.51778000,1710005314,99,NULL,NULL,NULL),(1580,1,1,49.60011300,18.51793100,1710005319,99,NULL,NULL,NULL),(1581,1,1,49.60018300,18.51818800,1710005324,99,NULL,NULL,NULL),(1582,1,1,49.60018900,18.51823300,1710005325,99,NULL,NULL,NULL),(1583,1,1,49.60014900,18.51842700,1710005329,99,NULL,NULL,NULL),(1584,1,1,49.60008000,18.51858000,1710005333,99,NULL,NULL,NULL),(1585,1,1,49.60002500,18.51864700,1710005335,99,NULL,NULL,NULL),(1586,1,1,49.59990900,18.51881400,1710005341,99,NULL,NULL,NULL),(1587,1,1,49.59986100,18.51887000,1710005343,99,NULL,NULL,NULL),(1588,1,1,49.59969500,18.51903100,1710005349,97,NULL,NULL,NULL),(1589,1,1,49.59966500,18.51903900,1710005350,97,NULL,NULL,NULL),(1590,1,1,49.59963300,18.51904300,1710005351,97,NULL,NULL,NULL),(1591,1,1,49.59948300,18.51900500,1710005355,98,NULL,NULL,NULL),(1592,1,1,49.59929500,18.51889200,1710005360,97,NULL,NULL,NULL),(1593,1,1,49.59925800,18.51881400,1710005362,98,NULL,NULL,NULL),(1594,1,1,49.59924000,18.51856700,1710005367,97,NULL,NULL,NULL),(1595,1,1,49.59929200,18.51838700,1710005370,98,NULL,NULL,NULL),(1596,1,1,49.59937700,18.51823600,1710005374,98,NULL,NULL,NULL),(1597,1,1,49.59952800,18.51804400,1710005380,98,NULL,NULL,NULL),(1598,1,1,49.59955500,18.51799600,1710005381,99,NULL,NULL,NULL),(1599,1,1,49.59970400,18.51779900,1710005387,99,NULL,NULL,NULL),(1600,1,1,49.59976400,18.51776700,1710005389,99,NULL,NULL,NULL),(1601,1,1,49.59993900,18.51775400,1710005394,100,NULL,NULL,NULL),(1602,1,1,49.60007800,18.51788200,1710005399,99,NULL,NULL,NULL),(1603,1,1,49.60016900,18.51817200,1710005405,100,NULL,NULL,NULL),(1604,1,1,49.60012400,18.51839900,1710005410,98,NULL,NULL,NULL),(1605,1,1,49.60003700,18.51857800,1710005415,99,NULL,NULL,NULL),(1606,1,1,49.59999700,18.51867100,1710005417,100,NULL,NULL,NULL),(1607,1,1,49.59990100,18.51881900,1710005421,99,NULL,NULL,NULL),(1608,1,1,49.59984500,18.51891700,1710005424,99,NULL,NULL,NULL),(1609,1,1,49.59968300,18.51901800,1710005430,99,NULL,NULL,NULL),(1610,1,1,49.59964000,18.51902300,1710005431,99,NULL,NULL,NULL),(1611,1,1,49.59946100,18.51896100,1710005436,98,NULL,NULL,NULL),(1612,1,1,49.59942200,18.51893100,1710005437,98,NULL,NULL,NULL),(1613,1,1,49.59927000,18.51871500,1710005443,98,NULL,NULL,NULL),(1614,1,1,49.59929300,18.51844900,1710005448,97,NULL,NULL,NULL),(1615,1,1,49.59937100,18.51827800,1710005452,98,NULL,NULL,NULL),(1616,1,1,49.59940000,18.51823900,1710005453,98,NULL,NULL,NULL),(1617,1,1,49.59954100,18.51802900,1710005459,98,NULL,NULL,NULL),(1618,1,1,49.59967500,18.51785600,1710005465,98,NULL,NULL,NULL),(1619,1,1,49.59976400,18.51776500,1710005469,98,NULL,NULL,NULL),(1620,1,1,49.59989200,18.51770200,1710005474,98,NULL,NULL,NULL),(1621,1,1,49.59991700,18.51772300,1710005475,97,NULL,NULL,NULL),(1622,1,1,49.59998800,18.51778600,1710005478,95,NULL,NULL,NULL),(1623,1,1,49.60011900,18.51799300,1710005484,99,NULL,NULL,NULL),(1624,1,1,49.60015300,18.51823100,1710005489,97,NULL,NULL,NULL),(1625,1,1,49.60011200,18.51843500,1710005494,97,NULL,NULL,NULL),(1626,1,1,49.60001900,18.51854700,1710005499,91,NULL,NULL,NULL),(1627,1,1,49.59994700,18.51867800,1710005504,93,NULL,NULL,NULL),(1628,1,1,49.59983200,18.51886900,1710005510,98,NULL,NULL,NULL),(1629,1,1,49.59981300,18.51889800,1710005511,98,NULL,NULL,NULL),(1630,1,1,49.59963500,18.51905500,1710005517,98,NULL,NULL,NULL),(1631,1,1,49.59944300,18.51904300,1710005522,98,NULL,NULL,NULL),(1632,1,1,49.59940600,18.51901200,1710005523,99,NULL,NULL,NULL),(1633,1,1,49.59929400,18.51887400,1710005527,98,NULL,NULL,NULL),(1634,1,1,49.59926800,18.51877000,1710005529,98,NULL,NULL,NULL),(1635,1,1,49.59926500,18.51851300,1710005534,99,NULL,NULL,NULL),(1636,1,1,49.59935700,18.51827100,1710005539,99,NULL,NULL,NULL),(1637,1,1,49.59949200,18.51802300,1710005545,99,NULL,NULL,NULL),(1638,1,1,49.59953400,18.51796500,1710005547,99,NULL,NULL,NULL),(1639,1,1,49.59968400,18.51779700,1710005553,99,NULL,NULL,NULL),(1640,1,1,49.59979100,18.51772900,1710005557,99,NULL,NULL,NULL),(1641,1,1,49.59999300,18.51779300,1710005563,99,NULL,NULL,NULL),(1642,1,1,49.60011100,18.51796300,1710005568,100,NULL,NULL,NULL),(1643,1,1,49.60013300,18.51818900,1710005573,99,NULL,NULL,NULL),(1644,1,1,49.60005900,18.51846600,1710005579,100,NULL,NULL,NULL),(1645,1,1,49.59996900,18.51861100,1710005583,100,NULL,NULL,NULL),(1646,1,1,49.59988500,18.51872300,1710005586,99,NULL,NULL,NULL),(1647,1,1,49.59978800,18.51890100,1710005592,98,NULL,NULL,NULL),(1648,1,1,49.59977400,18.51892500,1710005593,98,NULL,NULL,NULL),(1649,1,1,49.59972300,18.51897800,1710005595,98,NULL,NULL,NULL),(1650,1,1,49.59969100,18.51900200,1710005596,98,NULL,NULL,NULL),(1651,1,1,49.59962300,18.51902900,1710005598,98,NULL,NULL,NULL),(1652,1,1,49.59943700,18.51896200,1710005604,99,NULL,NULL,NULL),(1653,1,1,49.59941100,18.51893600,1710005605,99,NULL,NULL,NULL),(1654,1,1,49.59928900,18.51871800,1710005611,99,NULL,NULL,NULL),(1655,1,1,49.59928200,18.51866600,1710005612,99,NULL,NULL,NULL),(1656,1,1,49.59928000,18.51861500,1710005613,99,NULL,NULL,NULL),(1657,1,1,49.59932500,18.51833800,1710005618,98,NULL,NULL,NULL),(1658,1,1,49.59946300,18.51812000,1710005624,98,NULL,NULL,NULL),(1659,1,1,49.59948400,18.51808700,1710005625,98,NULL,NULL,NULL),(1660,1,1,49.59961500,18.51790000,1710005631,97,NULL,NULL,NULL),(1661,1,1,49.59966000,18.51784400,1710005633,96,NULL,NULL,NULL),(1662,1,1,49.59973500,18.51775700,1710005636,97,NULL,NULL,NULL),(1663,1,1,49.59989200,18.51774200,1710005641,97,NULL,NULL,NULL),(1664,1,1,49.60004600,18.51780300,1710005645,98,NULL,NULL,NULL),(1665,1,1,49.60007000,18.51784600,1710005646,98,NULL,NULL,NULL),(1666,1,1,49.60017900,18.51812100,1710005652,99,NULL,NULL,NULL),(1667,1,1,49.60019400,18.51826900,1710005655,99,NULL,NULL,NULL),(1668,1,1,49.60016400,18.51836600,1710005657,99,NULL,NULL,NULL),(1669,1,1,49.60004900,18.51855200,1710005662,99,NULL,NULL,NULL),(1670,1,1,49.60003300,18.51857800,1710005663,99,NULL,NULL,NULL),(1671,1,1,49.59992200,18.51873300,1710005668,98,NULL,NULL,NULL),(1672,1,1,49.59989900,18.51876200,1710005669,98,NULL,NULL,NULL),(1673,1,1,49.59975500,18.51896800,1710005675,98,NULL,NULL,NULL),(1674,1,1,49.59964800,18.51906900,1710005678,99,NULL,NULL,NULL),(1675,1,1,49.59946900,18.51904500,1710005683,99,NULL,NULL,NULL),(1676,1,1,49.59929500,18.51888900,1710005688,99,NULL,NULL,NULL),(1677,1,1,49.59928100,18.51885400,1710005689,98,NULL,NULL,NULL),(1678,1,1,49.59925900,18.51862800,1710005693,98,NULL,NULL,NULL),(1679,1,1,49.59929700,18.51837200,1710005698,98,NULL,NULL,NULL),(1680,1,1,49.59931900,18.51831600,1710005699,97,NULL,NULL,NULL),(1681,1,1,49.59946500,18.51811600,1710005705,97,NULL,NULL,NULL),(1682,1,1,49.59959300,18.51792200,1710005711,98,NULL,NULL,NULL),(1683,1,1,49.59965800,18.51778200,1710005715,98,NULL,NULL,NULL),(1684,1,1,49.59967600,18.51773400,1710005717,96,NULL,NULL,NULL),(1685,1,1,49.59969400,18.51770900,1710005719,93,NULL,NULL,NULL),(1686,1,1,49.59969800,18.51770500,1710005720,0,NULL,NULL,NULL),(1687,1,1,49.59972000,18.51769200,1710005722,74,NULL,NULL,NULL),(1688,1,1,49.59975700,18.51767800,1710005725,0,NULL,NULL,NULL),(1689,1,1,49.59981000,18.51771500,1710005727,0,NULL,NULL,NULL),(1690,1,1,49.60000000,18.51783500,1710005733,96,NULL,NULL,NULL),(1691,1,1,49.60005600,18.51788300,1710005735,97,NULL,NULL,NULL),(1692,1,1,49.60018100,18.51808100,1710005741,99,NULL,NULL,NULL),(1693,1,1,49.60018600,18.51832500,1710005747,98,NULL,NULL,NULL),(1694,1,1,49.60005800,18.51853400,1710005753,98,NULL,NULL,NULL),(1695,1,1,49.59991500,18.51871000,1710005759,98,NULL,NULL,NULL),(1696,1,1,49.59987700,18.51875600,1710005760,98,NULL,NULL,NULL),(1697,1,1,49.59984800,18.51878100,1710005761,98,NULL,NULL,NULL),(1698,1,1,49.59973600,18.51890200,1710005766,99,NULL,NULL,NULL),(1699,1,1,49.59962100,18.51897500,1710005770,99,NULL,NULL,NULL),(1700,1,1,49.59942600,18.51893500,1710005776,99,NULL,NULL,NULL),(1701,1,1,49.59938900,18.51892000,1710005777,99,NULL,NULL,NULL),(1702,1,1,49.59926200,18.51868600,1710005783,98,NULL,NULL,NULL),(1703,1,1,49.59929000,18.51843200,1710005788,99,NULL,NULL,NULL),(1704,1,1,49.59936400,18.51826400,1710005792,99,NULL,NULL,NULL),(1705,1,1,49.59940400,18.51818900,1710005794,100,NULL,NULL,NULL),(1706,1,1,49.59955900,18.51799700,1710005800,99,NULL,NULL,NULL),(1707,1,1,49.59965300,18.51788000,1710005804,99,NULL,NULL,NULL),(1708,1,1,49.59974700,18.51778200,1710005808,99,NULL,NULL,NULL),(1709,1,1,49.59984200,18.51775100,1710005811,98,NULL,NULL,NULL),(1710,1,1,49.60001300,18.51784800,1710005816,100,NULL,NULL,NULL),(1711,1,1,49.60013300,18.51809400,1710005822,99,NULL,NULL,NULL),(1712,1,1,49.60012000,18.51836200,1710005828,99,NULL,NULL,NULL),(1713,1,1,49.60002900,18.51855200,1710005833,99,NULL,NULL,NULL),(1714,1,1,49.59989600,18.51876400,1710005838,99,NULL,NULL,NULL),(1715,1,1,49.59979400,18.51891200,1710005843,100,NULL,NULL,NULL),(1716,1,1,49.59963100,18.51904800,1710005849,99,NULL,NULL,NULL),(1717,1,1,49.59959500,18.51905800,1710005850,99,NULL,NULL,NULL),(1718,1,1,49.59939400,18.51903500,1710005855,98,NULL,NULL,NULL),(1719,1,1,49.59936400,18.51900700,1710005856,98,NULL,NULL,NULL),(1720,1,1,49.59926400,18.51880900,1710005861,97,NULL,NULL,NULL),(1721,1,1,49.59927400,18.51851700,1710005866,98,NULL,NULL,NULL),(1722,1,1,49.59928300,18.51846600,1710005867,97,NULL,NULL,NULL),(1723,1,1,49.59937600,18.51826800,1710005873,97,NULL,NULL,NULL),(1724,1,1,49.59951500,18.51803800,1710005879,95,NULL,NULL,NULL),(1725,1,1,49.59955800,18.51797600,1710005881,95,NULL,NULL,NULL),(1726,1,1,49.59964200,18.51787400,1710005885,96,NULL,NULL,NULL),(1727,1,1,49.59974700,18.51777200,1710005889,97,NULL,NULL,NULL),(1728,1,1,49.59990300,18.51778300,1710005894,99,NULL,NULL,NULL),(1729,1,1,49.59993700,18.51780400,1710005895,99,NULL,NULL,NULL),(1730,1,1,49.60007200,18.51795700,1710005900,99,NULL,NULL,NULL),(1731,1,1,49.60014600,18.51818100,1710005905,99,NULL,NULL,NULL),(1732,1,1,49.60011600,18.51835900,1710005909,99,NULL,NULL,NULL),(1733,1,1,49.60003600,18.51850100,1710005914,99,NULL,NULL,NULL),(1734,1,1,49.59990900,18.51872100,1710005920,99,NULL,NULL,NULL),(1735,1,1,49.59980400,18.51888500,1710005925,99,NULL,NULL,NULL),(1736,1,1,49.59966300,18.51903200,1710005930,99,NULL,NULL,NULL),(1737,1,1,49.59963000,18.51904300,1710005931,99,NULL,NULL,NULL),(1738,1,1,49.59951400,18.51902600,1710005934,99,NULL,NULL,NULL),(1739,1,1,49.59931900,18.51895300,1710005939,99,NULL,NULL,NULL),(1740,1,1,49.59924000,18.51883700,1710005942,99,NULL,NULL,NULL),(1741,1,1,49.59922700,18.51862100,1710005946,99,NULL,NULL,NULL),(1742,1,1,49.59925300,18.51847900,1710005949,99,NULL,NULL,NULL),(1743,1,1,49.59931600,18.51835300,1710005952,99,NULL,NULL,NULL),(1744,1,1,49.59941800,18.51818600,1710005956,99,NULL,NULL,NULL),(1745,1,1,49.59952400,18.51803000,1710005960,98,NULL,NULL,NULL),(1746,1,1,49.59954500,18.51799400,1710005961,98,NULL,NULL,NULL),(1747,1,1,49.59968500,18.51780300,1710005967,98,NULL,NULL,NULL),(1748,1,1,49.59982300,18.51771300,1710005972,98,NULL,NULL,NULL),(1749,1,1,49.60001300,18.51778600,1710005977,98,NULL,NULL,NULL),(1750,1,1,49.60010300,18.51795800,1710005981,99,NULL,NULL,NULL),(1751,1,1,49.60012100,18.51801400,1710005982,98,NULL,NULL,NULL),(1752,1,1,49.60014200,18.51827600,1710005987,97,NULL,NULL,NULL),(1753,1,1,49.60008000,18.51854000,1710005993,97,NULL,NULL,NULL),(1754,1,1,49.59995800,18.51877000,1710005999,99,NULL,NULL,NULL),(1755,1,1,49.59988300,18.51888900,1710006002,97,NULL,NULL,NULL),(1756,1,1,49.59977600,18.51903300,1710006008,97,NULL,NULL,NULL),(1757,1,1,49.59969800,18.51909700,1710006011,97,NULL,NULL,NULL),(1758,1,1,49.59951000,18.51909900,1710006016,96,NULL,NULL,NULL),(1759,1,1,49.59948000,18.51908400,1710006017,96,NULL,NULL,NULL),(1760,1,1,49.59930800,18.51889600,1710006023,99,NULL,NULL,NULL),(1761,1,1,49.59927100,18.51861100,1710006028,98,NULL,NULL,NULL),(1762,1,1,49.59930300,18.51837000,1710006033,98,NULL,NULL,NULL),(1763,1,1,49.59943500,18.51815600,1710006039,97,NULL,NULL,NULL),(1764,1,1,49.59958400,18.51795600,1710006045,98,NULL,NULL,NULL),(1765,1,1,49.59960600,18.51792700,1710006046,99,NULL,NULL,NULL),(1766,1,1,49.59967500,18.51785400,1710006049,99,NULL,NULL,NULL),(1767,1,1,49.59985800,18.51777700,1710006055,98,NULL,NULL,NULL),(1768,1,1,49.59989100,18.51778400,1710006056,98,NULL,NULL,NULL),(1769,1,1,49.60004400,18.51788200,1710006061,96,NULL,NULL,NULL),(1770,1,1,49.60006700,18.51791600,1710006062,96,NULL,NULL,NULL),(1771,1,1,49.60010600,18.51799500,1710006064,97,NULL,NULL,NULL),(1772,1,1,49.60014700,18.51817400,1710006068,97,NULL,NULL,NULL),(1773,1,1,49.60013700,18.51832900,1710006071,97,NULL,NULL,NULL),(1774,1,1,49.60012800,18.51840800,1710006073,97,NULL,NULL,NULL),(1775,1,1,49.59999200,18.51862800,1710006079,99,NULL,NULL,NULL),(1776,1,1,49.59995300,18.51869000,1710006081,98,NULL,NULL,NULL),(1777,1,1,49.59989900,18.51880200,1710006085,97,NULL,NULL,NULL),(1778,1,1,49.59979700,18.51892500,1710006089,99,NULL,NULL,NULL),(1779,1,1,49.59961700,18.51906100,1710006095,97,NULL,NULL,NULL),(1780,1,1,49.59957700,18.51906800,1710006096,97,NULL,NULL,NULL),(1781,1,1,49.59940900,18.51903300,1710006100,99,NULL,NULL,NULL),(1782,1,1,49.59934300,18.51898500,1710006102,99,NULL,NULL,NULL),(1783,1,1,49.59924100,18.51883700,1710006106,100,NULL,NULL,NULL),(1784,1,1,49.59923100,18.51877900,1710006107,100,NULL,NULL,NULL),(1785,1,1,49.59923500,18.51849800,1710006112,99,NULL,NULL,NULL),(1786,1,1,49.59924500,18.51845300,1710006113,98,NULL,NULL,NULL),(1787,1,1,49.59933900,18.51826400,1710006117,98,NULL,NULL,NULL),(1788,1,1,49.59936700,18.51821900,1710006118,98,NULL,NULL,NULL),(1789,1,1,49.59950500,18.51803300,1710006123,98,NULL,NULL,NULL),(1790,1,1,49.59955700,18.51795300,1710006126,98,NULL,NULL,NULL),(1791,1,1,49.59969400,18.51776500,1710006132,97,NULL,NULL,NULL),(1792,1,1,49.59972100,18.51774200,1710006133,97,NULL,NULL,NULL),(1793,1,1,49.59984800,18.51772700,1710006137,98,NULL,NULL,NULL),(1794,1,1,49.59987900,18.51773300,1710006138,98,NULL,NULL,NULL),(1795,1,1,49.60000600,18.51779400,1710006142,98,NULL,NULL,NULL),(1796,1,1,49.60006800,18.51788500,1710006144,98,NULL,NULL,NULL),(1797,1,1,49.60015300,18.51803300,1710006147,98,NULL,NULL,NULL),(1798,1,1,49.60019400,18.51820100,1710006150,98,NULL,NULL,NULL),(1799,1,1,49.60016600,18.51841500,1710006155,99,NULL,NULL,NULL),(1800,1,1,49.60011400,18.51850700,1710006158,100,NULL,NULL,NULL),(1801,1,1,49.60001900,18.51865300,1710006162,100,NULL,NULL,NULL),(1802,1,1,49.59988100,18.51887100,1710006168,99,NULL,NULL,NULL),(1803,1,1,49.59975500,18.51901600,1710006173,98,NULL,NULL,NULL),(1804,1,1,49.59955100,18.51911000,1710006178,99,NULL,NULL,NULL),(1805,1,1,49.59948000,18.51909600,1710006180,99,NULL,NULL,NULL),(1806,1,1,49.59932100,18.51895800,1710006185,100,NULL,NULL,NULL),(1807,1,1,49.59929500,18.51891100,1710006186,100,NULL,NULL,NULL),(1808,1,1,49.59925900,18.51862900,1710006191,99,NULL,NULL,NULL),(1809,1,1,49.59931600,18.51835400,1710006197,98,NULL,NULL,NULL),(1810,1,1,49.59946100,18.51810600,1710006203,98,NULL,NULL,NULL),(1811,1,1,49.59955400,18.51796200,1710006207,97,NULL,NULL,NULL),(1812,1,1,49.59967700,18.51773000,1710006213,97,NULL,NULL,NULL),(1813,1,1,49.59976800,18.51768300,1710006216,97,NULL,NULL,NULL),(1814,1,1,49.59980300,18.51767800,1710006217,97,NULL,NULL,NULL),(1815,1,1,49.59993100,18.51774100,1710006221,97,NULL,NULL,NULL),(1816,1,1,49.60002700,18.51780500,1710006224,97,NULL,NULL,NULL),(1817,1,1,49.60010400,18.51792800,1710006227,97,NULL,NULL,NULL),(1818,1,1,49.60018600,18.51818500,1710006232,99,NULL,NULL,NULL),(1819,1,1,49.60019300,18.51823900,1710006233,99,NULL,NULL,NULL),(1820,1,1,49.60019700,18.51829100,1710006234,99,NULL,NULL,NULL),(1821,1,1,49.60013100,18.51845600,1710006238,100,NULL,NULL,NULL),(1822,1,1,49.60009100,18.51851800,1710006240,99,NULL,NULL,NULL),(1823,1,1,49.60005500,18.51858300,1710006242,98,NULL,NULL,NULL),(1824,1,1,49.59999700,18.51867900,1710006245,98,NULL,NULL,NULL),(1825,1,1,49.59990400,18.51881200,1710006249,98,NULL,NULL,NULL),(1826,1,1,49.59980000,18.51891900,1710006252,98,NULL,NULL,NULL),(1827,1,1,49.59975600,18.51897700,1710006254,99,NULL,NULL,NULL),(1828,1,1,49.59957800,18.51908900,1710006260,98,NULL,NULL,NULL),(1829,1,1,49.59941000,18.51899700,1710006265,99,NULL,NULL,NULL),(1830,1,1,49.59927500,18.51880800,1710006270,98,NULL,NULL,NULL),(1831,1,1,49.59926200,18.51876100,1710006271,98,NULL,NULL,NULL),(1832,1,1,49.59927500,18.51847600,1710006276,99,NULL,NULL,NULL),(1833,1,1,49.59937200,18.51823000,1710006282,99,NULL,NULL,NULL),(1834,1,1,49.59951200,18.51802500,1710006288,98,NULL,NULL,NULL),(1835,1,1,49.59953700,18.51799100,1710006289,98,NULL,NULL,NULL),(1836,1,1,49.59966100,18.51782600,1710006294,98,NULL,NULL,NULL),(1837,1,1,49.59983000,18.51773800,1710006300,99,NULL,NULL,NULL),(1838,1,1,49.59985900,18.51774000,1710006301,99,NULL,NULL,NULL),(1839,1,1,49.60002500,18.51781800,1710006305,98,NULL,NULL,NULL),(1840,1,1,49.60005600,18.51785300,1710006306,98,NULL,NULL,NULL),(1841,1,1,49.60014000,18.51805100,1710006310,99,NULL,NULL,NULL),(1842,1,1,49.60015000,18.51809800,1710006311,99,NULL,NULL,NULL),(1843,1,1,49.60014100,18.51834100,1710006316,98,NULL,NULL,NULL),(1844,1,1,49.60007900,18.51845300,1710006320,98,NULL,NULL,NULL),(1845,1,1,49.60006500,18.51846900,1710006321,98,NULL,NULL,NULL),(1846,1,1,49.59999800,18.51862900,1710006327,93,NULL,NULL,NULL),(1847,1,1,49.59992000,18.51874200,1710006331,93,NULL,NULL,NULL),(1848,1,1,49.59984700,18.51882600,1710006334,93,NULL,NULL,NULL),(1849,1,1,49.59973800,18.51897500,1710006339,96,NULL,NULL,NULL),(1850,1,1,49.59953300,18.51902100,1710006345,98,NULL,NULL,NULL),(1851,1,1,49.59933600,18.51894700,1710006351,98,NULL,NULL,NULL),(1852,1,1,49.59925200,18.51875700,1710006356,97,NULL,NULL,NULL),(1853,1,1,49.59926700,18.51848200,1710006361,97,NULL,NULL,NULL),(1854,1,1,49.59937200,18.51821500,1710006367,99,NULL,NULL,NULL),(1855,1,1,49.59950600,18.51801000,1710006373,98,NULL,NULL,NULL),(1856,1,1,49.59964000,18.51782000,1710006378,98,NULL,NULL,NULL),(1857,1,1,49.59973300,18.51774300,1710006382,98,NULL,NULL,NULL),(1858,1,1,49.59990000,18.51769600,1710006387,99,NULL,NULL,NULL),(1859,1,1,49.60002400,18.51779000,1710006392,98,NULL,NULL,NULL),(1860,1,1,49.60015700,18.51798400,1710006397,99,NULL,NULL,NULL),(1861,1,1,49.60017400,18.51803000,1710006398,98,NULL,NULL,NULL),(1862,1,1,49.60019500,18.51813800,1710006400,97,NULL,NULL,NULL),(1863,1,1,49.60020200,18.51831800,1710006404,96,NULL,NULL,NULL),(1864,1,1,49.60009100,18.51855100,1710006410,97,NULL,NULL,NULL),(1865,1,1,49.59993800,18.51871900,1710006416,97,NULL,NULL,NULL),(1866,1,1,49.59981700,18.51888900,1710006421,97,NULL,NULL,NULL),(1867,1,1,49.59978800,18.51892400,1710006422,97,NULL,NULL,NULL),(1868,1,1,49.59961600,18.51909100,1710006428,96,NULL,NULL,NULL),(1869,1,1,49.59954800,18.51908700,1710006430,96,NULL,NULL,NULL),(1870,1,1,49.59938300,18.51905500,1710006434,96,NULL,NULL,NULL),(1871,1,1,49.59931200,18.51893500,1710006437,95,NULL,NULL,NULL),(1872,1,1,49.59926100,18.51880800,1710006440,96,NULL,NULL,NULL),(1873,1,1,49.59925800,18.51852500,1710006446,99,NULL,NULL,NULL),(1874,1,1,49.59935800,18.51829500,1710006451,97,NULL,NULL,NULL),(1875,1,1,49.59938600,18.51824900,1710006452,97,NULL,NULL,NULL),(1876,1,1,49.59950500,18.51803600,1710006458,97,NULL,NULL,NULL),(1877,1,1,49.59953100,18.51799600,1710006459,98,NULL,NULL,NULL),(1878,1,1,49.59965700,18.51778500,1710006465,97,NULL,NULL,NULL),(1879,1,1,49.59972600,18.51770000,1710006468,97,NULL,NULL,NULL),(1880,1,1,49.59989600,18.51766600,1710006474,99,NULL,NULL,NULL),(1881,1,1,49.60002300,18.51775600,1710006478,99,NULL,NULL,NULL),(1882,1,1,49.60005000,18.51779400,1710006479,99,NULL,NULL,NULL),(1883,1,1,49.60014900,18.51807300,1710006485,98,NULL,NULL,NULL),(1884,1,1,49.60014200,18.51828800,1710006489,99,NULL,NULL,NULL),(1885,1,1,49.60012800,18.51833800,1710006490,99,NULL,NULL,NULL),(1886,1,1,49.60011000,18.51838600,1710006491,99,NULL,NULL,NULL),(1887,1,1,49.60008900,18.51843800,1710006492,99,NULL,NULL,NULL),(1888,1,1,49.59998400,18.51863500,1710006497,98,NULL,NULL,NULL),(1889,1,1,49.59996000,18.51867600,1710006498,98,NULL,NULL,NULL),(1890,1,1,49.59980900,18.51890200,1710006504,99,NULL,NULL,NULL),(1891,1,1,49.59974000,18.51900000,1710006507,98,NULL,NULL,NULL),(1892,1,1,49.59960700,18.51912300,1710006512,98,NULL,NULL,NULL),(1893,1,1,49.59941900,18.51906700,1710006517,99,NULL,NULL,NULL),(1894,1,1,49.59928800,18.51885700,1710006523,99,NULL,NULL,NULL),(1895,1,1,49.59928400,18.51856000,1710006528,99,NULL,NULL,NULL),(1896,1,1,49.59934500,18.51829700,1710006533,98,NULL,NULL,NULL),(1897,1,1,49.59938000,18.51823100,1710006535,97,NULL,NULL,NULL),(1898,1,1,49.59952900,18.51799800,1710006541,96,NULL,NULL,NULL),(1899,1,1,49.59963000,18.51787300,1710006545,97,NULL,NULL,NULL),(1900,1,1,49.59974800,18.51772600,1710006550,96,NULL,NULL,NULL),(1901,1,1,49.59980200,18.51769400,1710006552,96,NULL,NULL,NULL),(1902,1,1,49.59997200,18.51769000,1710006557,97,NULL,NULL,NULL),(1903,1,1,49.60010500,18.51785900,1710006562,98,NULL,NULL,NULL),(1904,1,1,49.60017100,18.51812300,1710006567,98,NULL,NULL,NULL),(1905,1,1,49.60017900,18.51818100,1710006568,98,NULL,NULL,NULL),(1906,1,1,49.60016200,18.51834000,1710006571,98,NULL,NULL,NULL),(1907,1,1,49.60013400,18.51838700,1710006572,98,NULL,NULL,NULL),(1908,1,1,49.60004200,18.51849900,1710006575,100,NULL,NULL,NULL),(1909,1,1,49.59996700,18.51859400,1710006578,100,NULL,NULL,NULL),(1910,1,1,49.59983400,18.51881000,1710006584,97,NULL,NULL,NULL),(1911,1,1,49.59970500,18.51894500,1710006589,98,NULL,NULL,NULL),(1912,1,1,49.59968200,18.51897500,1710006590,98,NULL,NULL,NULL),(1913,1,1,49.59955000,18.51899600,1710006595,99,NULL,NULL,NULL),(1914,1,1,49.59936500,18.51889700,1710006601,98,NULL,NULL,NULL),(1915,1,1,49.59931900,18.51881700,1710006603,98,NULL,NULL,NULL),(1916,1,1,49.59930400,18.51877400,1710006604,98,NULL,NULL,NULL),(1917,1,1,49.59928900,18.51858700,1710006608,99,NULL,NULL,NULL),(1918,1,1,49.59935000,18.51827900,1710006614,98,NULL,NULL,NULL),(1919,1,1,49.59945300,18.51811400,1710006618,99,NULL,NULL,NULL),(1920,1,1,49.59949500,18.51806500,1710006620,99,NULL,NULL,NULL),(1921,1,1,49.59952400,18.51803200,1710006621,99,NULL,NULL,NULL),(1922,1,1,49.59966200,18.51782900,1710006627,97,NULL,NULL,NULL),(1923,1,1,49.59974700,18.51772500,1710006631,97,NULL,NULL,NULL),(1924,1,1,49.59989400,18.51769100,1710006636,97,NULL,NULL,NULL),(1925,1,1,49.60007600,18.51782000,1710006641,98,NULL,NULL,NULL),(1926,1,1,49.60016900,18.51809400,1710006646,100,NULL,NULL,NULL),(1927,1,1,49.60017800,18.51814500,1710006647,100,NULL,NULL,NULL),(1928,1,1,49.60015600,18.51840400,1710006652,99,NULL,NULL,NULL),(3857,1,3,49.53040200,18.51620200,1708439680,0,NULL,NULL,NULL),(3858,1,3,49.53034200,18.51614200,1708439681,0,NULL,NULL,NULL),(3859,1,3,49.53028200,18.51608200,1708439682,0,NULL,NULL,NULL),(3860,1,3,49.53022300,18.51602100,1708439684,0,NULL,NULL,NULL),(3861,1,3,49.53016300,18.51596100,1708439688,89,NULL,NULL,NULL),(3862,1,3,49.53010400,18.51590100,1708439690,89,NULL,NULL,NULL),(3863,1,3,49.53004400,18.51584000,1708439691,89,NULL,NULL,NULL),(3864,1,3,49.53012400,18.51583000,1708439693,90,NULL,NULL,NULL),(3865,1,3,49.53014200,18.51580100,1708439694,90,NULL,NULL,NULL),(3866,1,3,49.53017100,18.51574500,1708439697,91,NULL,NULL,NULL),(3867,1,3,49.53017100,18.51574000,1708439698,92,NULL,NULL,NULL),(3868,1,3,49.53020000,18.51573400,1708439700,93,NULL,NULL,NULL),(3869,1,3,49.53021200,18.51571700,1708439701,94,NULL,NULL,NULL),(3870,1,3,49.53024700,18.51567300,1708439703,93,NULL,NULL,NULL),(3871,1,3,49.53027600,18.51562600,1708439705,93,NULL,NULL,NULL),(3872,1,3,49.53028900,18.51558900,1708439706,93,NULL,NULL,NULL),(3873,1,3,49.53030200,18.51555400,1708439707,93,NULL,NULL,NULL),(3874,1,3,49.53032300,18.51552800,1708439708,93,NULL,NULL,NULL),(3875,1,3,49.53034800,18.51550100,1708439709,92,NULL,NULL,NULL),(3876,1,3,49.53049000,18.51533800,1708439715,93,NULL,NULL,NULL),(3877,1,3,49.53051000,18.51531800,1708439716,93,NULL,NULL,NULL),(3878,1,3,49.53066100,18.51522100,1708439722,93,NULL,NULL,NULL),(3879,1,3,49.53074500,18.51519700,1708439725,92,NULL,NULL,NULL),(3880,1,3,49.53083700,18.51509300,1708439730,92,NULL,NULL,NULL),(3881,1,3,49.53089400,18.51501500,1708439733,92,NULL,NULL,NULL),(3882,1,3,49.53094200,18.51497200,1708439735,92,NULL,NULL,NULL),(3883,1,3,49.53098700,18.51494200,1708439737,91,NULL,NULL,NULL),(3884,1,3,49.53106000,18.51487300,1708439740,91,NULL,NULL,NULL),(3885,1,3,49.53111400,18.51478300,1708439743,92,NULL,NULL,NULL),(3886,1,3,49.53118200,18.51468600,1708439747,92,NULL,NULL,NULL),(3887,1,3,49.53119800,18.51467000,1708439748,92,NULL,NULL,NULL),(3888,1,3,49.53132200,18.51457800,1708439753,91,NULL,NULL,NULL),(3889,1,3,49.53144200,18.51445000,1708439759,92,NULL,NULL,NULL),(3890,1,3,49.53145700,18.51442300,1708439760,92,NULL,NULL,NULL),(3891,1,3,49.53152100,18.51431900,1708439764,91,NULL,NULL,NULL),(3892,1,3,49.53160800,18.51412000,1708439770,90,NULL,NULL,NULL),(3893,1,3,49.53162500,18.51408200,1708439771,90,NULL,NULL,NULL),(3894,1,3,49.53166000,18.51401200,1708439773,90,NULL,NULL,NULL),(3895,1,3,49.53168800,18.51389300,1708439776,90,NULL,NULL,NULL),(3896,1,3,49.53169700,18.51385500,1708439777,90,NULL,NULL,NULL),(3897,1,3,49.53179400,18.51369800,1708439782,91,NULL,NULL,NULL),(3898,1,3,49.53181300,18.51367300,1708439783,91,NULL,NULL,NULL),(3899,1,3,49.53186700,18.51361300,1708439786,91,NULL,NULL,NULL),(3900,1,3,49.53191700,18.51355100,1708439789,91,NULL,NULL,NULL),(3901,1,3,49.53199400,18.51346300,1708439793,91,NULL,NULL,NULL),(3902,1,3,49.53204500,18.51332900,1708439797,92,NULL,NULL,NULL),(3903,1,3,49.53213400,18.51316900,1708439802,91,NULL,NULL,NULL),(3904,1,3,49.53214900,18.51313700,1708439803,91,NULL,NULL,NULL),(3905,1,3,49.53225500,18.51294300,1708439809,92,NULL,NULL,NULL),(3906,1,3,49.53229800,18.51289200,1708439811,93,NULL,NULL,NULL),(3907,1,3,49.53231400,18.51286700,1708439812,93,NULL,NULL,NULL),(3908,1,3,49.53240400,18.51276600,1708439816,92,NULL,NULL,NULL),(3909,1,3,49.53240900,18.51273100,1708439817,92,NULL,NULL,NULL),(3910,1,3,49.53247300,18.51253500,1708439823,91,NULL,NULL,NULL),(3911,1,3,49.53248200,18.51249800,1708439824,91,NULL,NULL,NULL),(3912,1,3,49.53257200,18.51238100,1708439829,90,NULL,NULL,NULL),(3913,1,3,49.53257800,18.51235000,1708439830,90,NULL,NULL,NULL),(3914,1,3,49.53261100,18.51224900,1708439833,90,NULL,NULL,NULL),(3915,1,3,49.53262200,18.51220900,1708439834,90,NULL,NULL,NULL),(3916,1,3,49.53263800,18.51212600,1708439836,91,NULL,NULL,NULL),(3917,1,3,49.53268700,18.51196500,1708439840,92,NULL,NULL,NULL),(3918,1,3,49.53271600,18.51188900,1708439842,91,NULL,NULL,NULL),(3919,1,3,49.53282300,18.51168500,1708439848,94,NULL,NULL,NULL),(3920,1,3,49.53283900,18.51165000,1708439849,94,NULL,NULL,NULL),(3921,1,3,49.53291300,18.51150400,1708439854,93,NULL,NULL,NULL),(3922,1,3,49.53294200,18.51143000,1708439856,92,NULL,NULL,NULL),(3923,1,3,49.53296100,18.51139800,1708439857,93,NULL,NULL,NULL),(3924,1,3,49.53303200,18.51122700,1708439862,92,NULL,NULL,NULL),(3925,1,3,49.53311900,18.51106400,1708439868,94,NULL,NULL,NULL),(3926,1,3,49.53312700,18.51103200,1708439869,94,NULL,NULL,NULL),(3927,1,3,49.53320400,18.51077200,1708439875,94,NULL,NULL,NULL),(3928,1,3,49.53323700,18.51067300,1708439877,93,NULL,NULL,NULL),(3929,1,3,49.53325300,18.51062900,1708439878,93,NULL,NULL,NULL),(3930,1,3,49.53334600,18.51042400,1708439883,92,NULL,NULL,NULL),(3931,1,3,49.53338300,18.51034800,1708439885,92,NULL,NULL,NULL),(3932,1,3,49.53345300,18.51024200,1708439888,93,NULL,NULL,NULL),(3933,1,3,49.53350000,18.51018200,1708439890,93,NULL,NULL,NULL),(3934,1,3,49.53354600,18.51010700,1708439892,92,NULL,NULL,NULL),(3935,1,3,49.53368300,18.50991200,1708439898,92,NULL,NULL,NULL),(3936,1,3,49.53370300,18.50988700,1708439899,92,NULL,NULL,NULL),(3937,1,3,49.53382300,18.50967000,1708439905,92,NULL,NULL,NULL),(3938,1,3,49.53391900,18.50946400,1708439910,93,NULL,NULL,NULL),(3939,1,3,49.53393800,18.50942500,1708439911,93,NULL,NULL,NULL),(3940,1,3,49.53403100,18.50925600,1708439916,91,NULL,NULL,NULL),(3941,1,3,49.53413300,18.50907400,1708439921,92,NULL,NULL,NULL),(3942,1,3,49.53426000,18.50889400,1708439927,93,NULL,NULL,NULL),(3943,1,3,49.53429200,18.50888300,1708439928,92,NULL,NULL,NULL),(3944,1,3,49.53443100,18.50874400,1708439934,93,NULL,NULL,NULL),(3945,1,3,49.53445800,18.50872900,1708439935,93,NULL,NULL,NULL),(3946,1,3,49.53457500,18.50855500,1708439941,92,NULL,NULL,NULL),(3947,1,3,49.53458400,18.50851200,1708439942,92,NULL,NULL,NULL),(3948,1,3,49.53459500,18.50846700,1708439943,92,NULL,NULL,NULL),(3949,1,3,49.53468900,18.50822300,1708439949,92,NULL,NULL,NULL),(3950,1,3,49.53470300,18.50817600,1708439950,92,NULL,NULL,NULL),(3951,1,3,49.53471600,18.50813000,1708439951,92,NULL,NULL,NULL),(3952,1,3,49.53478600,18.50798100,1708439955,91,NULL,NULL,NULL),(3953,1,3,49.53480400,18.50794600,1708439956,91,NULL,NULL,NULL),(3954,1,3,49.53482200,18.50790700,1708439957,91,NULL,NULL,NULL),(3955,1,3,49.53491200,18.50772900,1708439962,90,NULL,NULL,NULL),(3956,1,3,49.53492200,18.50769800,1708439963,90,NULL,NULL,NULL),(3957,1,3,49.53494400,18.50757100,1708439967,90,NULL,NULL,NULL),(3958,1,3,49.53495200,18.50753200,1708439968,90,NULL,NULL,NULL),(3959,1,3,49.53500900,18.50743300,1708439971,90,NULL,NULL,NULL),(3960,1,3,49.53501800,18.50739300,1708439972,90,NULL,NULL,NULL),(3961,1,3,49.53502200,18.50731700,1708439974,90,NULL,NULL,NULL),(3962,1,3,49.53506400,18.50712900,1708439978,91,NULL,NULL,NULL),(3963,1,3,49.53507400,18.50707800,1708439979,91,NULL,NULL,NULL),(3964,1,3,49.53513300,18.50688000,1708439983,91,NULL,NULL,NULL),(3965,1,3,49.53514400,18.50683600,1708439984,91,NULL,NULL,NULL),(3966,1,3,49.53521300,18.50663000,1708439990,92,NULL,NULL,NULL),(3967,1,3,49.53525600,18.50655800,1708439992,94,NULL,NULL,NULL),(3968,1,3,49.53532800,18.50636700,1708439997,93,NULL,NULL,NULL),(3969,1,3,49.53533900,18.50632400,1708439998,93,NULL,NULL,NULL),(3970,1,3,49.53538700,18.50617900,1708440002,92,NULL,NULL,NULL),(3971,1,3,49.53531200,18.50590400,1708440007,92,NULL,NULL,NULL),(3972,1,3,49.53528400,18.50580000,1708440009,93,NULL,NULL,NULL),(3973,1,3,49.53528600,18.50571100,1708440011,93,NULL,NULL,NULL),(3974,1,3,49.53527600,18.50548600,1708440017,92,NULL,NULL,NULL),(3975,1,3,49.53527100,18.50542100,1708440019,93,NULL,NULL,NULL),(3976,1,3,49.53525300,18.50524600,1708440023,92,NULL,NULL,NULL),(3977,1,3,49.53522900,18.50504500,1708440027,92,NULL,NULL,NULL),(3978,1,3,49.53521800,18.50499200,1708440028,92,NULL,NULL,NULL),(3979,1,3,49.53519800,18.50489200,1708440030,93,NULL,NULL,NULL),(3980,1,3,49.53516800,18.50477600,1708440032,93,NULL,NULL,NULL),(3981,1,3,49.53514900,18.50472000,1708440033,93,NULL,NULL,NULL),(3982,1,3,49.53513800,18.50444400,1708440038,92,NULL,NULL,NULL),(3983,1,3,49.53517400,18.50415600,1708440044,93,NULL,NULL,NULL),(3984,1,3,49.53518900,18.50404300,1708440046,93,NULL,NULL,NULL),(3985,1,3,49.53521800,18.50390900,1708440049,92,NULL,NULL,NULL),(3986,1,3,49.53524400,18.50384700,1708440051,93,NULL,NULL,NULL),(3987,1,3,49.53530200,18.50362900,1708440057,95,NULL,NULL,NULL),(3988,1,3,49.53532100,18.50340700,1708440062,94,NULL,NULL,NULL),(3989,1,3,49.53528400,18.50315800,1708440067,93,NULL,NULL,NULL),(3990,1,3,49.53530300,18.50285800,1708440073,94,NULL,NULL,NULL),(3991,1,3,49.53530300,18.50259000,1708440079,93,NULL,NULL,NULL),(3992,1,3,49.53526400,18.50233200,1708440084,93,NULL,NULL,NULL),(3993,1,3,49.53525000,18.50228200,1708440085,93,NULL,NULL,NULL),(3994,1,3,49.53522600,18.50217400,1708440088,93,NULL,NULL,NULL),(3995,1,3,49.53518600,18.50204100,1708440092,92,NULL,NULL,NULL),(3996,1,3,49.53518900,18.50191000,1708440096,92,NULL,NULL,NULL),(3997,1,3,49.53518300,18.50180100,1708440098,93,NULL,NULL,NULL),(3998,1,3,49.53513600,18.50153300,1708440104,92,NULL,NULL,NULL),(3999,1,3,49.53513300,18.50149900,1708440105,92,NULL,NULL,NULL),(4000,1,3,49.53508700,18.50134800,1708440109,92,NULL,NULL,NULL),(4001,1,3,49.53506300,18.50126300,1708440111,93,NULL,NULL,NULL),(4002,1,3,49.53503300,18.50102000,1708440117,93,NULL,NULL,NULL),(4003,1,3,49.53502100,18.50096800,1708440118,93,NULL,NULL,NULL),(4004,1,3,49.53500500,18.50069100,1708440124,92,NULL,NULL,NULL),(4005,1,3,49.53500800,18.50061400,1708440126,92,NULL,NULL,NULL),(4006,1,3,49.53502700,18.50057400,1708440127,92,NULL,NULL,NULL),(4007,1,3,49.53510100,18.50043600,1708440131,93,NULL,NULL,NULL),(4008,1,3,49.53508400,18.50018800,1708440137,92,NULL,NULL,NULL),(4009,1,3,49.53509100,18.50014600,1708440138,93,NULL,NULL,NULL),(4010,1,3,49.53508700,18.49997000,1708440142,93,NULL,NULL,NULL),(4011,1,3,49.53505100,18.49987200,1708440144,92,NULL,NULL,NULL),(4012,1,3,49.53497000,18.49971600,1708440147,92,NULL,NULL,NULL),(4013,1,3,49.53499200,18.49943600,1708440153,93,NULL,NULL,NULL),(4014,1,3,49.53508000,18.49916800,1708440159,94,NULL,NULL,NULL),(4015,1,3,49.53510100,18.49912700,1708440160,94,NULL,NULL,NULL),(4016,1,3,49.53520200,18.49905000,1708440163,95,NULL,NULL,NULL),(4017,1,3,49.53537200,18.49890400,1708440167,94,NULL,NULL,NULL),(4018,1,3,49.53543300,18.49881300,1708440169,94,NULL,NULL,NULL),(4019,1,3,49.53558500,18.49863700,1708440174,96,NULL,NULL,NULL),(4020,1,3,49.53564600,18.49857900,1708440176,95,NULL,NULL,NULL),(4021,1,3,49.53573200,18.49848400,1708440180,96,NULL,NULL,NULL),(4022,1,3,49.53587700,18.49840000,1708440185,95,NULL,NULL,NULL),(4023,1,3,49.53601500,18.49829900,1708440190,95,NULL,NULL,NULL),(4024,1,3,49.53604500,18.49827900,1708440191,95,NULL,NULL,NULL),(4025,1,3,49.53615200,18.49824200,1708440194,95,NULL,NULL,NULL),(4026,1,3,49.53618000,18.49824100,1708440195,93,NULL,NULL,NULL),(4027,1,3,49.53622900,18.49824300,1708440197,93,NULL,NULL,NULL),(4028,1,3,49.53627100,18.49822500,1708440199,94,NULL,NULL,NULL),(4029,1,3,49.53629700,18.49821900,1708440200,94,NULL,NULL,NULL),(4030,1,3,49.53632900,18.49821300,1708440201,94,NULL,NULL,NULL),(4031,1,3,49.53636200,18.49822800,1708440202,94,NULL,NULL,NULL),(4032,1,3,49.53639800,18.49824800,1708440203,94,NULL,NULL,NULL),(4033,1,3,49.53643700,18.49826900,1708440204,95,NULL,NULL,NULL),(4034,1,3,49.53647400,18.49828300,1708440205,95,NULL,NULL,NULL),(4035,1,3,49.53667500,18.49828600,1708440211,95,NULL,NULL,NULL),(4036,1,3,49.53672600,18.49828700,1708440213,94,NULL,NULL,NULL),(4037,1,3,49.53686500,18.49828200,1708440217,94,NULL,NULL,NULL),(4038,1,3,49.53697300,18.49825700,1708440221,93,NULL,NULL,NULL),(4039,1,3,49.53699200,18.49821600,1708440222,93,NULL,NULL,NULL),(4040,1,3,49.53702300,18.49819700,1708440223,93,NULL,NULL,NULL),(4041,1,3,49.53705400,18.49818700,1708440224,93,NULL,NULL,NULL),(4042,1,3,49.53722400,18.49822900,1708440229,93,NULL,NULL,NULL),(4043,1,3,49.53728700,18.49825200,1708440231,93,NULL,NULL,NULL),(4044,1,3,49.53737600,18.49828400,1708440234,92,NULL,NULL,NULL),(4045,1,3,49.53750700,18.49830500,1708440239,91,NULL,NULL,NULL),(4046,1,3,49.53752900,18.49830800,1708440240,91,NULL,NULL,NULL),(4047,1,3,49.53767600,18.49839600,1708440245,92,NULL,NULL,NULL),(4048,1,3,49.53769900,18.49840400,1708440246,92,NULL,NULL,NULL),(4049,1,3,49.53781200,18.49841200,1708440250,92,NULL,NULL,NULL),(4050,1,3,49.53785200,18.49840400,1708440252,92,NULL,NULL,NULL),(4051,1,3,49.53794800,18.49839800,1708440256,93,NULL,NULL,NULL),(4052,1,3,49.53808000,18.49842300,1708440261,93,NULL,NULL,NULL),(4053,1,3,49.53810800,18.49843000,1708440262,93,NULL,NULL,NULL),(4054,1,3,49.53825000,18.49847000,1708440267,92,NULL,NULL,NULL),(4055,1,3,49.53832800,18.49847500,1708440271,93,NULL,NULL,NULL),(4056,1,3,49.53835100,18.49847200,1708440272,93,NULL,NULL,NULL),(4057,1,3,49.53851500,18.49845900,1708440277,94,NULL,NULL,NULL),(4058,1,3,49.53855200,18.49847500,1708440278,94,NULL,NULL,NULL),(4059,1,3,49.53874000,18.49855200,1708440284,94,NULL,NULL,NULL),(4060,1,3,49.53877500,18.49856800,1708440285,95,NULL,NULL,NULL),(4061,1,3,49.53887400,18.49855700,1708440288,96,NULL,NULL,NULL),(4062,1,3,49.53891700,18.49852900,1708440289,95,NULL,NULL,NULL),(4063,1,3,49.53895400,18.49849900,1708440290,95,NULL,NULL,NULL),(4064,1,3,49.53914000,18.49856700,1708440296,96,NULL,NULL,NULL),(4065,1,3,49.53917100,18.49858300,1708440297,95,NULL,NULL,NULL),(4066,1,3,49.53928700,18.49858500,1708440301,95,NULL,NULL,NULL),(4067,1,3,49.53944900,18.49853300,1708440306,94,NULL,NULL,NULL),(4068,1,3,49.53964600,18.49840800,1708440312,95,NULL,NULL,NULL),(4069,1,3,49.53971700,18.49837100,1708440314,94,NULL,NULL,NULL),(4070,1,3,49.53980800,18.49836700,1708440317,93,NULL,NULL,NULL),(4071,1,3,49.53994900,18.49830500,1708440322,94,NULL,NULL,NULL),(4072,1,3,49.54010200,18.49818400,1708440327,93,NULL,NULL,NULL),(4073,1,3,49.54020500,18.49806500,1708440331,94,NULL,NULL,NULL),(4074,1,3,49.54025600,18.49802900,1708440333,94,NULL,NULL,NULL),(4075,1,3,49.54031400,18.49801100,1708440335,94,NULL,NULL,NULL),(4076,1,3,49.54034500,18.49800400,1708440336,94,NULL,NULL,NULL),(4077,1,3,49.54049600,18.49798000,1708440341,93,NULL,NULL,NULL),(4078,1,3,49.54053600,18.49799700,1708440342,93,NULL,NULL,NULL),(4079,1,3,49.54061700,18.49796600,1708440345,93,NULL,NULL,NULL),(4080,1,3,49.54064000,18.49793600,1708440346,93,NULL,NULL,NULL),(4081,1,3,49.54068600,18.49786100,1708440348,93,NULL,NULL,NULL),(4082,1,3,49.54074900,18.49777100,1708440351,93,NULL,NULL,NULL),(4083,1,3,49.54080100,18.49773200,1708440353,94,NULL,NULL,NULL),(4084,1,3,49.54096300,18.49757100,1708440359,94,NULL,NULL,NULL),(4085,1,3,49.54110700,18.49741700,1708440365,94,NULL,NULL,NULL),(4086,1,3,49.54122800,18.49726600,1708440370,94,NULL,NULL,NULL),(4087,1,3,49.54126800,18.49724200,1708440372,94,NULL,NULL,NULL),(4088,1,3,49.54137400,18.49718400,1708440376,96,NULL,NULL,NULL),(4089,1,3,49.54140000,18.49718500,1708440377,96,NULL,NULL,NULL),(4090,1,3,49.54154000,18.49710000,1708440383,96,NULL,NULL,NULL),(4091,1,3,49.54156600,18.49708100,1708440384,96,NULL,NULL,NULL),(4092,1,3,49.54166900,18.49694200,1708440389,95,NULL,NULL,NULL),(4093,1,3,49.54177800,18.49678000,1708440394,95,NULL,NULL,NULL),(4094,1,3,49.54184500,18.49670400,1708440397,95,NULL,NULL,NULL),(4095,1,3,49.54188900,18.49663100,1708440399,95,NULL,NULL,NULL),(4096,1,3,49.54199400,18.49641400,1708440405,95,NULL,NULL,NULL),(4097,1,3,49.54201100,18.49637700,1708440406,95,NULL,NULL,NULL),(4098,1,3,49.54209900,18.49612800,1708440411,94,NULL,NULL,NULL),(4099,1,3,49.54220200,18.49587300,1708440417,94,NULL,NULL,NULL),(4100,1,3,49.54221500,18.49582900,1708440418,94,NULL,NULL,NULL),(4101,1,3,49.54230100,18.49557100,1708440424,94,NULL,NULL,NULL),(4102,1,3,49.54238300,18.49534300,1708440430,94,NULL,NULL,NULL),(4103,1,3,49.54242500,18.49525200,1708440433,94,NULL,NULL,NULL),(4104,1,3,49.54244900,18.49516600,1708440435,94,NULL,NULL,NULL),(4105,1,3,49.54253500,18.49495700,1708440441,94,NULL,NULL,NULL),(4106,1,3,49.54255300,18.49492500,1708440442,95,NULL,NULL,NULL),(4107,1,3,49.54264700,18.49476000,1708440447,94,NULL,NULL,NULL),(4108,1,3,49.54270700,18.49463600,1708440451,95,NULL,NULL,NULL),(4109,1,3,49.54282000,18.49457100,1708440455,95,NULL,NULL,NULL),(4110,1,3,49.54285400,18.49456600,1708440456,95,NULL,NULL,NULL),(4111,1,3,49.54289500,18.49454000,1708440458,95,NULL,NULL,NULL),(4112,1,3,49.54291600,18.49453000,1708440459,95,NULL,NULL,NULL),(4113,1,3,49.54303600,18.49456000,1708440464,94,NULL,NULL,NULL),(4114,1,3,49.54309900,18.49460600,1708440467,94,NULL,NULL,NULL),(4115,1,3,49.54313300,18.49462200,1708440468,94,NULL,NULL,NULL),(4116,1,3,49.54317500,18.49464700,1708440469,94,NULL,NULL,NULL),(4117,1,3,49.54326200,18.49471100,1708440472,94,NULL,NULL,NULL),(4118,1,3,49.54334100,18.49479600,1708440475,94,NULL,NULL,NULL),(4119,1,3,49.54338200,18.49480900,1708440477,94,NULL,NULL,NULL),(4120,1,3,49.54341200,18.49481400,1708440478,93,NULL,NULL,NULL),(4121,1,3,49.54347300,18.49483300,1708440480,94,NULL,NULL,NULL),(4122,1,3,49.54354100,18.49485900,1708440482,93,NULL,NULL,NULL),(4123,1,3,49.54368200,18.49484400,1708440487,95,NULL,NULL,NULL),(4124,1,3,49.54371800,18.49483000,1708440488,96,NULL,NULL,NULL),(4125,1,3,49.54381100,18.49482300,1708440491,96,NULL,NULL,NULL),(4126,1,3,49.54384400,18.49480700,1708440492,96,NULL,NULL,NULL),(4127,1,3,49.54392900,18.49474200,1708440495,95,NULL,NULL,NULL),(4128,1,3,49.54396100,18.49475000,1708440496,95,NULL,NULL,NULL),(4129,1,3,49.54402000,18.49472400,1708440498,95,NULL,NULL,NULL),(4130,1,3,49.54411800,18.49460600,1708440502,94,NULL,NULL,NULL),(4131,1,3,49.54413900,18.49457000,1708440503,94,NULL,NULL,NULL),(4132,1,3,49.54424700,18.49437500,1708440508,93,NULL,NULL,NULL),(4133,1,3,49.54427400,18.49434600,1708440509,93,NULL,NULL,NULL),(4134,1,3,49.54441500,18.49414300,1708440515,93,NULL,NULL,NULL),(4135,1,3,49.54453800,18.49395400,1708440521,94,NULL,NULL,NULL),(4136,1,3,49.54456300,18.49391300,1708440522,94,NULL,NULL,NULL),(4137,1,3,49.54469200,18.49370900,1708440528,95,NULL,NULL,NULL),(4138,1,3,49.54471500,18.49366600,1708440529,95,NULL,NULL,NULL),(4139,1,3,49.54483700,18.49347000,1708440535,96,NULL,NULL,NULL),(4140,1,3,49.54491900,18.49333100,1708440539,95,NULL,NULL,NULL),(4141,1,3,49.54495400,18.49326100,1708440541,94,NULL,NULL,NULL),(4142,1,3,49.54505300,18.49301100,1708440547,94,NULL,NULL,NULL),(4143,1,3,49.54507100,18.49297800,1708440548,94,NULL,NULL,NULL),(4144,1,3,49.54521500,18.49277600,1708440554,94,NULL,NULL,NULL),(4145,1,3,49.54532000,18.49255900,1708440560,94,NULL,NULL,NULL),(4146,1,3,49.54540400,18.49244200,1708440565,94,NULL,NULL,NULL),(4147,1,3,49.54552900,18.49230700,1708440571,95,NULL,NULL,NULL),(4148,1,3,49.54564200,18.49207400,1708440577,95,NULL,NULL,NULL),(4149,1,3,49.54566200,18.49203800,1708440578,95,NULL,NULL,NULL),(4150,1,3,49.54573600,18.49185000,1708440582,94,NULL,NULL,NULL),(4151,1,3,49.54581300,18.49171300,1708440586,93,NULL,NULL,NULL),(4152,1,3,49.54591400,18.49156200,1708440591,94,NULL,NULL,NULL),(4153,1,3,49.54601600,18.49140100,1708440596,94,NULL,NULL,NULL),(4154,1,3,49.54606400,18.49133500,1708440598,93,NULL,NULL,NULL),(4155,1,3,49.54613600,18.49119300,1708440602,95,NULL,NULL,NULL),(4156,1,3,49.54620200,18.49114500,1708440604,94,NULL,NULL,NULL),(4157,1,3,49.54626500,18.49110300,1708440606,94,NULL,NULL,NULL),(4158,1,3,49.54634600,18.49097500,1708440611,94,NULL,NULL,NULL),(4159,1,3,49.54637500,18.49090500,1708440613,95,NULL,NULL,NULL),(4160,1,3,49.54641400,18.49085300,1708440615,95,NULL,NULL,NULL),(4161,1,3,49.54645100,18.49079100,1708440617,94,NULL,NULL,NULL),(4162,1,3,49.54659900,18.49061000,1708440623,95,NULL,NULL,NULL),(4163,1,3,49.54662900,18.49058700,1708440624,95,NULL,NULL,NULL),(4164,1,3,49.54674200,18.49037600,1708440630,95,NULL,NULL,NULL),(4165,1,3,49.54676300,18.49033800,1708440631,95,NULL,NULL,NULL),(4166,1,3,49.54678800,18.49030700,1708440632,95,NULL,NULL,NULL),(4167,1,3,49.54691200,18.49012800,1708440638,95,NULL,NULL,NULL),(4168,1,3,49.54709700,18.48999700,1708440644,96,NULL,NULL,NULL),(4169,1,3,49.54715700,18.48996700,1708440646,96,NULL,NULL,NULL),(4170,1,3,49.54719900,18.48991900,1708440648,95,NULL,NULL,NULL),(4171,1,3,49.54722500,18.48989300,1708440649,95,NULL,NULL,NULL),(4172,1,3,49.54730900,18.48978900,1708440653,95,NULL,NULL,NULL),(4173,1,3,49.54732400,18.48975100,1708440654,95,NULL,NULL,NULL),(4174,1,3,49.54734900,18.48972100,1708440655,95,NULL,NULL,NULL),(4175,1,3,49.54750400,18.48959500,1708440660,95,NULL,NULL,NULL),(4176,1,3,49.54765900,18.48950100,1708440666,94,NULL,NULL,NULL),(4177,1,3,49.54768500,18.48948500,1708440667,94,NULL,NULL,NULL),(4178,1,3,49.54771700,18.48946500,1708440668,94,NULL,NULL,NULL),(4179,1,3,49.54786300,18.48941700,1708440673,93,NULL,NULL,NULL),(4180,1,3,49.54789200,18.48940300,1708440675,93,NULL,NULL,NULL),(4181,1,3,49.54793700,18.48934600,1708440677,93,NULL,NULL,NULL),(4182,1,3,49.54803800,18.48922400,1708440683,93,NULL,NULL,NULL),(4183,1,3,49.54806700,18.48922200,1708440684,94,NULL,NULL,NULL),(4184,1,3,49.54817500,18.48918700,1708440688,93,NULL,NULL,NULL),(4185,1,3,49.54825500,18.48915700,1708440691,94,NULL,NULL,NULL),(4186,1,3,49.54835800,18.48907600,1708440695,95,NULL,NULL,NULL),(4187,1,3,49.54838300,18.48905500,1708440696,94,NULL,NULL,NULL),(4188,1,3,49.54849300,18.48890700,1708440700,94,NULL,NULL,NULL),(4189,1,3,49.54867500,18.48878400,1708440705,94,NULL,NULL,NULL),(4190,1,3,49.54885900,18.48872300,1708440711,94,NULL,NULL,NULL),(4191,1,3,49.54888800,18.48870500,1708440712,94,NULL,NULL,NULL),(4192,1,3,49.54891900,18.48869100,1708440713,94,NULL,NULL,NULL),(4193,1,3,49.54907600,18.48864400,1708440718,94,NULL,NULL,NULL),(4194,1,3,49.54913800,18.48860800,1708440720,94,NULL,NULL,NULL),(4195,1,3,49.54923500,18.48854000,1708440724,95,NULL,NULL,NULL),(4196,1,3,49.54938800,18.48841200,1708440730,96,NULL,NULL,NULL),(4197,1,3,49.54942000,18.48840200,1708440731,96,NULL,NULL,NULL),(4198,1,3,49.54953200,18.48829900,1708440735,94,NULL,NULL,NULL),(4199,1,3,49.54955800,18.48826700,1708440736,94,NULL,NULL,NULL),(4200,1,3,49.54969000,18.48815900,1708440741,95,NULL,NULL,NULL),(4201,1,3,49.54970300,18.48813100,1708440742,95,NULL,NULL,NULL),(4202,1,3,49.54975000,18.48804000,1708440745,94,NULL,NULL,NULL),(4203,1,3,49.54988100,18.48795700,1708440750,94,NULL,NULL,NULL),(4204,1,3,49.55001200,18.48789200,1708440755,94,NULL,NULL,NULL),(4205,1,3,49.55018800,18.48777900,1708440761,94,NULL,NULL,NULL),(4206,1,3,49.55034700,18.48763400,1708440767,94,NULL,NULL,NULL),(4207,1,3,49.55049600,18.48754000,1708440773,94,NULL,NULL,NULL),(4208,1,3,49.55051400,18.48752000,1708440774,94,NULL,NULL,NULL),(4209,1,3,49.55062400,18.48742900,1708440779,94,NULL,NULL,NULL),(4210,1,3,49.55077000,18.48741800,1708440785,94,NULL,NULL,NULL),(4211,1,3,49.55083000,18.48742600,1708440788,94,NULL,NULL,NULL),(4212,1,3,49.55085400,18.48742600,1708440789,94,NULL,NULL,NULL),(4213,1,3,49.55100500,18.48746900,1708440794,94,NULL,NULL,NULL),(4214,1,3,49.55105100,18.48745500,1708440796,94,NULL,NULL,NULL),(4215,1,3,49.55106600,18.48743200,1708440797,94,NULL,NULL,NULL),(4216,1,3,49.55109400,18.48745600,1708440798,94,NULL,NULL,NULL),(4217,1,3,49.55117500,18.48745300,1708440802,94,NULL,NULL,NULL),(4218,1,3,49.55119600,18.48743000,1708440803,94,NULL,NULL,NULL),(4219,1,3,49.55130600,18.48733400,1708440807,94,NULL,NULL,NULL),(4220,1,3,49.55136400,18.48727800,1708440809,94,NULL,NULL,NULL),(4221,1,3,49.55145500,18.48721800,1708440812,94,NULL,NULL,NULL),(4222,1,3,49.55154000,18.48717800,1708440815,95,NULL,NULL,NULL),(4223,1,3,49.55158900,18.48716100,1708440817,95,NULL,NULL,NULL),(4224,1,3,49.55170600,18.48705500,1708440822,94,NULL,NULL,NULL),(4225,1,3,49.55175200,18.48701200,1708440824,93,NULL,NULL,NULL),(4226,1,3,49.55177400,18.48702200,1708440825,93,NULL,NULL,NULL),(4227,1,3,49.55179900,18.48701200,1708440826,93,NULL,NULL,NULL),(4228,1,3,49.55191200,18.48690300,1708440831,93,NULL,NULL,NULL),(4229,1,3,49.55193200,18.48687500,1708440832,93,NULL,NULL,NULL),(4230,1,3,49.55197300,18.48681600,1708440834,94,NULL,NULL,NULL),(4231,1,3,49.55199000,18.48677900,1708440835,94,NULL,NULL,NULL),(4232,1,3,49.55212500,18.48659400,1708440841,94,NULL,NULL,NULL),(4233,1,3,49.55216900,18.48652200,1708440843,94,NULL,NULL,NULL),(4234,1,3,49.55225200,18.48633500,1708440849,93,NULL,NULL,NULL),(4235,1,3,49.55228600,18.48628100,1708440851,92,NULL,NULL,NULL),(4236,1,3,49.55231200,18.48621100,1708440853,92,NULL,NULL,NULL),(4237,1,3,49.55242500,18.48596700,1708440859,95,NULL,NULL,NULL),(4238,1,3,49.55246200,18.48587200,1708440861,95,NULL,NULL,NULL),(4239,1,3,49.55260600,18.48566900,1708440867,94,NULL,NULL,NULL),(4240,1,3,49.55263200,18.48566000,1708440868,94,NULL,NULL,NULL),(4241,1,3,49.55271300,18.48560700,1708440871,95,NULL,NULL,NULL),(4242,1,3,49.55276700,18.48553200,1708440873,95,NULL,NULL,NULL),(4243,1,3,49.55279600,18.48553600,1708440874,96,NULL,NULL,NULL),(4244,1,3,49.55285400,18.48555100,1708440876,96,NULL,NULL,NULL),(4245,1,3,49.55294700,18.48552600,1708440879,97,NULL,NULL,NULL),(4246,1,3,49.55300300,18.48551700,1708440881,98,NULL,NULL,NULL),(4247,1,3,49.55306000,18.48549300,1708440883,98,NULL,NULL,NULL),(4248,1,3,49.55308200,18.48545100,1708440884,98,NULL,NULL,NULL),(4249,1,3,49.55313200,18.48543100,1708440886,98,NULL,NULL,NULL),(4250,1,3,49.55317700,18.48538300,1708440888,97,NULL,NULL,NULL),(4251,1,3,49.55320200,18.48536200,1708440889,96,NULL,NULL,NULL),(4252,1,3,49.55334000,18.48524000,1708440894,96,NULL,NULL,NULL),(4253,1,3,49.55351400,18.48513600,1708440900,98,NULL,NULL,NULL),(4254,1,3,49.55363300,18.48507100,1708440905,96,NULL,NULL,NULL),(4255,1,3,49.55374200,18.48497100,1708440910,96,NULL,NULL,NULL),(4256,1,3,49.55384900,18.48496000,1708440913,95,NULL,NULL,NULL),(4257,1,3,49.55391000,18.48493800,1708440915,95,NULL,NULL,NULL),(4258,1,3,49.55393600,18.48491100,1708440916,95,NULL,NULL,NULL),(4259,1,3,49.55401900,18.48480700,1708440919,96,NULL,NULL,NULL),(4260,1,3,49.55404000,18.48477900,1708440920,96,NULL,NULL,NULL),(4261,1,3,49.55415700,18.48466700,1708440925,95,NULL,NULL,NULL),(4262,1,3,49.55418500,18.48464700,1708440926,94,NULL,NULL,NULL),(4263,1,3,49.55422400,18.48461600,1708440928,93,NULL,NULL,NULL),(4264,1,3,49.55424800,18.48458500,1708440929,93,NULL,NULL,NULL),(4265,1,3,49.55435500,18.48447000,1708440933,92,NULL,NULL,NULL),(4266,1,3,49.55443500,18.48440400,1708440936,93,NULL,NULL,NULL),(4267,1,3,49.55448100,18.48433600,1708440938,94,NULL,NULL,NULL),(4268,1,3,49.55456900,18.48424400,1708440941,95,NULL,NULL,NULL),(4269,1,3,49.55462800,18.48419500,1708440943,94,NULL,NULL,NULL),(4270,1,3,49.55468100,18.48414500,1708440945,95,NULL,NULL,NULL),(4271,1,3,49.55478000,18.48405600,1708440949,96,NULL,NULL,NULL),(4272,1,3,49.55489600,18.48396800,1708440953,96,NULL,NULL,NULL),(4273,1,3,49.55497600,18.48390300,1708440956,96,NULL,NULL,NULL),(4274,1,3,49.55511400,18.48380300,1708440961,94,NULL,NULL,NULL),(4275,1,3,49.55524300,18.48373700,1708440965,93,NULL,NULL,NULL),(4276,1,3,49.55535200,18.48367300,1708440969,97,NULL,NULL,NULL),(4277,1,3,49.55544000,18.48362900,1708440972,97,NULL,NULL,NULL),(4278,1,3,49.55560400,18.48357600,1708440977,97,NULL,NULL,NULL),(4279,1,3,49.55572900,18.48351700,1708440981,96,NULL,NULL,NULL),(4280,1,3,49.55585400,18.48344500,1708440985,95,NULL,NULL,NULL),(4281,1,3,49.55588300,18.48342900,1708440986,95,NULL,NULL,NULL),(4282,1,3,49.55604200,18.48334600,1708440992,96,NULL,NULL,NULL),(4283,1,3,49.55607000,18.48333300,1708440993,96,NULL,NULL,NULL),(4284,1,3,49.55621100,18.48327200,1708440998,95,NULL,NULL,NULL),(4285,1,3,49.55630800,18.48323000,1708441001,95,NULL,NULL,NULL),(4286,1,3,49.55642900,18.48318100,1708441005,96,NULL,NULL,NULL),(4287,1,3,49.55652500,18.48311200,1708441010,95,NULL,NULL,NULL),(4288,1,3,49.55665600,18.48303500,1708441014,95,NULL,NULL,NULL),(4289,1,3,49.55674000,18.48301700,1708441016,96,NULL,NULL,NULL),(4290,1,3,49.55679500,18.48297500,1708441018,96,NULL,NULL,NULL),(4291,1,3,49.55695200,18.48286700,1708441023,97,NULL,NULL,NULL),(4292,1,3,49.55698400,18.48284700,1708441024,97,NULL,NULL,NULL),(4293,1,3,49.55711000,18.48263100,1708441030,97,NULL,NULL,NULL),(4294,1,3,49.55714400,18.48260800,1708441031,97,NULL,NULL,NULL),(4295,1,3,49.55721500,18.48251400,1708441034,97,NULL,NULL,NULL),(4296,1,3,49.55732400,18.48241900,1708441038,97,NULL,NULL,NULL),(4297,1,3,49.55744600,18.48230000,1708441043,97,NULL,NULL,NULL),(4298,1,3,49.55756000,18.48217700,1708441048,97,NULL,NULL,NULL),(4299,1,3,49.55769200,18.48197800,1708441054,96,NULL,NULL,NULL),(4300,1,3,49.55771600,18.48194100,1708441055,96,NULL,NULL,NULL),(4301,1,3,49.55777100,18.48184800,1708441057,97,NULL,NULL,NULL),(4302,1,3,49.55781900,18.48177900,1708441059,97,NULL,NULL,NULL),(4303,1,3,49.55786300,18.48173100,1708441061,97,NULL,NULL,NULL),(4304,1,3,49.55794400,18.48168700,1708441065,95,NULL,NULL,NULL),(4305,1,3,49.55795200,18.48167800,1708441066,96,NULL,NULL,NULL),(4306,1,3,49.55796500,18.48166500,1708441067,96,NULL,NULL,NULL),(4307,1,3,49.55798600,18.48164700,1708441068,96,NULL,NULL,NULL),(4308,1,3,49.55808700,18.48160600,1708441072,96,NULL,NULL,NULL),(4309,1,3,49.55819400,18.48153600,1708441076,95,NULL,NULL,NULL),(4310,1,3,49.55827700,18.48148000,1708441080,96,NULL,NULL,NULL),(4311,1,3,49.55830500,18.48145600,1708441081,95,NULL,NULL,NULL),(4312,1,3,49.55832600,18.48141100,1708441083,96,NULL,NULL,NULL),(4313,1,3,49.55832700,18.48139000,1708441084,96,NULL,NULL,NULL),(4314,1,3,49.55834100,18.48131600,1708441088,97,NULL,NULL,NULL),(4315,1,3,49.55835900,18.48130100,1708441089,97,NULL,NULL,NULL),(4316,1,3,49.55848200,18.48123800,1708441094,95,NULL,NULL,NULL),(4317,1,3,49.55849500,18.48122400,1708441095,95,NULL,NULL,NULL),(4318,1,3,49.55849900,18.48121200,1708441096,96,NULL,NULL,NULL),(4319,1,3,49.55850000,18.48120100,1708441097,96,NULL,NULL,NULL),(4320,1,3,49.55851100,18.48117000,1708441099,96,NULL,NULL,NULL),(4321,1,3,49.55858600,18.48115400,1708441103,96,NULL,NULL,NULL),(4322,1,3,49.55865200,18.48112400,1708441105,97,NULL,NULL,NULL),(4323,1,3,49.55878500,18.48109900,1708441109,95,NULL,NULL,NULL),(4324,1,3,49.55889500,18.48105100,1708441112,96,NULL,NULL,NULL),(4325,1,3,49.55896300,18.48101800,1708441114,96,NULL,NULL,NULL),(4326,1,3,49.55916300,18.48096700,1708441118,96,NULL,NULL,NULL),(4327,1,3,49.55932000,18.48092100,1708441123,96,NULL,NULL,NULL),(4328,1,3,49.55936300,18.48089700,1708441125,96,NULL,NULL,NULL),(4329,1,3,49.55944000,18.48087600,1708441129,96,NULL,NULL,NULL),(4330,1,3,49.55951900,18.48087100,1708441133,96,NULL,NULL,NULL),(4331,1,3,49.55952200,18.48086600,1708441134,96,NULL,NULL,NULL),(4332,1,3,49.55954600,18.48084000,1708441137,96,NULL,NULL,NULL),(4333,1,3,49.55956800,18.48084000,1708441139,96,NULL,NULL,NULL),(4334,1,3,49.55961600,18.48082500,1708441141,96,NULL,NULL,NULL),(4335,1,3,49.55966600,18.48079700,1708441143,96,NULL,NULL,NULL),(4336,1,3,49.55970100,18.48078300,1708441144,96,NULL,NULL,NULL),(4337,1,3,49.55982500,18.48075400,1708441147,95,NULL,NULL,NULL),(4338,1,3,49.55986600,18.48074600,1708441149,96,NULL,NULL,NULL),(4339,1,3,49.55995900,18.48075400,1708441153,95,NULL,NULL,NULL),(4340,1,3,49.55998600,18.48076400,1708441154,95,NULL,NULL,NULL),(4341,1,3,49.56003300,18.48076400,1708441157,96,NULL,NULL,NULL),(4342,1,3,49.56004500,18.48071800,1708441161,95,NULL,NULL,NULL),(4343,1,3,49.56005800,18.48070400,1708441163,95,NULL,NULL,NULL),(4344,1,3,49.56008600,18.48070400,1708441166,96,NULL,NULL,NULL),(4345,1,3,49.56021400,18.48071000,1708441171,96,NULL,NULL,NULL),(4346,1,3,49.56035600,18.48067100,1708441176,97,NULL,NULL,NULL),(4347,1,3,49.56040400,18.48065300,1708441180,95,NULL,NULL,NULL),(4348,1,3,49.56046700,18.48061700,1708441182,96,NULL,NULL,NULL),(4349,1,3,49.56059700,18.48056900,1708441185,96,NULL,NULL,NULL),(4350,1,3,49.56069800,18.48050300,1708441188,96,NULL,NULL,NULL),(4351,1,3,49.56079500,18.48045900,1708441190,96,NULL,NULL,NULL),(4352,1,3,49.56085100,18.48043800,1708441191,95,NULL,NULL,NULL),(4353,1,3,49.56105800,18.48033900,1708441194,95,NULL,NULL,NULL),(4354,1,3,49.56121100,18.48029500,1708441197,96,NULL,NULL,NULL),(4355,1,3,49.56136600,18.48029500,1708441201,95,NULL,NULL,NULL),(4356,1,3,49.56154900,18.48028200,1708441206,95,NULL,NULL,NULL),(4357,1,3,49.56158300,18.48027300,1708441207,94,NULL,NULL,NULL),(4358,1,3,49.56162000,18.48027200,1708441208,94,NULL,NULL,NULL),(4359,1,3,49.56183300,18.48023300,1708441213,95,NULL,NULL,NULL),(4360,1,3,49.56192100,18.48019600,1708441215,95,NULL,NULL,NULL),(4361,1,3,49.56208600,18.48011900,1708441219,94,NULL,NULL,NULL),(4362,1,3,49.56212700,18.48010500,1708441220,93,NULL,NULL,NULL),(4363,1,3,49.56224300,18.48004800,1708441223,93,NULL,NULL,NULL),(4364,1,3,49.56241500,18.47992100,1708441228,92,NULL,NULL,NULL),(4365,1,3,49.56247600,18.47988300,1708441230,93,NULL,NULL,NULL),(4366,1,3,49.56254600,18.47984700,1708441232,93,NULL,NULL,NULL),(4367,1,3,49.56269600,18.47977800,1708441237,92,NULL,NULL,NULL),(4368,1,3,49.56285900,18.47972000,1708441242,93,NULL,NULL,NULL),(4369,1,3,49.56303400,18.47965500,1708441247,93,NULL,NULL,NULL),(4370,1,3,49.56306300,18.47964000,1708441248,93,NULL,NULL,NULL),(4371,1,3,49.56321700,18.47953700,1708441253,93,NULL,NULL,NULL),(4372,1,3,49.56337200,18.47945500,1708441258,94,NULL,NULL,NULL),(4373,1,3,49.56340000,18.47945100,1708441259,94,NULL,NULL,NULL),(4374,1,3,49.56354500,18.47942000,1708441264,93,NULL,NULL,NULL),(4375,1,3,49.56357500,18.47942100,1708441265,93,NULL,NULL,NULL),(4376,1,3,49.56374900,18.47939400,1708441271,94,NULL,NULL,NULL),(4377,1,3,49.56380400,18.47938400,1708441273,95,NULL,NULL,NULL),(4378,1,3,49.56391500,18.47937700,1708441277,93,NULL,NULL,NULL),(4379,1,3,49.56403300,18.47937800,1708441281,94,NULL,NULL,NULL),(4380,1,3,49.56408300,18.47938100,1708441283,95,NULL,NULL,NULL),(4381,1,3,49.56414400,18.47936400,1708441285,95,NULL,NULL,NULL),(4382,1,3,49.56425500,18.47932900,1708441289,94,NULL,NULL,NULL),(4383,1,3,49.56428200,18.47933000,1708441290,94,NULL,NULL,NULL),(4384,1,3,49.56440300,18.47932500,1708441294,95,NULL,NULL,NULL),(4385,1,3,49.56459200,18.47935000,1708441300,96,NULL,NULL,NULL),(4386,1,3,49.56476700,18.47929800,1708441306,96,NULL,NULL,NULL),(4387,1,3,49.56485300,18.47925800,1708441309,97,NULL,NULL,NULL),(4388,1,3,49.56488400,18.47924600,1708441310,97,NULL,NULL,NULL),(4389,1,3,49.56506100,18.47919500,1708441316,96,NULL,NULL,NULL),(4390,1,3,49.56526700,18.47908300,1708441322,96,NULL,NULL,NULL),(4391,1,3,49.56546200,18.47901500,1708441328,96,NULL,NULL,NULL),(4392,1,3,49.56561400,18.47889200,1708441333,97,NULL,NULL,NULL),(4393,1,3,49.56576900,18.47888500,1708441338,97,NULL,NULL,NULL),(4394,1,3,49.56595600,18.47887200,1708441344,95,NULL,NULL,NULL),(4395,1,3,49.56599000,18.47887400,1708441345,95,NULL,NULL,NULL),(4396,1,3,49.56602300,18.47884900,1708441346,95,NULL,NULL,NULL),(4397,1,3,49.56608700,18.47882700,1708441348,95,NULL,NULL,NULL),(4398,1,3,49.56623800,18.47875100,1708441353,95,NULL,NULL,NULL),(4399,1,3,49.56638400,18.47867600,1708441358,93,NULL,NULL,NULL),(4400,1,3,49.56640900,18.47865700,1708441359,93,NULL,NULL,NULL),(4401,1,3,49.56646100,18.47863200,1708441361,94,NULL,NULL,NULL),(4402,1,3,49.56651500,18.47860900,1708441363,94,NULL,NULL,NULL),(4403,1,3,49.56656700,18.47857700,1708441365,94,NULL,NULL,NULL),(4404,1,3,49.56664700,18.47849500,1708441368,95,NULL,NULL,NULL),(4405,1,3,49.56671800,18.47839100,1708441371,95,NULL,NULL,NULL),(4406,1,3,49.56674700,18.47837400,1708441372,95,NULL,NULL,NULL),(4407,1,3,49.56688400,18.47833800,1708441377,96,NULL,NULL,NULL),(4408,1,3,49.56702500,18.47828200,1708441382,95,NULL,NULL,NULL),(4409,1,3,49.56710700,18.47822700,1708441385,95,NULL,NULL,NULL),(4410,1,3,49.56713500,18.47821200,1708441386,95,NULL,NULL,NULL),(4411,1,3,49.56722100,18.47814600,1708441389,95,NULL,NULL,NULL),(4412,1,3,49.56727100,18.47809400,1708441391,94,NULL,NULL,NULL),(4413,1,3,49.56732600,18.47806300,1708441393,94,NULL,NULL,NULL),(4414,1,3,49.56743400,18.47802700,1708441397,94,NULL,NULL,NULL),(4415,1,3,49.56759900,18.47795300,1708441403,94,NULL,NULL,NULL),(4416,1,3,49.56765300,18.47792700,1708441405,95,NULL,NULL,NULL),(4417,1,3,49.56774000,18.47793300,1708441408,94,NULL,NULL,NULL),(4418,1,3,49.56777200,18.47794600,1708441409,94,NULL,NULL,NULL),(4419,1,3,49.56782600,18.47796000,1708441411,94,NULL,NULL,NULL),(4420,1,3,49.56788100,18.47792100,1708441413,95,NULL,NULL,NULL),(4421,1,3,49.56790500,18.47789400,1708441414,95,NULL,NULL,NULL),(4422,1,3,49.56799300,18.47786200,1708441417,94,NULL,NULL,NULL),(4423,1,3,49.56813100,18.47775500,1708441422,94,NULL,NULL,NULL),(4424,1,3,49.56818800,18.47773600,1708441424,94,NULL,NULL,NULL),(4425,1,3,49.56826800,18.47770500,1708441427,93,NULL,NULL,NULL),(4426,1,3,49.56843200,18.47756600,1708441433,93,NULL,NULL,NULL),(4427,1,3,49.56857600,18.47750600,1708441438,93,NULL,NULL,NULL),(4428,1,3,49.56860300,18.47750000,1708441439,93,NULL,NULL,NULL),(4429,1,3,49.56868800,18.47749400,1708441442,94,NULL,NULL,NULL),(4430,1,3,49.56876800,18.47749300,1708441445,94,NULL,NULL,NULL),(4431,1,3,49.56887800,18.47749000,1708441449,93,NULL,NULL,NULL),(4432,1,3,49.56893200,18.47746400,1708441451,94,NULL,NULL,NULL),(4433,1,3,49.56901600,18.47740800,1708441454,94,NULL,NULL,NULL),(4434,1,3,49.56912800,18.47732000,1708441458,93,NULL,NULL,NULL),(4435,1,3,49.56927400,18.47721500,1708441463,95,NULL,NULL,NULL),(4436,1,3,49.56944700,18.47712700,1708441469,95,NULL,NULL,NULL),(4437,1,3,49.56950200,18.47712600,1708441471,95,NULL,NULL,NULL),(4438,1,3,49.56958600,18.47710800,1708441474,94,NULL,NULL,NULL),(4439,1,3,49.56961600,18.47708300,1708441475,94,NULL,NULL,NULL),(4440,1,3,49.56966300,18.47706800,1708441477,95,NULL,NULL,NULL),(4441,1,3,49.56973200,18.47708200,1708441479,95,NULL,NULL,NULL),(4442,1,3,49.56979100,18.47710200,1708441481,95,NULL,NULL,NULL),(4443,1,3,49.56994200,18.47712100,1708441486,93,NULL,NULL,NULL),(4444,1,3,49.56997300,18.47711500,1708441487,93,NULL,NULL,NULL),(4445,1,3,49.57013200,18.47707800,1708441493,94,NULL,NULL,NULL),(4446,1,3,49.57016100,18.47706200,1708441494,95,NULL,NULL,NULL),(4447,1,3,49.57031500,18.47702800,1708441500,96,NULL,NULL,NULL),(4448,1,3,49.57033600,18.47702700,1708441501,96,NULL,NULL,NULL),(4449,1,3,49.57043900,18.47700200,1708441504,96,NULL,NULL,NULL),(4450,1,3,49.57047900,18.47699700,1708441506,96,NULL,NULL,NULL),(4451,1,3,49.57057200,18.47698800,1708441509,95,NULL,NULL,NULL),(4452,1,3,49.57067600,18.47694500,1708441512,96,NULL,NULL,NULL),(4453,1,3,49.57083000,18.47684800,1708441517,96,NULL,NULL,NULL),(4454,1,3,49.57097200,18.47681700,1708441522,97,NULL,NULL,NULL),(4455,1,3,49.57105600,18.47676600,1708441525,96,NULL,NULL,NULL),(4456,1,3,49.57114200,18.47673300,1708441528,95,NULL,NULL,NULL),(4457,1,3,49.57120500,18.47670500,1708441530,97,NULL,NULL,NULL),(4458,1,3,49.57132000,18.47662200,1708441534,97,NULL,NULL,NULL),(4459,1,3,49.57144700,18.47662700,1708441539,95,NULL,NULL,NULL),(4460,1,3,49.57158100,18.47659500,1708441545,95,NULL,NULL,NULL),(4461,1,3,49.57159800,18.47658100,1708441546,96,NULL,NULL,NULL),(4462,1,3,49.57173500,18.47656700,1708441551,96,NULL,NULL,NULL),(4463,1,3,49.57192200,18.47654900,1708441557,96,NULL,NULL,NULL),(4464,1,3,49.57195300,18.47653800,1708441558,96,NULL,NULL,NULL),(4465,1,3,49.57214000,18.47644500,1708441563,95,NULL,NULL,NULL),(4466,1,3,49.57221200,18.47641200,1708441565,96,NULL,NULL,NULL),(4467,1,3,49.57240100,18.47626900,1708441570,96,NULL,NULL,NULL),(4468,1,3,49.57243500,18.47625500,1708441571,96,NULL,NULL,NULL),(4469,1,3,49.57246300,18.47624400,1708441572,96,NULL,NULL,NULL),(4470,1,3,49.57264800,18.47617000,1708441578,96,NULL,NULL,NULL),(4471,1,3,49.57267300,18.47616700,1708441579,95,NULL,NULL,NULL),(4472,1,3,49.57285100,18.47617500,1708441585,96,NULL,NULL,NULL),(4473,1,3,49.57296400,18.47622500,1708441588,96,NULL,NULL,NULL),(4474,1,3,49.57315800,18.47626000,1708441594,95,NULL,NULL,NULL),(4475,1,3,49.57325100,18.47630500,1708441597,96,NULL,NULL,NULL),(4476,1,3,49.57332300,18.47633100,1708441600,96,NULL,NULL,NULL),(4477,1,3,49.57343500,18.47634900,1708441604,95,NULL,NULL,NULL),(4478,1,3,49.57359000,18.47640600,1708441609,96,NULL,NULL,NULL),(4479,1,3,49.57372000,18.47646500,1708441613,96,NULL,NULL,NULL),(4480,1,3,49.57387800,18.47652300,1708441619,96,NULL,NULL,NULL),(4481,1,3,49.57389900,18.47654000,1708441620,96,NULL,NULL,NULL),(4482,1,3,49.57395500,18.47658200,1708441622,96,NULL,NULL,NULL),(4483,1,3,49.57412400,18.47668600,1708441628,97,NULL,NULL,NULL),(4484,1,3,49.57420800,18.47674300,1708441631,97,NULL,NULL,NULL),(4485,1,3,49.57436500,18.47685500,1708441637,96,NULL,NULL,NULL),(4486,1,3,49.57441900,18.47689600,1708441639,96,NULL,NULL,NULL),(4487,1,3,49.57455600,18.47705000,1708441645,96,NULL,NULL,NULL),(4488,1,3,49.57465300,18.47716800,1708441649,95,NULL,NULL,NULL),(4489,1,3,49.57478500,18.47734200,1708441655,96,NULL,NULL,NULL),(4490,1,3,49.57481400,18.47741300,1708441657,96,NULL,NULL,NULL),(4491,1,3,49.57491800,18.47761700,1708441663,95,NULL,NULL,NULL),(4492,1,3,49.57504700,18.47782200,1708441669,97,NULL,NULL,NULL),(4493,1,3,49.57510400,18.47788400,1708441671,97,NULL,NULL,NULL),(4494,1,3,49.57523700,18.47808000,1708441677,97,NULL,NULL,NULL),(4495,1,3,49.57525900,18.47809800,1708441678,97,NULL,NULL,NULL),(4496,1,3,49.57541100,18.47821900,1708441684,96,NULL,NULL,NULL),(4497,1,3,49.57546200,18.47825000,1708441686,96,NULL,NULL,NULL),(4498,1,3,49.57558800,18.47838100,1708441692,96,NULL,NULL,NULL),(4499,1,3,49.57563100,18.47844100,1708441694,95,NULL,NULL,NULL),(4500,1,3,49.57576000,18.47855700,1708441699,96,NULL,NULL,NULL),(4501,1,3,49.57580300,18.47859500,1708441701,96,NULL,NULL,NULL),(4502,1,3,49.57596500,18.47870600,1708441707,96,NULL,NULL,NULL),(4503,1,3,49.57605500,18.47874500,1708441710,96,NULL,NULL,NULL),(4504,1,3,49.57608000,18.47876500,1708441711,96,NULL,NULL,NULL),(4505,1,3,49.57614000,18.47881700,1708441713,96,NULL,NULL,NULL),(4506,1,3,49.57629700,18.47891700,1708441718,96,NULL,NULL,NULL),(4507,1,3,49.57637400,18.47902100,1708441721,96,NULL,NULL,NULL),(4508,1,3,49.57648400,18.47910800,1708441725,97,NULL,NULL,NULL),(4509,1,3,49.57665300,18.47923400,1708441731,96,NULL,NULL,NULL),(4510,1,3,49.57670900,18.47927800,1708441733,96,NULL,NULL,NULL),(4511,1,3,49.57677200,18.47930900,1708441735,95,NULL,NULL,NULL),(4512,1,3,49.57690300,18.47939100,1708441740,95,NULL,NULL,NULL),(4513,1,3,49.57706000,18.47950000,1708441746,95,NULL,NULL,NULL),(4514,1,3,49.57708400,18.47952000,1708441747,95,NULL,NULL,NULL),(4515,1,3,49.57710900,18.47954400,1708441748,95,NULL,NULL,NULL),(4516,1,3,49.57726200,18.47966100,1708441754,95,NULL,NULL,NULL),(4517,1,3,49.57732000,18.47966900,1708441756,95,NULL,NULL,NULL),(4518,1,3,49.57740000,18.47969900,1708441759,96,NULL,NULL,NULL),(4519,1,3,49.57754200,18.47979300,1708441764,96,NULL,NULL,NULL),(4520,1,3,49.57757100,18.47978700,1708441765,96,NULL,NULL,NULL),(4521,1,3,49.57767300,18.47982100,1708441768,96,NULL,NULL,NULL),(4522,1,3,49.57786200,18.47984000,1708441774,97,NULL,NULL,NULL),(4523,1,3,49.57792300,18.47985400,1708441776,97,NULL,NULL,NULL),(4524,1,3,49.57795300,18.47985700,1708441777,96,NULL,NULL,NULL),(4525,1,3,49.57815600,18.47983600,1708441783,97,NULL,NULL,NULL),(4526,1,3,49.57818600,18.47982000,1708441784,97,NULL,NULL,NULL),(4527,1,3,49.57833900,18.47975800,1708441789,96,NULL,NULL,NULL),(4528,1,3,49.57850200,18.47973700,1708441794,96,NULL,NULL,NULL),(4529,1,3,49.57868000,18.47970000,1708441800,97,NULL,NULL,NULL),(4530,1,3,49.57882500,18.47969000,1708441805,97,NULL,NULL,NULL),(4531,1,3,49.57893800,18.47962900,1708441809,96,NULL,NULL,NULL),(4532,1,3,49.57896900,18.47961700,1708441810,96,NULL,NULL,NULL),(4533,1,3,49.57899900,18.47960500,1708441811,96,NULL,NULL,NULL),(4534,1,3,49.57905100,18.47956600,1708441813,96,NULL,NULL,NULL),(4535,1,3,49.57910900,18.47953100,1708441815,96,NULL,NULL,NULL),(4536,1,3,49.57926300,18.47947700,1708441820,95,NULL,NULL,NULL),(4537,1,3,49.57929600,18.47947400,1708441821,95,NULL,NULL,NULL),(4538,1,3,49.57932300,18.47946100,1708441822,95,NULL,NULL,NULL),(4539,1,3,49.57941400,18.47942100,1708441825,97,NULL,NULL,NULL),(4540,1,3,49.57944400,18.47942900,1708441826,96,NULL,NULL,NULL),(4541,1,3,49.57959100,18.47940300,1708441831,95,NULL,NULL,NULL),(4542,1,3,49.57973500,18.47937600,1708441836,96,NULL,NULL,NULL),(4543,1,3,49.57985600,18.47936900,1708441840,96,NULL,NULL,NULL),(4544,1,3,49.57993300,18.47940100,1708441843,96,NULL,NULL,NULL),(4545,1,3,49.58007700,18.47942400,1708441848,96,NULL,NULL,NULL),(4546,1,3,49.58020000,18.47943000,1708441852,96,NULL,NULL,NULL),(4547,1,3,49.58038000,18.47934700,1708441858,96,NULL,NULL,NULL),(4548,1,3,49.58041000,18.47933400,1708441859,96,NULL,NULL,NULL),(4549,1,3,49.58047200,18.47930200,1708441861,97,NULL,NULL,NULL),(4550,1,3,49.58065600,18.47921600,1708441867,97,NULL,NULL,NULL),(4551,1,3,49.58080400,18.47920700,1708441872,97,NULL,NULL,NULL),(4552,1,3,49.58093700,18.47916500,1708441876,97,NULL,NULL,NULL),(4553,1,3,49.58105000,18.47916600,1708441879,97,NULL,NULL,NULL),(4554,1,3,49.58108100,18.47916400,1708441880,97,NULL,NULL,NULL),(4555,1,3,49.58121500,18.47909000,1708441885,96,NULL,NULL,NULL),(4556,1,3,49.58135700,18.47907500,1708441890,97,NULL,NULL,NULL),(4557,1,3,49.58145800,18.47906600,1708441893,96,NULL,NULL,NULL),(4558,1,3,49.58162100,18.47904100,1708441899,97,NULL,NULL,NULL),(4559,1,3,49.58180200,18.47899500,1708441905,97,NULL,NULL,NULL),(4560,1,3,49.58187000,18.47898600,1708441907,98,NULL,NULL,NULL),(4561,1,3,49.58193100,18.47896600,1708441909,97,NULL,NULL,NULL),(4562,1,3,49.58211000,18.47888200,1708441915,98,NULL,NULL,NULL),(4563,1,3,49.58214300,18.47887200,1708441916,97,NULL,NULL,NULL),(4564,1,3,49.58230000,18.47885700,1708441921,96,NULL,NULL,NULL),(4565,1,3,49.58239000,18.47886100,1708441924,96,NULL,NULL,NULL),(4566,1,3,49.58255600,18.47881900,1708441930,96,NULL,NULL,NULL),(4567,1,3,49.58267500,18.47875900,1708441934,97,NULL,NULL,NULL),(4568,1,3,49.58283200,18.47869800,1708441939,97,NULL,NULL,NULL),(4569,1,3,49.58295600,18.47862800,1708441943,97,NULL,NULL,NULL),(4570,1,3,49.58298400,18.47861200,1708441944,97,NULL,NULL,NULL),(4571,1,3,49.58313700,18.47858700,1708441949,97,NULL,NULL,NULL),(4572,1,3,49.58319900,18.47853700,1708441951,98,NULL,NULL,NULL),(4573,1,3,49.58329000,18.47848200,1708441954,97,NULL,NULL,NULL),(4574,1,3,49.58347900,18.47840000,1708441960,97,NULL,NULL,NULL),(4575,1,3,49.58351100,18.47838900,1708441961,97,NULL,NULL,NULL),(4576,1,3,49.58363500,18.47838300,1708441965,97,NULL,NULL,NULL),(4577,1,3,49.58376700,18.47835100,1708441969,97,NULL,NULL,NULL),(4578,1,3,49.58388900,18.47825800,1708441973,97,NULL,NULL,NULL),(4579,1,3,49.58398700,18.47818600,1708441976,97,NULL,NULL,NULL),(4580,1,3,49.58404600,18.47812600,1708441978,97,NULL,NULL,NULL),(4581,1,3,49.58417000,18.47810700,1708441982,98,NULL,NULL,NULL),(4582,1,3,49.58432200,18.47809000,1708441987,98,NULL,NULL,NULL),(4583,1,3,49.58437800,18.47807600,1708441989,98,NULL,NULL,NULL),(4584,1,3,49.58443400,18.47803400,1708441991,97,NULL,NULL,NULL),(4585,1,3,49.58446000,18.47800900,1708441992,97,NULL,NULL,NULL),(4586,1,3,49.58452100,18.47797900,1708441994,97,NULL,NULL,NULL),(4587,1,3,49.58460900,18.47791900,1708441997,97,NULL,NULL,NULL),(4588,1,3,49.58476200,18.47784200,1708442002,97,NULL,NULL,NULL),(4589,1,3,49.58485000,18.47782600,1708442005,97,NULL,NULL,NULL),(4590,1,3,49.58490900,18.47778700,1708442007,97,NULL,NULL,NULL),(4591,1,3,49.58508100,18.47768500,1708442013,97,NULL,NULL,NULL),(4592,1,3,49.58513700,18.47765200,1708442015,97,NULL,NULL,NULL),(4593,1,3,49.58519300,18.47762500,1708442017,97,NULL,NULL,NULL),(4594,1,3,49.58536800,18.47749700,1708442023,96,NULL,NULL,NULL),(4595,1,3,49.58539500,18.47748000,1708442024,96,NULL,NULL,NULL),(4596,1,3,49.58555800,18.47734600,1708442030,97,NULL,NULL,NULL),(4597,1,3,49.58558700,18.47732400,1708442031,97,NULL,NULL,NULL),(4598,1,3,49.58575700,18.47724800,1708442037,97,NULL,NULL,NULL),(4599,1,3,49.58584500,18.47725300,1708442040,97,NULL,NULL,NULL),(4600,1,3,49.58596800,18.47725100,1708442044,97,NULL,NULL,NULL),(4601,1,3,49.58600100,18.47725700,1708442045,97,NULL,NULL,NULL),(4602,1,3,49.58617900,18.47716800,1708442051,97,NULL,NULL,NULL),(4603,1,3,49.58620700,18.47713900,1708442052,97,NULL,NULL,NULL),(4604,1,3,49.58631600,18.47703500,1708442056,97,NULL,NULL,NULL),(4605,1,3,49.58645200,18.47688500,1708442061,97,NULL,NULL,NULL),(4606,1,3,49.58660800,18.47670900,1708442067,96,NULL,NULL,NULL),(4607,1,3,49.58677700,18.47661800,1708442073,97,NULL,NULL,NULL),(4608,1,3,49.58694300,18.47652200,1708442079,95,NULL,NULL,NULL),(4609,1,3,49.58697100,18.47650300,1708442080,96,NULL,NULL,NULL),(4610,1,3,49.58708400,18.47647500,1708442084,96,NULL,NULL,NULL),(4611,1,3,49.58711300,18.47645900,1708442085,96,NULL,NULL,NULL),(4612,1,3,49.58714400,18.47644500,1708442086,96,NULL,NULL,NULL),(4613,1,3,49.58723000,18.47642300,1708442089,95,NULL,NULL,NULL),(4614,1,3,49.58733600,18.47634400,1708442093,96,NULL,NULL,NULL),(4615,1,3,49.58744400,18.47628500,1708442097,96,NULL,NULL,NULL),(4616,1,3,49.58747200,18.47626900,1708442098,96,NULL,NULL,NULL),(4617,1,3,49.58761300,18.47616200,1708442103,95,NULL,NULL,NULL),(4618,1,3,49.58771500,18.47607200,1708442107,95,NULL,NULL,NULL),(4619,1,3,49.58774000,18.47605600,1708442108,96,NULL,NULL,NULL),(4620,1,3,49.58788100,18.47598900,1708442113,95,NULL,NULL,NULL),(4621,1,3,49.58796000,18.47592500,1708442116,95,NULL,NULL,NULL),(4622,1,3,49.58799000,18.47591600,1708442117,95,NULL,NULL,NULL),(4623,1,3,49.58807900,18.47585000,1708442120,95,NULL,NULL,NULL),(4624,1,3,49.58819700,18.47585100,1708442124,96,NULL,NULL,NULL),(4625,1,3,49.58828600,18.47582800,1708442127,96,NULL,NULL,NULL),(4626,1,3,49.58833900,18.47580000,1708442129,95,NULL,NULL,NULL),(4627,1,3,49.58850400,18.47579400,1708442135,96,NULL,NULL,NULL),(4628,1,3,49.58864600,18.47575200,1708442140,96,NULL,NULL,NULL),(4629,1,3,49.58867300,18.47573000,1708442141,95,NULL,NULL,NULL),(4630,1,3,49.58870100,18.47570400,1708442142,95,NULL,NULL,NULL),(4631,1,3,49.58875100,18.47566500,1708442144,95,NULL,NULL,NULL),(4632,1,3,49.58892900,18.47556400,1708442150,96,NULL,NULL,NULL),(4633,1,3,49.58896100,18.47555300,1708442151,96,NULL,NULL,NULL),(4634,1,3,49.58913500,18.47549000,1708442157,97,NULL,NULL,NULL),(4635,1,3,49.58930200,18.47545600,1708442163,97,NULL,NULL,NULL),(4636,1,3,49.58935500,18.47545700,1708442165,98,NULL,NULL,NULL),(4637,1,3,49.58952300,18.47543700,1708442171,97,NULL,NULL,NULL),(4638,1,3,49.58968700,18.47537000,1708442177,96,NULL,NULL,NULL),(4639,1,3,49.58983900,18.47527400,1708442183,97,NULL,NULL,NULL),(4640,1,3,49.58987000,18.47524500,1708442184,99,NULL,NULL,NULL),(4641,1,3,49.59000100,18.47514100,1708442189,97,NULL,NULL,NULL),(4642,1,3,49.59003400,18.47512900,1708442190,97,NULL,NULL,NULL),(4643,1,3,49.59021400,18.47502000,1708442196,97,NULL,NULL,NULL),(4644,1,3,49.59027600,18.47495300,1708442198,97,NULL,NULL,NULL),(4645,1,3,49.59042100,18.47474400,1708442204,96,NULL,NULL,NULL),(4646,1,3,49.59044500,18.47469600,1708442205,96,NULL,NULL,NULL),(4647,1,3,49.59046600,18.47464700,1708442206,96,NULL,NULL,NULL),(4648,1,3,49.59057200,18.47440800,1708442211,97,NULL,NULL,NULL),(4649,1,3,49.59069200,18.47417800,1708442217,97,NULL,NULL,NULL),(4650,1,3,49.59070500,18.47415200,1708442218,97,NULL,NULL,NULL),(4651,1,3,49.59076400,18.47394900,1708442223,98,NULL,NULL,NULL),(4652,1,3,49.59085700,18.47382300,1708442228,96,NULL,NULL,NULL),(4653,1,3,49.59086900,18.47378400,1708442229,96,NULL,NULL,NULL),(4654,1,3,49.59091000,18.47367900,1708442232,96,NULL,NULL,NULL),(4655,1,3,49.59100200,18.47353900,1708442236,95,NULL,NULL,NULL),(4656,1,3,49.59104000,18.47345600,1708442238,96,NULL,NULL,NULL),(4657,1,3,49.59115600,18.47323100,1708442243,97,NULL,NULL,NULL),(4658,1,3,49.59123000,18.47313600,1708442246,97,NULL,NULL,NULL),(4659,1,3,49.59137400,18.47294300,1708442252,97,NULL,NULL,NULL),(4660,1,3,49.59153000,18.47277300,1708442258,96,NULL,NULL,NULL),(4661,1,3,49.59156000,18.47275400,1708442259,96,NULL,NULL,NULL),(4662,1,3,49.59170500,18.47257800,1708442265,96,NULL,NULL,NULL),(4663,1,3,49.59173200,18.47254400,1708442266,97,NULL,NULL,NULL),(4664,1,3,49.59189400,18.47240800,1708442272,97,NULL,NULL,NULL),(4665,1,3,49.59200400,18.47233400,1708442276,97,NULL,NULL,NULL),(4666,1,3,49.59203200,18.47231500,1708442277,96,NULL,NULL,NULL),(4667,1,3,49.59220000,18.47219000,1708442283,97,NULL,NULL,NULL),(4668,1,3,49.59222900,18.47217400,1708442284,96,NULL,NULL,NULL),(4669,1,3,49.59239900,18.47207400,1708442290,96,NULL,NULL,NULL),(4670,1,3,49.59250700,18.47202100,1708442294,96,NULL,NULL,NULL),(4671,1,3,49.59256800,18.47198700,1708442296,96,NULL,NULL,NULL),(4672,1,3,49.59268000,18.47194100,1708442300,97,NULL,NULL,NULL),(4673,1,3,49.59271000,18.47194200,1708442301,96,NULL,NULL,NULL),(4674,1,3,49.59282900,18.47189000,1708442305,97,NULL,NULL,NULL),(4675,1,3,49.59288200,18.47188600,1708442307,97,NULL,NULL,NULL),(4676,1,3,49.59293600,18.47189100,1708442309,96,NULL,NULL,NULL),(4677,1,3,49.59308300,18.47186300,1708442314,95,NULL,NULL,NULL),(4678,1,3,49.59314000,18.47183700,1708442316,95,NULL,NULL,NULL),(4679,1,3,49.59319700,18.47179200,1708442318,96,NULL,NULL,NULL),(4680,1,3,49.59325100,18.47175500,1708442320,96,NULL,NULL,NULL),(4681,1,3,49.59340000,18.47176600,1708442325,97,NULL,NULL,NULL),(4682,1,3,49.59348900,18.47178900,1708442328,95,NULL,NULL,NULL),(4683,1,3,49.59355000,18.47176600,1708442330,95,NULL,NULL,NULL),(4684,1,3,49.59357800,18.47176100,1708442331,95,NULL,NULL,NULL),(4685,1,3,49.59367200,18.47174900,1708442334,96,NULL,NULL,NULL),(4686,1,3,49.59373600,18.47174300,1708442336,96,NULL,NULL,NULL),(4687,1,3,49.59380000,18.47171300,1708442338,96,NULL,NULL,NULL),(4688,1,3,49.59383300,18.47171000,1708442339,96,NULL,NULL,NULL),(4689,1,3,49.59389300,18.47171100,1708442341,96,NULL,NULL,NULL),(4690,1,3,49.59397800,18.47165800,1708442344,96,NULL,NULL,NULL),(4691,1,3,49.59405600,18.47168200,1708442347,97,NULL,NULL,NULL),(4692,1,3,49.59408500,18.47169800,1708442348,97,NULL,NULL,NULL),(4693,1,3,49.59424600,18.47172100,1708442353,97,NULL,NULL,NULL),(4694,1,3,49.59433600,18.47171100,1708442356,97,NULL,NULL,NULL),(4695,1,3,49.59436700,18.47170800,1708442357,97,NULL,NULL,NULL),(4696,1,3,49.59439800,18.47171100,1708442358,97,NULL,NULL,NULL),(4697,1,3,49.59454400,18.47172700,1708442363,98,NULL,NULL,NULL),(4698,1,3,49.59472100,18.47181800,1708442369,97,NULL,NULL,NULL),(4699,1,3,49.59490000,18.47199200,1708442375,97,NULL,NULL,NULL),(4700,1,3,49.59502300,18.47204400,1708442379,96,NULL,NULL,NULL),(4701,1,3,49.59516600,18.47212700,1708442384,96,NULL,NULL,NULL),(4702,1,3,49.59519400,18.47215500,1708442385,96,NULL,NULL,NULL),(4703,1,3,49.59535300,18.47217600,1708442391,97,NULL,NULL,NULL),(4704,1,3,49.59551500,18.47225800,1708442397,96,NULL,NULL,NULL),(4705,1,3,49.59554200,18.47226500,1708442398,95,NULL,NULL,NULL),(4706,1,3,49.59564800,18.47234900,1708442402,95,NULL,NULL,NULL),(4707,1,3,49.59568000,18.47239200,1708442403,96,NULL,NULL,NULL),(4708,1,3,49.59582200,18.47249200,1708442408,96,NULL,NULL,NULL),(4709,1,3,49.59591100,18.47253400,1708442411,96,NULL,NULL,NULL),(4710,1,3,49.59600400,18.47260300,1708442414,97,NULL,NULL,NULL),(4711,1,3,49.59617300,18.47269300,1708442420,96,NULL,NULL,NULL),(4712,1,3,49.59625300,18.47272700,1708442423,96,NULL,NULL,NULL),(4713,1,3,49.59627600,18.47274300,1708442424,96,NULL,NULL,NULL),(4714,1,3,49.59644500,18.47285400,1708442430,95,NULL,NULL,NULL),(4715,1,3,49.59647000,18.47286500,1708442431,95,NULL,NULL,NULL),(4716,1,3,49.59653500,18.47288500,1708442434,94,NULL,NULL,NULL),(4717,1,3,49.59656700,18.47293900,1708442435,95,NULL,NULL,NULL),(4718,1,3,49.59662600,18.47297800,1708442437,95,NULL,NULL,NULL),(4719,1,3,49.59668900,18.47303200,1708442439,95,NULL,NULL,NULL),(4720,1,3,49.59671700,18.47305200,1708442440,95,NULL,NULL,NULL),(4721,1,3,49.59681800,18.47315000,1708442444,95,NULL,NULL,NULL),(4722,1,3,49.59686900,18.47320500,1708442446,95,NULL,NULL,NULL),(4723,1,3,49.59695000,18.47327900,1708442449,95,NULL,NULL,NULL),(4724,1,3,49.59702900,18.47331900,1708442452,95,NULL,NULL,NULL),(4725,1,3,49.59718900,18.47344400,1708442458,96,NULL,NULL,NULL),(4726,1,3,49.59728000,18.47348900,1708442461,95,NULL,NULL,NULL),(4727,1,3,49.59735800,18.47355700,1708442464,95,NULL,NULL,NULL),(4728,1,3,49.59749600,18.47367000,1708442469,96,NULL,NULL,NULL),(4729,1,3,49.59767200,18.47378000,1708442475,96,NULL,NULL,NULL),(4730,1,3,49.59770000,18.47379200,1708442476,96,NULL,NULL,NULL),(4731,1,3,49.59778200,18.47384100,1708442479,96,NULL,NULL,NULL),(4732,1,3,49.59793500,18.47393400,1708442484,97,NULL,NULL,NULL),(4733,1,3,49.59808400,18.47403200,1708442490,97,NULL,NULL,NULL),(4734,1,3,49.59813900,18.47407100,1708442492,97,NULL,NULL,NULL),(4735,1,3,49.59816900,18.47408900,1708442493,97,NULL,NULL,NULL),(4736,1,3,49.59833900,18.47421000,1708442499,97,NULL,NULL,NULL),(4737,1,3,49.59840200,18.47424100,1708442501,98,NULL,NULL,NULL),(4738,1,3,49.59851600,18.47431000,1708442505,97,NULL,NULL,NULL),(4739,1,3,49.59857000,18.47434200,1708442507,98,NULL,NULL,NULL),(4740,1,3,49.59874600,18.47443300,1708442513,96,NULL,NULL,NULL),(4741,1,3,49.59880200,18.47445200,1708442515,96,NULL,NULL,NULL),(4742,1,3,49.59897300,18.47455900,1708442521,96,NULL,NULL,NULL),(4743,1,3,49.59903100,18.47458400,1708442523,96,NULL,NULL,NULL),(4744,1,3,49.59906000,18.47460600,1708442524,96,NULL,NULL,NULL),(4745,1,3,49.59923200,18.47469500,1708442530,96,NULL,NULL,NULL),(4746,1,3,49.59928000,18.47472800,1708442532,96,NULL,NULL,NULL),(4747,1,3,49.59938400,18.47482200,1708442536,96,NULL,NULL,NULL),(4748,1,3,49.59946500,18.47485400,1708442539,95,NULL,NULL,NULL),(4749,1,3,49.59963300,18.47498000,1708442545,95,NULL,NULL,NULL),(4750,1,3,49.59968300,18.47501700,1708442547,95,NULL,NULL,NULL),(4751,1,3,49.59984400,18.47511300,1708442553,96,NULL,NULL,NULL),(4752,1,3,49.59998300,18.47520400,1708442558,97,NULL,NULL,NULL),(4753,1,3,49.60001400,18.47521900,1708442559,97,NULL,NULL,NULL),(4754,1,3,49.60018500,18.47529000,1708442565,96,NULL,NULL,NULL),(4755,1,3,49.60027300,18.47533200,1708442568,98,NULL,NULL,NULL),(4756,1,3,49.60030000,18.47534400,1708442569,98,NULL,NULL,NULL),(4757,1,3,49.60047500,18.47545300,1708442575,97,NULL,NULL,NULL),(4758,1,3,49.60062100,18.47555500,1708442580,98,NULL,NULL,NULL),(4759,1,3,49.60065100,18.47557400,1708442581,97,NULL,NULL,NULL),(4760,1,3,49.60083000,18.47567200,1708442587,98,NULL,NULL,NULL),(4761,1,3,49.60091500,18.47573400,1708442590,96,NULL,NULL,NULL),(4762,1,3,49.60102900,18.47581000,1708442594,97,NULL,NULL,NULL),(4763,1,3,49.60119100,18.47590400,1708442599,97,NULL,NULL,NULL),(4764,1,3,49.60136400,18.47596900,1708442605,97,NULL,NULL,NULL),(4765,1,3,49.60142600,18.47602000,1708442607,97,NULL,NULL,NULL),(4766,1,3,49.60160400,18.47615100,1708442613,97,NULL,NULL,NULL),(4767,1,3,49.60166100,18.47620000,1708442615,96,NULL,NULL,NULL),(4768,1,3,49.60174400,18.47626000,1708442618,98,NULL,NULL,NULL),(4769,1,3,49.60180500,18.47630800,1708442620,97,NULL,NULL,NULL),(4770,1,3,49.60198700,18.47641300,1708442626,96,NULL,NULL,NULL),(4771,1,3,49.60212100,18.47653900,1708442632,93,NULL,NULL,NULL),(4772,1,3,49.60213400,18.47659400,1708442633,93,NULL,NULL,NULL),(4773,1,3,49.60214000,18.47667400,1708442634,93,NULL,NULL,NULL),(4774,1,3,49.60209300,18.47696000,1708442639,98,NULL,NULL,NULL),(4775,1,3,49.60207600,18.47706800,1708442641,97,NULL,NULL,NULL),(4776,1,3,49.60203600,18.47735300,1708442647,96,NULL,NULL,NULL),(4777,1,3,49.60201200,18.47762900,1708442653,95,NULL,NULL,NULL),(4778,1,3,49.60204200,18.47790200,1708442659,96,NULL,NULL,NULL),(4779,1,3,49.60204100,18.47794500,1708442660,96,NULL,NULL,NULL),(4780,1,3,49.60203700,18.47799300,1708442661,96,NULL,NULL,NULL),(4781,1,3,49.60200400,18.47827200,1708442667,96,NULL,NULL,NULL),(4782,1,3,49.60199300,18.47831600,1708442668,96,NULL,NULL,NULL),(4783,1,3,49.60196100,18.47856600,1708442674,95,NULL,NULL,NULL),(4784,1,3,49.60194800,18.47865300,1708442676,95,NULL,NULL,NULL),(4785,1,3,49.60195800,18.47885200,1708442681,96,NULL,NULL,NULL),(4786,1,3,49.60207700,18.47897400,1708442686,96,NULL,NULL,NULL),(4787,1,3,49.60212000,18.47900600,1708442688,95,NULL,NULL,NULL),(4788,1,3,49.60219600,18.47904500,1708442691,95,NULL,NULL,NULL),(4789,1,3,49.60238000,18.47914100,1708442697,98,NULL,NULL,NULL),(4790,1,3,49.60241500,18.47915700,1708442698,98,NULL,NULL,NULL),(4791,1,3,49.60259100,18.47917600,1708442704,95,NULL,NULL,NULL),(4792,1,3,49.60261900,18.47917400,1708442705,95,NULL,NULL,NULL),(4793,1,3,49.60264600,18.47917400,1708442706,96,NULL,NULL,NULL),(4794,1,3,49.60282800,18.47920700,1708442712,96,NULL,NULL,NULL),(4795,1,3,49.60300600,18.47927500,1708442718,94,NULL,NULL,NULL),(4796,1,3,49.60303000,18.47928600,1708442719,94,NULL,NULL,NULL),(4797,1,3,49.60316000,18.47934700,1708442724,95,NULL,NULL,NULL),(4798,1,3,49.60321600,18.47940000,1708442726,96,NULL,NULL,NULL),(4799,1,3,49.60333100,18.47955900,1708442731,96,NULL,NULL,NULL),(4800,1,3,49.60337500,18.47965900,1708442734,96,NULL,NULL,NULL),(4801,1,3,49.60351200,18.47983700,1708442740,95,NULL,NULL,NULL),(4802,1,3,49.60353800,18.47986100,1708442741,95,NULL,NULL,NULL),(4803,1,3,49.60368800,18.47996100,1708442746,96,NULL,NULL,NULL),(4804,1,3,49.60374500,18.47999000,1708442748,96,NULL,NULL,NULL),(4805,1,3,49.60391100,18.48006300,1708442754,96,NULL,NULL,NULL),(4806,1,3,49.60403100,18.48010400,1708442758,96,NULL,NULL,NULL),(4807,1,3,49.60405900,18.48011900,1708442759,96,NULL,NULL,NULL),(4808,1,3,49.60423400,18.48022600,1708442765,97,NULL,NULL,NULL),(4809,1,3,49.60437100,18.48033100,1708442770,96,NULL,NULL,NULL),(4810,1,3,49.60440000,18.48035200,1708442771,96,NULL,NULL,NULL),(4811,1,3,49.60456900,18.48052800,1708442777,96,NULL,NULL,NULL),(4812,1,3,49.60463900,18.48067900,1708442781,96,NULL,NULL,NULL),(4813,1,3,49.60467600,18.48076100,1708442783,96,NULL,NULL,NULL),(4814,1,3,49.60479800,18.48098600,1708442789,96,NULL,NULL,NULL),(4815,1,3,49.60481300,18.48102100,1708442790,97,NULL,NULL,NULL),(4816,1,3,49.60489100,18.48122500,1708442795,96,NULL,NULL,NULL),(4817,1,3,49.60495600,18.48137300,1708442799,97,NULL,NULL,NULL),(4818,1,3,49.60505800,18.48160400,1708442805,95,NULL,NULL,NULL),(4819,1,3,49.60512300,18.48173900,1708442809,96,NULL,NULL,NULL),(4820,1,3,49.60515300,18.48181900,1708442811,96,NULL,NULL,NULL),(4821,1,3,49.60524500,18.48204400,1708442817,95,NULL,NULL,NULL),(4822,1,3,49.60528800,18.48211100,1708442819,95,NULL,NULL,NULL),(4823,1,3,49.60541600,18.48232600,1708442825,96,NULL,NULL,NULL),(4824,1,3,49.60548800,18.48245200,1708442829,95,NULL,NULL,NULL),(4825,1,3,49.60551000,18.48247500,1708442830,95,NULL,NULL,NULL),(4826,1,3,49.60564500,18.48265900,1708442836,94,NULL,NULL,NULL),(4827,1,3,49.60575200,18.48286100,1708442842,94,NULL,NULL,NULL),(4828,1,3,49.60587200,18.48303000,1708442847,96,NULL,NULL,NULL),(4829,1,3,49.60599600,18.48321300,1708442853,96,NULL,NULL,NULL),(4830,1,3,49.60607400,18.48329900,1708442856,95,NULL,NULL,NULL),(4831,1,3,49.60621300,18.48345500,1708442862,95,NULL,NULL,NULL),(4832,1,3,49.60629300,18.48352300,1708442865,95,NULL,NULL,NULL),(4833,1,3,49.60645600,18.48356600,1708442871,95,NULL,NULL,NULL),(4834,1,3,49.60648100,18.48356600,1708442872,95,NULL,NULL,NULL),(4835,1,3,49.60665800,18.48361400,1708442878,96,NULL,NULL,NULL),(4836,1,3,49.60677800,18.48363300,1708442882,97,NULL,NULL,NULL),(4837,1,3,49.60683200,18.48365200,1708442884,96,NULL,NULL,NULL),(4838,1,3,49.60695800,18.48369300,1708442889,96,NULL,NULL,NULL),(4839,1,3,49.60707400,18.48371900,1708442893,96,NULL,NULL,NULL),(4840,1,3,49.60726000,18.48375700,1708442899,95,NULL,NULL,NULL),(4841,1,3,49.60745000,18.48379000,1708442905,97,NULL,NULL,NULL),(4842,1,3,49.60753200,18.48380700,1708442908,97,NULL,NULL,NULL),(4843,1,3,49.60771000,18.48388100,1708442914,97,NULL,NULL,NULL),(4844,1,3,49.60790000,18.48393900,1708442920,97,NULL,NULL,NULL),(4845,1,3,49.60799000,18.48397800,1708442923,95,NULL,NULL,NULL),(4846,1,3,49.60816200,18.48398700,1708442929,95,NULL,NULL,NULL),(4847,1,3,49.60819400,18.48398900,1708442930,95,NULL,NULL,NULL),(4848,1,3,49.60822400,18.48399200,1708442931,95,NULL,NULL,NULL),(4849,1,3,49.60842000,18.48402600,1708442937,97,NULL,NULL,NULL),(4850,1,3,49.60848800,18.48403000,1708442939,95,NULL,NULL,NULL),(4851,1,3,49.60855000,18.48405500,1708442941,96,NULL,NULL,NULL),(4852,1,3,49.60874800,18.48415400,1708442947,95,NULL,NULL,NULL),(4853,1,3,49.60892100,18.48419400,1708442953,95,NULL,NULL,NULL),(4854,1,3,49.60902200,18.48421500,1708442957,96,NULL,NULL,NULL),(4855,1,3,49.60905000,18.48422600,1708442958,95,NULL,NULL,NULL),(4856,1,3,49.60923000,18.48423000,1708442964,96,NULL,NULL,NULL),(4857,1,3,49.60940500,18.48421200,1708442970,96,NULL,NULL,NULL),(4858,1,3,49.60946900,18.48421300,1708442972,96,NULL,NULL,NULL),(4859,1,3,49.60962500,18.48428200,1708442977,96,NULL,NULL,NULL),(4860,1,3,49.60965700,18.48430200,1708442978,96,NULL,NULL,NULL),(4861,1,3,49.60983100,18.48445200,1708442984,97,NULL,NULL,NULL),(4862,1,3,49.60985300,18.48448200,1708442985,97,NULL,NULL,NULL),(4863,1,3,49.60989600,18.48454400,1708442987,96,NULL,NULL,NULL),(4864,1,3,49.60991500,18.48458000,1708442988,95,NULL,NULL,NULL),(4865,1,3,49.61002800,18.48476300,1708442993,96,NULL,NULL,NULL),(4866,1,3,49.61012600,18.48486200,1708442998,95,NULL,NULL,NULL),(4867,1,3,49.61016400,18.48482700,1708443000,92,NULL,NULL,NULL),(4868,1,3,49.61021600,18.48477100,1708443002,93,NULL,NULL,NULL),(4869,1,3,49.61026800,18.48469500,1708443004,95,NULL,NULL,NULL),(4870,1,3,49.61032000,18.48463000,1708443006,95,NULL,NULL,NULL),(4871,1,3,49.61035200,18.48460200,1708443007,95,NULL,NULL,NULL),(4872,1,3,49.61040600,18.48454500,1708443009,94,NULL,NULL,NULL),(4873,1,3,49.61046000,18.48450700,1708443011,94,NULL,NULL,NULL),(4874,1,3,49.61057400,18.48448300,1708443015,95,NULL,NULL,NULL),(4875,1,3,49.61067100,18.48462800,1708443019,92,NULL,NULL,NULL),(4876,1,3,49.61073300,18.48472100,1708443022,92,NULL,NULL,NULL),(4877,1,3,49.61075300,18.48472700,1708443023,93,NULL,NULL,NULL),(4878,1,3,49.61077800,18.48475400,1708443024,92,NULL,NULL,NULL),(4879,1,3,49.61079200,18.48478000,1708443025,92,NULL,NULL,NULL),(4880,1,3,49.61079300,18.48481200,1708443026,92,NULL,NULL,NULL),(4881,1,3,49.61080800,18.48485000,1708443028,91,NULL,NULL,NULL),(4882,1,3,49.61083200,18.48487700,1708443030,91,NULL,NULL,NULL),(4883,1,3,49.61084300,18.48489500,1708443032,91,NULL,NULL,NULL),(4884,1,3,49.61096000,18.48487100,1708443329,0,NULL,NULL,NULL),(4885,1,3,49.61097000,18.48488400,1708443330,0,NULL,NULL,NULL),(4886,1,3,49.61096700,18.48490000,1708443331,0,NULL,NULL,NULL),(4887,1,3,49.61094100,18.48494000,1708443333,0,NULL,NULL,NULL),(4888,1,3,49.61092700,18.48487300,1708443337,0,NULL,NULL,NULL),(4889,1,3,49.61093400,18.48488100,1708443342,52,NULL,NULL,NULL),(4890,1,3,49.61095300,18.48495700,1708443346,83,NULL,NULL,NULL),(4891,1,3,49.61095300,18.48504300,1708443349,84,NULL,NULL,NULL),(4892,1,3,49.61095700,18.48506100,1708443350,85,NULL,NULL,NULL),(4893,1,3,49.61094300,18.48507400,1708443351,85,NULL,NULL,NULL),(4894,1,3,49.61093200,18.48511000,1708443353,87,NULL,NULL,NULL),(4895,1,3,49.61094100,18.48515400,1708443355,88,NULL,NULL,NULL),(4896,1,3,49.61095400,18.48518000,1708443356,88,NULL,NULL,NULL),(4897,1,3,49.61100300,18.48521300,1708443359,88,NULL,NULL,NULL),(4898,1,3,49.61103900,18.48520000,1708443361,90,NULL,NULL,NULL),(4899,1,3,49.61108500,18.48517000,1708443363,92,NULL,NULL,NULL),(4900,1,3,49.61113000,18.48514600,1708443365,92,NULL,NULL,NULL),(4901,1,3,49.61120500,18.48510300,1708443368,91,NULL,NULL,NULL),(4902,1,3,49.61122700,18.48508800,1708443369,92,NULL,NULL,NULL),(4903,1,3,49.61138800,18.48497600,1708443375,92,NULL,NULL,NULL),(4904,1,3,49.61144300,18.48493400,1708443377,93,NULL,NULL,NULL),(4905,1,3,49.61155400,18.48486600,1708443381,94,NULL,NULL,NULL),(4906,1,3,49.61165800,18.48477700,1708443385,94,NULL,NULL,NULL),(4907,1,3,49.61168800,18.48474800,1708443386,94,NULL,NULL,NULL),(4908,1,3,49.61176400,18.48469900,1708443389,94,NULL,NULL,NULL),(4909,1,3,49.61184400,18.48469400,1708443392,94,NULL,NULL,NULL),(4910,1,3,49.61186900,18.48468500,1708443393,94,NULL,NULL,NULL),(4911,1,3,49.61205000,18.48462700,1708443399,94,NULL,NULL,NULL),(4912,1,3,49.61210500,18.48462500,1708443401,94,NULL,NULL,NULL),(4913,1,3,49.61225300,18.48456400,1708443407,93,NULL,NULL,NULL),(4914,1,3,49.61235000,18.48453500,1708443411,93,NULL,NULL,NULL),(4915,1,3,49.61253100,18.48447500,1708443417,93,NULL,NULL,NULL),(4916,1,3,49.61255800,18.48443500,1708443418,94,NULL,NULL,NULL),(4917,1,3,49.61258300,18.48439800,1708443419,94,NULL,NULL,NULL),(4918,1,3,49.61263700,18.48433000,1708443421,93,NULL,NULL,NULL),(4919,1,3,49.61266000,18.48429600,1708443422,93,NULL,NULL,NULL),(4920,1,3,49.61281400,18.48421800,1708443428,93,NULL,NULL,NULL),(4921,1,3,49.61283600,18.48420800,1708443429,93,NULL,NULL,NULL),(4922,1,3,49.61296300,18.48402800,1708443435,95,NULL,NULL,NULL),(4923,1,3,49.61308700,18.48381500,1708443441,94,NULL,NULL,NULL),(4924,1,3,49.61312400,18.48372500,1708443443,94,NULL,NULL,NULL),(4925,1,3,49.61322100,18.48343800,1708443449,94,NULL,NULL,NULL),(4926,1,3,49.61330000,18.48327100,1708443453,94,NULL,NULL,NULL),(4927,1,3,49.61332400,18.48323200,1708443454,94,NULL,NULL,NULL),(4928,1,3,49.61343900,18.48303600,1708443460,96,NULL,NULL,NULL),(4929,1,3,49.61345600,18.48299900,1708443461,95,NULL,NULL,NULL),(4930,1,3,49.61358500,18.48275000,1708443467,94,NULL,NULL,NULL),(4931,1,3,49.61362700,18.48269600,1708443469,94,NULL,NULL,NULL),(4932,1,3,49.61366100,18.48263400,1708443471,94,NULL,NULL,NULL),(4933,1,3,49.61374900,18.48254700,1708443475,94,NULL,NULL,NULL),(4934,1,3,49.61379000,18.48254000,1708443476,94,NULL,NULL,NULL),(4935,1,3,49.61392100,18.48233100,1708443482,94,NULL,NULL,NULL),(4936,1,3,49.61397700,18.48215600,1708443487,94,NULL,NULL,NULL),(4937,1,3,49.61400100,18.48212100,1708443488,94,NULL,NULL,NULL),(4938,1,3,49.61412200,18.48190100,1708443494,95,NULL,NULL,NULL),(4939,1,3,49.61416000,18.48182200,1708443496,94,NULL,NULL,NULL),(4940,1,3,49.61425700,18.48159500,1708443502,94,NULL,NULL,NULL),(4941,1,3,49.61429300,18.48151600,1708443504,94,NULL,NULL,NULL),(4942,1,3,49.61433600,18.48139300,1708443507,94,NULL,NULL,NULL),(4943,1,3,49.61444300,18.48120800,1708443513,95,NULL,NULL,NULL),(4944,1,3,49.61446100,18.48117800,1708443514,95,NULL,NULL,NULL),(4945,1,3,49.61457700,18.48099500,1708443520,95,NULL,NULL,NULL),(4946,1,3,49.61469700,18.48077200,1708443526,95,NULL,NULL,NULL),(4947,1,3,49.61480800,18.48052700,1708443532,95,NULL,NULL,NULL),(4948,1,3,49.61483900,18.48045200,1708443534,95,NULL,NULL,NULL),(4949,1,3,49.61491700,18.48028900,1708443538,94,NULL,NULL,NULL),(4950,1,3,49.61493900,18.48024600,1708443539,94,NULL,NULL,NULL),(4951,1,3,49.61499800,18.48012900,1708443542,94,NULL,NULL,NULL),(4952,1,3,49.61510800,18.47992000,1708443548,95,NULL,NULL,NULL),(4953,1,3,49.61517600,18.47983100,1708443551,96,NULL,NULL,NULL),(4954,1,3,49.61529100,18.47960800,1708443557,96,NULL,NULL,NULL),(4955,1,3,49.61533900,18.47952600,1708443560,96,NULL,NULL,NULL),(4956,1,3,49.61538000,18.47947100,1708443562,96,NULL,NULL,NULL),(4957,1,3,49.61550900,18.47926700,1708443568,96,NULL,NULL,NULL),(4958,1,3,49.61552800,18.47922700,1708443569,96,NULL,NULL,NULL),(4959,1,3,49.61563900,18.47902400,1708443575,95,NULL,NULL,NULL),(4960,1,3,49.61567200,18.47894700,1708443577,94,NULL,NULL,NULL),(4961,1,3,49.61571100,18.47887400,1708443579,95,NULL,NULL,NULL),(4962,1,3,49.61576300,18.47877300,1708443582,94,NULL,NULL,NULL),(4963,1,3,49.61586300,18.47860500,1708443587,95,NULL,NULL,NULL),(4964,1,3,49.61591300,18.47847900,1708443590,95,NULL,NULL,NULL),(4965,1,3,49.61603000,18.47824500,1708443596,96,NULL,NULL,NULL),(4966,1,3,49.61608700,18.47812800,1708443599,96,NULL,NULL,NULL),(4967,1,3,49.61617200,18.47797600,1708443605,96,NULL,NULL,NULL),(4968,1,3,49.61619300,18.47795700,1708443606,96,NULL,NULL,NULL),(4969,1,3,49.61629800,18.47780900,1708443612,96,NULL,NULL,NULL),(4970,1,3,49.61633500,18.47777500,1708443614,97,NULL,NULL,NULL),(4971,1,3,49.61643300,18.47758400,1708443619,95,NULL,NULL,NULL),(4972,1,3,49.61645300,18.47751700,1708443620,95,NULL,NULL,NULL),(4973,1,3,49.61655900,18.47726500,1708443625,97,NULL,NULL,NULL),(4974,1,3,49.61657400,18.47722900,1708443626,97,NULL,NULL,NULL),(4975,1,3,49.61665800,18.47699800,1708443632,96,NULL,NULL,NULL),(4976,1,3,49.61667600,18.47697500,1708443633,96,NULL,NULL,NULL),(4977,1,3,49.61679400,18.47680800,1708443639,96,NULL,NULL,NULL),(4978,1,3,49.61684400,18.47673600,1708443641,96,NULL,NULL,NULL),(4979,1,3,49.61688000,18.47664600,1708443643,95,NULL,NULL,NULL),(4980,1,3,49.61695300,18.47656200,1708443646,96,NULL,NULL,NULL),(4981,1,3,49.61710100,18.47637000,1708443651,95,NULL,NULL,NULL),(4982,1,3,49.61724500,18.47620300,1708443656,97,NULL,NULL,NULL),(4983,1,3,49.61730600,18.47616200,1708443658,96,NULL,NULL,NULL),(4984,1,3,49.61734200,18.47615100,1708443659,96,NULL,NULL,NULL),(4985,1,3,49.61753700,18.47609800,1708443665,96,NULL,NULL,NULL),(4986,1,3,49.61757100,18.47609000,1708443666,96,NULL,NULL,NULL),(4987,1,3,49.61760200,18.47609000,1708443667,96,NULL,NULL,NULL),(4988,1,3,49.61775200,18.47606800,1708443672,94,NULL,NULL,NULL),(4989,1,3,49.61793800,18.47604500,1708443678,96,NULL,NULL,NULL),(4990,1,3,49.61799900,18.47602600,1708443680,97,NULL,NULL,NULL),(4991,1,3,49.61814700,18.47596500,1708443685,96,NULL,NULL,NULL),(4992,1,3,49.61829900,18.47593800,1708443690,95,NULL,NULL,NULL),(4993,1,3,49.61835600,18.47594200,1708443692,95,NULL,NULL,NULL),(4994,1,3,49.61845000,18.47593600,1708443695,96,NULL,NULL,NULL),(4995,1,3,49.61856800,18.47593600,1708443699,94,NULL,NULL,NULL),(4996,1,3,49.61859800,18.47593000,1708443700,94,NULL,NULL,NULL),(4997,1,3,49.61877800,18.47587100,1708443706,96,NULL,NULL,NULL),(4998,1,3,49.61880900,18.47585600,1708443707,96,NULL,NULL,NULL),(4999,1,3,49.61886800,18.47584200,1708443709,95,NULL,NULL,NULL),(5000,1,3,49.61899700,18.47586300,1708443713,95,NULL,NULL,NULL),(5001,1,3,49.61903900,18.47587700,1708443714,96,NULL,NULL,NULL),(5002,1,3,49.61916500,18.47592300,1708443718,96,NULL,NULL,NULL),(5003,1,3,49.61920000,18.47592500,1708443719,96,NULL,NULL,NULL),(5004,1,3,49.61932400,18.47590300,1708443723,97,NULL,NULL,NULL),(5005,1,3,49.61938800,18.47588100,1708443725,97,NULL,NULL,NULL),(5006,1,3,49.61952300,18.47589100,1708443729,97,NULL,NULL,NULL),(5007,1,3,49.61955600,18.47590400,1708443730,97,NULL,NULL,NULL),(5008,1,3,49.61965200,18.47592700,1708443733,97,NULL,NULL,NULL),(5009,1,3,49.61981800,18.47593900,1708443738,96,NULL,NULL,NULL),(5010,1,3,49.61999600,18.47589700,1708443744,96,NULL,NULL,NULL),(5011,1,3,49.62003000,18.47589500,1708443745,96,NULL,NULL,NULL),(5012,1,3,49.62021400,18.47587100,1708443751,97,NULL,NULL,NULL),(5013,1,3,49.62027700,18.47585000,1708443753,96,NULL,NULL,NULL),(5014,1,3,49.62045900,18.47578800,1708443759,96,NULL,NULL,NULL),(5015,1,3,49.62054600,18.47575800,1708443762,95,NULL,NULL,NULL),(5016,1,3,49.62057500,18.47574700,1708443763,95,NULL,NULL,NULL),(5017,1,3,49.62072000,18.47571900,1708443768,96,NULL,NULL,NULL),(5018,1,3,49.62078300,18.47569100,1708443770,96,NULL,NULL,NULL),(5019,1,3,49.62096100,18.47567700,1708443776,95,NULL,NULL,NULL),(5020,1,3,49.62102100,18.47565900,1708443778,95,NULL,NULL,NULL),(5021,1,3,49.62108000,18.47563000,1708443780,96,NULL,NULL,NULL),(5022,1,3,49.62113900,18.47561600,1708443782,96,NULL,NULL,NULL),(5023,1,3,49.62122700,18.47557400,1708443785,96,NULL,NULL,NULL),(5024,1,3,49.62130900,18.47558300,1708443788,97,NULL,NULL,NULL),(5025,1,3,49.62133100,18.47559000,1708443789,96,NULL,NULL,NULL),(5026,1,3,49.62150300,18.47553300,1708443795,95,NULL,NULL,NULL),(5027,1,3,49.62166500,18.47547500,1708443801,96,NULL,NULL,NULL),(5028,1,3,49.62168400,18.47547000,1708443802,96,NULL,NULL,NULL),(5029,1,3,49.62171500,18.47543500,1708443805,89,NULL,NULL,NULL),(5030,1,3,49.62172400,18.47540300,1708443806,89,NULL,NULL,NULL),(5031,1,3,49.62174600,18.47533400,1708443809,93,NULL,NULL,NULL),(5032,1,3,49.62176900,18.47521100,1708443812,94,NULL,NULL,NULL),(5033,1,3,49.62181700,18.47512100,1708443815,92,NULL,NULL,NULL),(5034,1,3,49.62185400,18.47506400,1708443817,92,NULL,NULL,NULL),(5035,1,3,49.62195100,18.47493800,1708443821,91,NULL,NULL,NULL),(5036,1,3,49.62203600,18.47486000,1708443824,94,NULL,NULL,NULL),(5037,1,3,49.62214800,18.47472900,1708443828,95,NULL,NULL,NULL),(5038,1,3,49.62218000,18.47470800,1708443829,95,NULL,NULL,NULL),(5039,1,3,49.62233400,18.47463800,1708443835,93,NULL,NULL,NULL),(5040,1,3,49.62237700,18.47462000,1708443837,86,NULL,NULL,NULL),(5041,1,3,49.62242600,18.47464400,1708443840,83,NULL,NULL,NULL),(5042,1,3,49.62243700,18.47464400,1708443841,83,NULL,NULL,NULL),(5043,1,3,49.62257600,18.47466900,1708444227,50,NULL,NULL,NULL),(5044,1,3,49.62256700,18.47468200,1708444228,52,NULL,NULL,NULL),(5045,1,3,49.62253300,18.47468700,1708444231,52,NULL,NULL,NULL),(5046,1,3,49.62251100,18.47468800,1708444232,52,NULL,NULL,NULL),(5047,1,3,49.62248800,18.47469600,1708444233,87,NULL,NULL,NULL),(5048,1,3,49.62239700,18.47472100,1708444237,89,NULL,NULL,NULL),(5049,1,3,49.62235100,18.47475300,1708444239,92,NULL,NULL,NULL),(5050,1,3,49.62226700,18.47481300,1708444242,92,NULL,NULL,NULL),(5051,1,3,49.62225200,18.47483000,1708444243,92,NULL,NULL,NULL),(5052,1,3,49.62220900,18.47487900,1708444245,95,NULL,NULL,NULL),(5053,1,3,49.62206200,18.47501700,1708444251,94,NULL,NULL,NULL),(5054,1,3,49.62200600,18.47507300,1708444253,93,NULL,NULL,NULL),(5055,1,3,49.62197700,18.47510000,1708444254,93,NULL,NULL,NULL),(5056,1,3,49.62192800,18.47516000,1708444256,93,NULL,NULL,NULL),(5057,1,3,49.62182200,18.47531900,1708444261,95,NULL,NULL,NULL),(5058,1,3,49.62182000,18.47540000,1708444264,94,NULL,NULL,NULL),(5059,1,3,49.62181800,18.47543000,1708444265,93,NULL,NULL,NULL),(5060,1,3,49.62179900,18.47553100,1708444268,90,NULL,NULL,NULL),(5061,1,3,49.62176700,18.47559800,1708444270,88,NULL,NULL,NULL),(5062,1,3,49.62173400,18.47564700,1708444272,91,NULL,NULL,NULL),(5063,1,3,49.62169100,18.47567900,1708444274,93,NULL,NULL,NULL),(5064,1,3,49.62165900,18.47568900,1708444275,93,NULL,NULL,NULL),(5065,1,3,49.62160700,18.47570400,1708444277,94,NULL,NULL,NULL),(5066,1,3,49.62157900,18.47571300,1708444278,94,NULL,NULL,NULL),(5067,1,3,49.62150400,18.47571400,1708444282,92,NULL,NULL,NULL),(5068,1,3,49.62147300,18.47572100,1708444284,92,NULL,NULL,NULL),(5069,1,3,49.62134500,18.47574200,1708444289,93,NULL,NULL,NULL),(5070,1,3,49.62131600,18.47573000,1708444291,92,NULL,NULL,NULL),(5071,1,3,49.62117300,18.47578000,1708444297,92,NULL,NULL,NULL),(5072,1,3,49.62099200,18.47583600,1708444302,94,NULL,NULL,NULL),(5073,1,3,49.62095500,18.47584900,1708444303,94,NULL,NULL,NULL),(5074,1,3,49.62076200,18.47589300,1708444309,94,NULL,NULL,NULL),(5075,1,3,49.62071600,18.47589800,1708444311,95,NULL,NULL,NULL),(5076,1,3,49.62069100,18.47590100,1708444312,95,NULL,NULL,NULL),(5077,1,3,49.62063600,18.47591400,1708444314,94,NULL,NULL,NULL),(5078,1,3,49.62045000,18.47595700,1708444320,93,NULL,NULL,NULL),(5079,1,3,49.62034900,18.47598800,1708444324,93,NULL,NULL,NULL),(5080,1,3,49.62027700,18.47597400,1708444327,93,NULL,NULL,NULL),(5081,1,3,49.62009200,18.47598800,1708444333,93,NULL,NULL,NULL),(5082,1,3,49.62000400,18.47599300,1708444337,93,NULL,NULL,NULL),(5083,1,3,49.61996000,18.47600200,1708444339,93,NULL,NULL,NULL),(5084,1,3,49.61984000,18.47599200,1708444344,93,NULL,NULL,NULL),(5085,1,3,49.61982200,18.47595700,1708444345,93,NULL,NULL,NULL),(5086,1,3,49.61976400,18.47585600,1708444348,91,NULL,NULL,NULL),(5087,1,3,49.61970300,18.47585800,1708444350,94,NULL,NULL,NULL),(5088,1,3,49.61959600,18.47589500,1708444353,95,NULL,NULL,NULL),(5089,1,3,49.61953800,18.47591500,1708444355,95,NULL,NULL,NULL),(5090,1,3,49.61950800,18.47592600,1708444356,95,NULL,NULL,NULL),(5091,1,3,49.61945200,18.47592800,1708444358,94,NULL,NULL,NULL),(5092,1,3,49.61924300,18.47594100,1708444364,93,NULL,NULL,NULL),(5093,1,3,49.61917700,18.47591100,1708444366,94,NULL,NULL,NULL),(5094,1,3,49.61911000,18.47587100,1708444369,94,NULL,NULL,NULL),(5095,1,3,49.61908300,18.47585000,1708444370,94,NULL,NULL,NULL),(5096,1,3,49.61903400,18.47578600,1708444373,94,NULL,NULL,NULL),(5097,1,3,49.61901600,18.47576200,1708444374,93,NULL,NULL,NULL),(5098,1,3,49.61889900,18.47573200,1708444379,89,NULL,NULL,NULL),(5099,1,3,49.61880300,18.47579500,1708444383,94,NULL,NULL,NULL),(5100,1,3,49.61878000,18.47582200,1708444384,94,NULL,NULL,NULL),(5101,1,3,49.61876400,18.47584100,1708444385,94,NULL,NULL,NULL),(5102,1,3,49.61873700,18.47586100,1708444386,94,NULL,NULL,NULL),(5103,1,3,49.61865500,18.47596100,1708444390,92,NULL,NULL,NULL),(5104,1,3,49.61861000,18.47601600,1708444392,92,NULL,NULL,NULL),(5105,1,3,49.61854600,18.47607000,1708444395,93,NULL,NULL,NULL),(5106,1,3,49.61847100,18.47611000,1708444398,93,NULL,NULL,NULL),(5107,1,3,49.61839800,18.47614400,1708444401,93,NULL,NULL,NULL),(5108,1,3,49.61822900,18.47617200,1708444407,92,NULL,NULL,NULL),(5109,1,3,49.61817700,18.47618600,1708444409,92,NULL,NULL,NULL),(5110,1,3,49.61802200,18.47618900,1708444415,93,NULL,NULL,NULL),(5111,1,3,49.61799400,18.47619600,1708444416,93,NULL,NULL,NULL),(5112,1,3,49.61790800,18.47621300,1708444419,93,NULL,NULL,NULL),(5113,1,3,49.61781900,18.47623000,1708444422,92,NULL,NULL,NULL),(5114,1,3,49.61766700,18.47624100,1708444428,93,NULL,NULL,NULL),(5115,1,3,49.61760900,18.47625900,1708444430,93,NULL,NULL,NULL),(5116,1,3,49.61744000,18.47625900,1708444436,94,NULL,NULL,NULL),(5117,1,3,49.61735500,18.47627400,1708444439,94,NULL,NULL,NULL),(5118,1,3,49.61727400,18.47630800,1708444442,95,NULL,NULL,NULL),(5119,1,3,49.61718100,18.47636600,1708444446,94,NULL,NULL,NULL),(5120,1,3,49.61713700,18.47639800,1708444448,94,NULL,NULL,NULL),(5121,1,3,49.61706500,18.47645200,1708444452,93,NULL,NULL,NULL),(5122,1,3,49.61697100,18.47658600,1708444457,93,NULL,NULL,NULL),(5123,1,3,49.61687600,18.47677900,1708444463,93,NULL,NULL,NULL),(5124,1,3,49.61684800,18.47684000,1708444465,94,NULL,NULL,NULL),(5125,1,3,49.61678400,18.47697000,1708444469,94,NULL,NULL,NULL),(5126,1,3,49.61673300,18.47711200,1708444472,94,NULL,NULL,NULL),(5127,1,3,49.61661200,18.47730700,1708444478,95,NULL,NULL,NULL),(5128,1,3,49.61651900,18.47748600,1708444484,94,NULL,NULL,NULL),(5129,1,3,49.61649700,18.47755300,1708444486,93,NULL,NULL,NULL),(5130,1,3,49.61644800,18.47774300,1708444492,94,NULL,NULL,NULL),(5131,1,3,49.61639400,18.47789200,1708444496,94,NULL,NULL,NULL),(5132,1,3,49.61630500,18.47809200,1708444502,93,NULL,NULL,NULL),(5133,1,3,49.61629200,18.47812600,1708444503,93,NULL,NULL,NULL),(5134,1,3,49.61614000,18.47834900,1708444509,92,NULL,NULL,NULL),(5135,1,3,49.61602900,18.47852700,1708444515,94,NULL,NULL,NULL),(5136,1,3,49.61598900,18.47859400,1708444517,94,NULL,NULL,NULL),(5137,1,3,49.61586800,18.47879900,1708444523,94,NULL,NULL,NULL),(5138,1,3,49.61579000,18.47893500,1708444527,94,NULL,NULL,NULL),(5139,1,3,49.61566400,18.47915300,1708444533,95,NULL,NULL,NULL),(5140,1,3,49.61563700,18.47925000,1708444535,96,NULL,NULL,NULL),(5141,1,3,49.61562100,18.47931500,1708444537,96,NULL,NULL,NULL),(5142,1,3,49.61551700,18.47951200,1708444542,95,NULL,NULL,NULL),(5143,1,3,49.61542100,18.47969200,1708444546,95,NULL,NULL,NULL),(5144,1,3,49.61540000,18.47972600,1708444547,95,NULL,NULL,NULL),(5145,1,3,49.61536300,18.47978000,1708444549,95,NULL,NULL,NULL),(5146,1,3,49.61525400,18.47999200,1708444555,95,NULL,NULL,NULL),(5147,1,3,49.61520100,18.48009900,1708444558,95,NULL,NULL,NULL),(5148,1,3,49.61510100,18.48029900,1708444564,96,NULL,NULL,NULL),(5149,1,3,49.61508100,18.48032900,1708444565,96,NULL,NULL,NULL),(5150,1,3,49.61503800,18.48040700,1708444567,95,NULL,NULL,NULL),(5151,1,3,49.61496100,18.48050600,1708444570,96,NULL,NULL,NULL),(5152,1,3,49.61485300,18.48071200,1708444576,96,NULL,NULL,NULL),(5153,1,3,49.61483800,18.48074400,1708444577,96,NULL,NULL,NULL),(5154,1,3,49.61478100,18.48087300,1708444581,94,NULL,NULL,NULL),(5155,1,3,49.61470600,18.48104000,1708444585,94,NULL,NULL,NULL),(5156,1,3,49.61468600,18.48106700,1708444586,94,NULL,NULL,NULL),(5157,1,3,49.61461800,18.48116200,1708444589,94,NULL,NULL,NULL),(5158,1,3,49.61454200,18.48132100,1708444594,94,NULL,NULL,NULL),(5159,1,3,49.61448000,18.48147600,1708444598,93,NULL,NULL,NULL),(5160,1,3,49.61444700,18.48156600,1708444601,93,NULL,NULL,NULL),(5161,1,3,49.61444000,18.48159500,1708444602,93,NULL,NULL,NULL),(5162,1,3,49.61433600,18.48183700,1708444608,94,NULL,NULL,NULL),(5163,1,3,49.61424400,18.48202800,1708444613,94,NULL,NULL,NULL),(5164,1,3,49.61418700,18.48210000,1708444615,95,NULL,NULL,NULL),(5165,1,3,49.61403800,18.48229100,1708444621,95,NULL,NULL,NULL),(5166,1,3,49.61402300,18.48231200,1708444622,95,NULL,NULL,NULL),(5167,1,3,49.61391600,18.48248700,1708444628,94,NULL,NULL,NULL),(5168,1,3,49.61381400,18.48264000,1708444633,94,NULL,NULL,NULL),(5169,1,3,49.61369400,18.48282700,1708444639,94,NULL,NULL,NULL),(5170,1,3,49.61364100,18.48291000,1708444642,94,NULL,NULL,NULL),(5171,1,3,49.61359600,18.48298700,1708444644,94,NULL,NULL,NULL),(5172,1,3,49.61349100,18.48320300,1708444650,94,NULL,NULL,NULL),(5173,1,3,49.61337100,18.48343500,1708444656,94,NULL,NULL,NULL),(5174,1,3,49.61334500,18.48347400,1708444657,94,NULL,NULL,NULL),(5175,1,3,49.61319600,18.48365400,1708444663,95,NULL,NULL,NULL),(5176,1,3,49.61310200,18.48379800,1708444667,93,NULL,NULL,NULL),(5177,1,3,49.61299900,18.48398400,1708444673,94,NULL,NULL,NULL),(5178,1,3,49.61294100,18.48412500,1708444678,95,NULL,NULL,NULL),(5179,1,3,49.61280400,18.48425100,1708444684,95,NULL,NULL,NULL),(5180,1,3,49.61275500,18.48429900,1708444686,94,NULL,NULL,NULL),(5181,1,3,49.61263900,18.48444100,1708444692,94,NULL,NULL,NULL),(5182,1,3,49.61255700,18.48454200,1708444696,92,NULL,NULL,NULL),(5183,1,3,49.61244300,18.48461800,1708444701,94,NULL,NULL,NULL),(5184,1,3,49.61238000,18.48465000,1708444703,94,NULL,NULL,NULL),(5185,1,3,49.61233600,18.48466200,1708444705,94,NULL,NULL,NULL),(5186,1,3,49.61221700,18.48471800,1708444710,94,NULL,NULL,NULL),(5187,1,3,49.61206700,18.48481300,1708444716,93,NULL,NULL,NULL),(5188,1,3,49.61198900,18.48486300,1708444719,93,NULL,NULL,NULL),(5189,1,3,49.61183500,18.48494300,1708444725,92,NULL,NULL,NULL),(5190,1,3,49.61172200,18.48499900,1708444729,94,NULL,NULL,NULL),(5191,1,3,49.61161700,18.48504100,1708444733,94,NULL,NULL,NULL),(5192,1,3,49.61149700,18.48507900,1708444737,94,NULL,NULL,NULL),(5193,1,3,49.61133900,18.48516200,1708444743,95,NULL,NULL,NULL),(5194,1,3,49.61128400,18.48517600,1708444745,95,NULL,NULL,NULL),(5195,1,3,49.61115100,18.48526700,1708444751,94,NULL,NULL,NULL),(5196,1,3,49.61109600,18.48529900,1708444753,95,NULL,NULL,NULL),(5197,1,3,49.61095600,18.48536900,1708444759,93,NULL,NULL,NULL),(5198,1,3,49.61087800,18.48539200,1708444762,94,NULL,NULL,NULL),(5199,1,3,49.61083400,18.48541400,1708444764,95,NULL,NULL,NULL),(5200,1,3,49.61065900,18.48551900,1708444770,94,NULL,NULL,NULL),(5201,1,3,49.61055700,18.48556800,1708444773,94,NULL,NULL,NULL),(5202,1,3,49.61048300,18.48559500,1708444776,93,NULL,NULL,NULL),(5203,1,3,49.61039500,18.48555600,1708444779,93,NULL,NULL,NULL),(5204,1,3,49.61037400,18.48551000,1708444780,94,NULL,NULL,NULL),(5205,1,3,49.61025100,18.48528700,1708444786,93,NULL,NULL,NULL),(5206,1,3,49.61021200,18.48522300,1708444788,94,NULL,NULL,NULL),(5207,1,3,49.61006500,18.48514000,1708444794,93,NULL,NULL,NULL),(5208,1,3,49.61004500,18.48512200,1708444795,94,NULL,NULL,NULL),(5209,1,3,49.61002600,18.48510600,1708444796,94,NULL,NULL,NULL),(5210,1,3,49.60990300,18.48496400,1708444802,93,NULL,NULL,NULL),(5211,1,3,49.60978500,18.48482600,1708444808,93,NULL,NULL,NULL),(5212,1,3,49.60967000,18.48475600,1708444813,93,NULL,NULL,NULL),(5213,1,3,49.60962700,18.48471900,1708444815,94,NULL,NULL,NULL),(5214,1,3,49.60951000,18.48469800,1708444819,93,NULL,NULL,NULL),(5215,1,3,49.60935500,18.48464800,1708444825,93,NULL,NULL,NULL),(5216,1,3,49.60930500,18.48465200,1708444827,93,NULL,NULL,NULL),(5217,1,3,49.60915500,18.48459000,1708444833,95,NULL,NULL,NULL),(5218,1,3,49.60913100,18.48458200,1708444834,94,NULL,NULL,NULL),(5219,1,3,49.60903500,18.48453200,1708444840,94,NULL,NULL,NULL),(5220,1,3,49.60902600,18.48451800,1708444841,94,NULL,NULL,NULL),(5221,1,3,49.60888000,18.48448300,1708444847,93,NULL,NULL,NULL),(5222,1,3,49.60880100,18.48431500,1708444851,92,NULL,NULL,NULL),(5223,1,3,49.60878100,18.48427900,1708444852,91,NULL,NULL,NULL),(5224,1,3,49.60868200,18.48418200,1708444857,92,NULL,NULL,NULL),(5225,1,3,49.60866000,18.48418000,1708444858,92,NULL,NULL,NULL),(5226,1,3,49.60853200,18.48413400,1708444864,93,NULL,NULL,NULL),(5227,1,3,49.60850900,18.48412200,1708444865,92,NULL,NULL,NULL),(5228,1,3,49.60839700,18.48407400,1708444871,91,NULL,NULL,NULL),(5229,1,3,49.60830700,18.48407500,1708444874,92,NULL,NULL,NULL),(5230,1,3,49.60828700,18.48407000,1708444875,92,NULL,NULL,NULL),(5231,1,3,49.60824200,18.48405600,1708444878,93,NULL,NULL,NULL),(5232,1,3,49.60820100,18.48405000,1708444880,93,NULL,NULL,NULL),(5233,1,3,49.60804600,18.48403400,1708444886,95,NULL,NULL,NULL),(5234,1,3,49.60799000,18.48403400,1708444888,96,NULL,NULL,NULL),(5235,1,3,49.60796200,18.48402800,1708444889,96,NULL,NULL,NULL),(5236,1,3,49.60791900,18.48402500,1708444891,96,NULL,NULL,NULL),(5237,1,3,49.60789800,18.48402000,1708444892,95,NULL,NULL,NULL),(5238,1,3,49.60773100,18.48401500,1708444898,94,NULL,NULL,NULL),(5239,1,3,49.60766600,18.48404200,1708444900,94,NULL,NULL,NULL),(5240,1,3,49.60752100,18.48408000,1708444904,94,NULL,NULL,NULL),(5241,1,3,49.60747000,18.48410400,1708444905,94,NULL,NULL,NULL),(5242,1,3,49.60742000,18.48412700,1708444906,95,NULL,NULL,NULL),(5243,1,3,49.60735300,18.48411900,1708444908,96,NULL,NULL,NULL),(5244,1,3,49.60733900,18.48409600,1708444909,96,NULL,NULL,NULL),(5245,1,3,49.60730600,18.48407300,1708444910,96,NULL,NULL,NULL),(5246,1,3,49.60726900,18.48405300,1708444911,95,NULL,NULL,NULL),(5247,1,3,49.60717000,18.48392500,1708444917,95,NULL,NULL,NULL),(5248,1,3,49.60714800,18.48391300,1708444918,95,NULL,NULL,NULL),(5249,1,3,49.60706100,18.48386100,1708444922,94,NULL,NULL,NULL),(5250,1,3,49.60698400,18.48382900,1708444925,95,NULL,NULL,NULL),(5251,1,3,49.60696400,18.48382400,1708444926,96,NULL,NULL,NULL),(5252,1,3,49.60679700,18.48379000,1708444932,95,NULL,NULL,NULL),(5253,1,3,49.60676400,18.48379000,1708444933,95,NULL,NULL,NULL),(5254,1,3,49.60658800,18.48378900,1708444938,96,NULL,NULL,NULL),(5255,1,3,49.60656000,18.48378900,1708444939,95,NULL,NULL,NULL),(5256,1,3,49.60651400,18.48378500,1708444941,95,NULL,NULL,NULL),(5257,1,3,49.60648600,18.48377800,1708444942,95,NULL,NULL,NULL),(5258,1,3,49.60641500,18.48374500,1708444945,94,NULL,NULL,NULL),(5259,1,3,49.60623700,18.48369800,1708444951,96,NULL,NULL,NULL),(5260,1,3,49.60620500,18.48368300,1708444952,96,NULL,NULL,NULL),(5261,1,3,49.60608800,18.48363100,1708444956,95,NULL,NULL,NULL),(5262,1,3,49.60597700,18.48349000,1708444961,96,NULL,NULL,NULL),(5263,1,3,49.60594300,18.48346900,1708444962,96,NULL,NULL,NULL),(5264,1,3,49.60586400,18.48341600,1708444965,96,NULL,NULL,NULL),(5265,1,3,49.60575000,18.48322000,1708444970,94,NULL,NULL,NULL),(5266,1,3,49.60564700,18.48303800,1708444975,94,NULL,NULL,NULL),(5267,1,3,49.60560100,18.48291900,1708444978,94,NULL,NULL,NULL),(5268,1,3,49.60552100,18.48269300,1708444984,94,NULL,NULL,NULL),(5269,1,3,49.60544400,18.48255400,1708444988,94,NULL,NULL,NULL),(5270,1,3,49.60536700,18.48242600,1708444992,93,NULL,NULL,NULL),(5271,1,3,49.60532000,18.48236900,1708444994,94,NULL,NULL,NULL),(5272,1,3,49.60521700,18.48219700,1708445000,93,NULL,NULL,NULL),(5273,1,3,49.60518400,18.48214600,1708445002,94,NULL,NULL,NULL),(5274,1,3,49.60515200,18.48207300,1708445004,94,NULL,NULL,NULL),(5275,1,3,49.60506500,18.48185100,1708445010,93,NULL,NULL,NULL),(5276,1,3,49.60504000,18.48179000,1708445012,94,NULL,NULL,NULL),(5277,1,3,49.60495900,18.48161600,1708445017,93,NULL,NULL,NULL),(5278,1,3,49.60488200,18.48145200,1708445022,93,NULL,NULL,NULL),(5279,1,3,49.60478700,18.48125700,1708445028,93,NULL,NULL,NULL),(5280,1,3,49.60473800,18.48117900,1708445031,93,NULL,NULL,NULL),(5281,1,3,49.60464200,18.48098600,1708445037,94,NULL,NULL,NULL),(5282,1,3,49.60458700,18.48090200,1708445040,93,NULL,NULL,NULL),(5283,1,3,49.60450400,18.48072300,1708445046,94,NULL,NULL,NULL),(5284,1,3,49.60448500,18.48069200,1708445047,95,NULL,NULL,NULL),(5285,1,3,49.60441400,18.48055500,1708445052,95,NULL,NULL,NULL),(5286,1,3,49.60435700,18.48046800,1708445055,95,NULL,NULL,NULL),(5287,1,3,49.60421400,18.48036000,1708445061,95,NULL,NULL,NULL),(5288,1,3,49.60419300,18.48033900,1708445062,95,NULL,NULL,NULL),(5289,1,3,49.60409400,18.48023800,1708445066,96,NULL,NULL,NULL),(5290,1,3,49.60394800,18.48014800,1708445072,95,NULL,NULL,NULL),(5291,1,3,49.60384000,18.48010800,1708445076,95,NULL,NULL,NULL),(5292,1,3,49.60374800,18.48004600,1708445080,95,NULL,NULL,NULL),(5293,1,3,49.60359800,18.47999700,1708445086,95,NULL,NULL,NULL),(5294,1,3,49.60353800,18.47998700,1708445088,94,NULL,NULL,NULL),(5295,1,3,49.60338400,18.47987000,1708445094,95,NULL,NULL,NULL),(5296,1,3,49.60334200,18.47981000,1708445096,96,NULL,NULL,NULL),(5297,1,3,49.60327800,18.47970300,1708445099,96,NULL,NULL,NULL),(5298,1,3,49.60324300,18.47964500,1708445101,95,NULL,NULL,NULL),(5299,1,3,49.60320200,18.47955300,1708445104,96,NULL,NULL,NULL),(5300,1,3,49.60308500,18.47941300,1708445110,96,NULL,NULL,NULL),(5301,1,3,49.60306200,18.47938800,1708445111,96,NULL,NULL,NULL),(5302,1,3,49.60294800,18.47931000,1708445116,96,NULL,NULL,NULL),(5303,1,3,49.60281500,18.47927600,1708445121,95,NULL,NULL,NULL),(5304,1,3,49.60273600,18.47927200,1708445124,96,NULL,NULL,NULL),(5305,1,3,49.60263500,18.47923200,1708445130,94,NULL,NULL,NULL),(5306,1,3,49.60247200,18.47920600,1708445136,94,NULL,NULL,NULL),(5307,1,3,49.60245000,18.47919600,1708445137,94,NULL,NULL,NULL),(5308,1,3,49.60232700,18.47912900,1708445142,94,NULL,NULL,NULL),(5309,1,3,49.60229900,18.47911900,1708445143,94,NULL,NULL,NULL),(5310,1,3,49.60214200,18.47908400,1708445149,94,NULL,NULL,NULL),(5311,1,3,49.60211600,18.47906600,1708445150,94,NULL,NULL,NULL),(5312,1,3,49.60201000,18.47896900,1708445154,95,NULL,NULL,NULL),(5313,1,3,49.60188800,18.47869900,1708445160,95,NULL,NULL,NULL),(5314,1,3,49.60187200,18.47864800,1708445161,95,NULL,NULL,NULL),(5315,1,3,49.60183600,18.47838300,1708445167,97,NULL,NULL,NULL),(5316,1,3,49.60183800,18.47831000,1708445169,95,NULL,NULL,NULL),(5317,1,3,49.60186100,18.47800900,1708445175,96,NULL,NULL,NULL),(5318,1,3,49.60187100,18.47791100,1708445177,96,NULL,NULL,NULL),(5319,1,3,49.60191300,18.47767200,1708445183,96,NULL,NULL,NULL),(5320,1,3,49.60191900,18.47761300,1708445184,96,NULL,NULL,NULL),(5321,1,3,49.60192500,18.47756800,1708445185,95,NULL,NULL,NULL),(5322,1,3,49.60194400,18.47732400,1708445191,96,NULL,NULL,NULL),(5323,1,3,49.60196300,18.47722500,1708445193,95,NULL,NULL,NULL),(5324,1,3,49.60198400,18.47699900,1708445199,95,NULL,NULL,NULL),(5325,1,3,49.60199800,18.47674700,1708445205,95,NULL,NULL,NULL),(5326,1,3,49.60200500,18.47666400,1708445207,96,NULL,NULL,NULL),(5327,1,3,49.60201000,18.47661200,1708445208,96,NULL,NULL,NULL),(5328,1,3,49.60199600,18.47644800,1708445213,94,NULL,NULL,NULL),(5329,1,3,49.60196600,18.47642000,1708445215,92,NULL,NULL,NULL),(5330,1,3,49.60194200,18.47641200,1708445216,92,NULL,NULL,NULL),(5331,1,3,49.60191200,18.47639800,1708445217,93,NULL,NULL,NULL),(5332,1,3,49.60175900,18.47638200,1708445223,94,NULL,NULL,NULL),(5333,1,3,49.60163100,18.47633300,1708445229,94,NULL,NULL,NULL),(5334,1,3,49.60161000,18.47632900,1708445230,94,NULL,NULL,NULL),(5335,1,3,49.60159300,18.47631400,1708445231,94,NULL,NULL,NULL),(5336,1,3,49.60151200,18.47629700,1708445234,94,NULL,NULL,NULL),(5337,1,3,49.60144200,18.47628600,1708445236,94,NULL,NULL,NULL),(5338,1,3,49.60129900,18.47621400,1708445241,94,NULL,NULL,NULL),(5339,1,3,49.60117800,18.47610800,1708445247,94,NULL,NULL,NULL),(5340,1,3,49.60116200,18.47609500,1708445248,94,NULL,NULL,NULL),(5341,1,3,49.60104400,18.47605200,1708445253,94,NULL,NULL,NULL),(5342,1,3,49.60086800,18.47597400,1708445259,94,NULL,NULL,NULL),(5343,1,3,49.60084800,18.47596100,1708445260,94,NULL,NULL,NULL),(5344,1,3,49.60074700,18.47589200,1708445264,93,NULL,NULL,NULL),(5345,1,3,49.60062700,18.47579700,1708445269,94,NULL,NULL,NULL),(5346,1,3,49.60047800,18.47568500,1708445275,94,NULL,NULL,NULL),(5347,1,3,49.60031900,18.47561700,1708445281,94,NULL,NULL,NULL),(5348,1,3,49.60026800,18.47559800,1708445283,94,NULL,NULL,NULL),(5349,1,3,49.60010900,18.47550900,1708445289,94,NULL,NULL,NULL),(5350,1,3,49.60002800,18.47546100,1708445292,95,NULL,NULL,NULL),(5351,1,3,49.59992700,18.47542200,1708445296,93,NULL,NULL,NULL),(5352,1,3,49.59982100,18.47538000,1708445300,94,NULL,NULL,NULL),(5353,1,3,49.59968800,18.47529200,1708445306,94,NULL,NULL,NULL),(5354,1,3,49.59964000,18.47526500,1708445308,94,NULL,NULL,NULL),(5355,1,3,49.59955500,18.47517300,1708445312,94,NULL,NULL,NULL),(5356,1,3,49.59951700,18.47510700,1708445314,94,NULL,NULL,NULL),(5357,1,3,49.59937600,18.47504500,1708445320,95,NULL,NULL,NULL),(5358,1,3,49.59922400,18.47498100,1708445326,94,NULL,NULL,NULL),(5359,1,3,49.59917300,18.47495800,1708445328,94,NULL,NULL,NULL),(5360,1,3,49.59902300,18.47486100,1708445334,95,NULL,NULL,NULL),(5361,1,3,49.59887600,18.47479400,1708445340,95,NULL,NULL,NULL),(5362,1,3,49.59882000,18.47476800,1708445342,95,NULL,NULL,NULL),(5363,1,3,49.59866400,18.47467000,1708445348,96,NULL,NULL,NULL),(5364,1,3,49.59863400,18.47465500,1708445349,96,NULL,NULL,NULL),(5365,1,3,49.59847600,18.47457300,1708445355,95,NULL,NULL,NULL),(5366,1,3,49.59844400,18.47456700,1708445356,95,NULL,NULL,NULL),(5367,1,3,49.59841600,18.47455900,1708445357,95,NULL,NULL,NULL),(5368,1,3,49.59823800,18.47452300,1708445363,96,NULL,NULL,NULL),(5369,1,3,49.59808900,18.47446400,1708445369,94,NULL,NULL,NULL),(5370,1,3,49.59803400,18.47443600,1708445371,94,NULL,NULL,NULL),(5371,1,3,49.59797800,18.47441600,1708445373,94,NULL,NULL,NULL),(5372,1,3,49.59787000,18.47437800,1708445377,94,NULL,NULL,NULL),(5373,1,3,49.59781400,18.47435700,1708445379,94,NULL,NULL,NULL),(5374,1,3,49.59769100,18.47425800,1708445385,94,NULL,NULL,NULL),(5375,1,3,49.59758200,18.47415000,1708445390,94,NULL,NULL,NULL),(5376,1,3,49.59754700,18.47410300,1708445392,95,NULL,NULL,NULL),(5377,1,3,49.59742300,18.47401600,1708445398,94,NULL,NULL,NULL),(5378,1,3,49.59738100,18.47398400,1708445400,95,NULL,NULL,NULL),(5379,1,3,49.59723200,18.47389400,1708445406,94,NULL,NULL,NULL),(5380,1,3,49.59720500,18.47388200,1708445407,94,NULL,NULL,NULL),(5381,1,3,49.59701800,18.47379800,1708445413,94,NULL,NULL,NULL),(5382,1,3,49.59698300,18.47373100,1708445415,94,NULL,NULL,NULL),(5383,1,3,49.59684400,18.47364000,1708445421,95,NULL,NULL,NULL),(5384,1,3,49.59682200,18.47362500,1708445422,95,NULL,NULL,NULL),(5385,1,3,49.59667800,18.47354400,1708445428,94,NULL,NULL,NULL),(5386,1,3,49.59666300,18.47352900,1708445429,94,NULL,NULL,NULL),(5387,1,3,49.59654400,18.47343700,1708445435,94,NULL,NULL,NULL),(5388,1,3,49.59648700,18.47340700,1708445438,93,NULL,NULL,NULL),(5389,1,3,49.59644400,18.47338000,1708445440,94,NULL,NULL,NULL),(5390,1,3,49.59629700,18.47335900,1708445445,94,NULL,NULL,NULL),(5391,1,3,49.59627000,18.47334800,1708445446,94,NULL,NULL,NULL),(5392,1,3,49.59612300,18.47325700,1708445452,94,NULL,NULL,NULL),(5393,1,3,49.59609800,18.47324500,1708445453,94,NULL,NULL,NULL),(5394,1,3,49.59594900,18.47318500,1708445459,96,NULL,NULL,NULL),(5395,1,3,49.59589100,18.47317300,1708445461,96,NULL,NULL,NULL),(5396,1,3,49.59577800,18.47312300,1708445465,95,NULL,NULL,NULL),(5397,1,3,49.59565800,18.47300700,1708445471,96,NULL,NULL,NULL),(5398,1,3,49.59560200,18.47297700,1708445473,96,NULL,NULL,NULL),(5399,1,3,49.59544500,18.47290200,1708445479,95,NULL,NULL,NULL),(5400,1,3,49.59539500,18.47286200,1708445481,95,NULL,NULL,NULL),(5401,1,3,49.59529900,18.47270900,1708445487,95,NULL,NULL,NULL),(5402,1,3,49.59518000,18.47263200,1708445493,95,NULL,NULL,NULL),(5403,1,3,49.59516500,18.47262300,1708445494,95,NULL,NULL,NULL),(5404,1,3,49.59510800,18.47258800,1708445497,96,NULL,NULL,NULL),(5405,1,3,49.59497700,18.47248700,1708445502,95,NULL,NULL,NULL),(5406,1,3,49.59480800,18.47242000,1708445508,96,NULL,NULL,NULL),(5407,1,3,49.59475800,18.47240500,1708445510,96,NULL,NULL,NULL),(5408,1,3,49.59463400,18.47232200,1708445515,95,NULL,NULL,NULL),(5409,1,3,49.59460600,18.47229000,1708445516,95,NULL,NULL,NULL),(5410,1,3,49.59448700,18.47221700,1708445521,96,NULL,NULL,NULL),(5411,1,3,49.59440300,18.47214300,1708445524,96,NULL,NULL,NULL),(5412,1,3,49.59437000,18.47211700,1708445526,96,NULL,NULL,NULL),(5413,1,3,49.59433300,18.47210900,1708445528,95,NULL,NULL,NULL),(5414,1,3,49.59420700,18.47208800,1708445534,96,NULL,NULL,NULL),(5415,1,3,49.59418400,18.47208000,1708445535,96,NULL,NULL,NULL),(5416,1,3,49.59401600,18.47207300,1708445541,95,NULL,NULL,NULL),(5417,1,3,49.59399100,18.47206900,1708445542,95,NULL,NULL,NULL),(5418,1,3,49.59380500,18.47206900,1708445548,95,NULL,NULL,NULL),(5419,1,3,49.59365300,18.47206300,1708445554,95,NULL,NULL,NULL),(5420,1,3,49.59358800,18.47206300,1708445556,95,NULL,NULL,NULL),(5421,1,3,49.59352700,18.47205200,1708445558,96,NULL,NULL,NULL),(5422,1,3,49.59342700,18.47207300,1708445561,94,NULL,NULL,NULL),(5423,1,3,49.59333800,18.47208700,1708445564,95,NULL,NULL,NULL),(5424,1,3,49.59319400,18.47209600,1708445570,94,NULL,NULL,NULL),(5425,1,3,49.59309900,18.47212000,1708445574,94,NULL,NULL,NULL),(5426,1,3,49.59294400,18.47215200,1708445580,94,NULL,NULL,NULL),(5427,1,3,49.59290100,18.47215700,1708445582,95,NULL,NULL,NULL),(5428,1,3,49.59272200,18.47221300,1708445587,95,NULL,NULL,NULL),(5429,1,3,49.59257500,18.47225800,1708445593,97,NULL,NULL,NULL),(5430,1,3,49.59254700,18.47227600,1708445594,97,NULL,NULL,NULL),(5431,1,3,49.59238000,18.47235200,1708445600,95,NULL,NULL,NULL),(5432,1,3,49.59234000,18.47237800,1708445602,96,NULL,NULL,NULL),(5433,1,3,49.59221000,18.47249800,1708445608,96,NULL,NULL,NULL),(5434,1,3,49.59214200,18.47256500,1708445611,95,NULL,NULL,NULL),(5435,1,3,49.59202100,18.47263200,1708445617,95,NULL,NULL,NULL),(5436,1,3,49.59191100,18.47272100,1708445621,96,NULL,NULL,NULL),(5437,1,3,49.59181500,18.47281300,1708445627,95,NULL,NULL,NULL),(5438,1,3,49.59168500,18.47296500,1708445633,96,NULL,NULL,NULL),(5439,1,3,49.59164500,18.47300600,1708445635,95,NULL,NULL,NULL),(5440,1,3,49.59149000,18.47315200,1708445641,95,NULL,NULL,NULL),(5441,1,3,49.59141500,18.47320400,1708445644,95,NULL,NULL,NULL),(5442,1,3,49.59140500,18.47323000,1708445645,95,NULL,NULL,NULL),(5443,1,3,49.59138100,18.47330000,1708445647,95,NULL,NULL,NULL),(5444,1,3,49.59135000,18.47333800,1708445649,94,NULL,NULL,NULL),(5445,1,3,49.59127200,18.47343600,1708445654,95,NULL,NULL,NULL),(5446,1,3,49.59124800,18.47350300,1708445656,95,NULL,NULL,NULL),(5447,1,3,49.59122200,18.47356700,1708445658,95,NULL,NULL,NULL),(5448,1,3,49.59119900,18.47358500,1708445659,96,NULL,NULL,NULL),(5449,1,3,49.59110800,18.47370000,1708445665,96,NULL,NULL,NULL),(5450,1,3,49.59109500,18.47372600,1708445666,96,NULL,NULL,NULL),(5451,1,3,49.59103100,18.47386000,1708445672,94,NULL,NULL,NULL),(5452,1,3,49.59100900,18.47390100,1708445674,93,NULL,NULL,NULL),(5453,1,3,49.59099800,18.47395600,1708445676,94,NULL,NULL,NULL),(5454,1,3,49.59098700,18.47397100,1708445677,94,NULL,NULL,NULL),(5455,1,3,49.59094900,18.47401800,1708445679,94,NULL,NULL,NULL),(5456,1,3,49.59093200,18.47405000,1708445680,94,NULL,NULL,NULL),(5457,1,3,49.59084500,18.47417700,1708445684,94,NULL,NULL,NULL),(5458,1,3,49.59076100,18.47429000,1708445688,93,NULL,NULL,NULL),(5459,1,3,49.59074300,18.47431100,1708445689,93,NULL,NULL,NULL),(5460,1,3,49.59069000,18.47436000,1708445691,94,NULL,NULL,NULL),(5461,1,3,49.59064000,18.47445600,1708445694,94,NULL,NULL,NULL),(5462,1,3,49.59055600,18.47456900,1708445699,94,NULL,NULL,NULL),(5463,1,3,49.59048200,18.47461800,1708445702,94,NULL,NULL,NULL),(5464,1,3,49.59043700,18.47465800,1708445704,94,NULL,NULL,NULL),(5465,1,3,49.59037600,18.47474500,1708445707,94,NULL,NULL,NULL),(5466,1,3,49.59028100,18.47487100,1708445711,94,NULL,NULL,NULL),(5467,1,3,49.59017400,18.47501700,1708445715,95,NULL,NULL,NULL),(5468,1,3,49.59008900,18.47509900,1708445718,96,NULL,NULL,NULL),(5469,1,3,49.58998900,18.47521500,1708445722,96,NULL,NULL,NULL),(5470,1,3,49.58996100,18.47525000,1708445723,95,NULL,NULL,NULL),(5471,1,3,49.58983200,18.47536300,1708445728,94,NULL,NULL,NULL),(5472,1,3,49.58971800,18.47546700,1708445733,96,NULL,NULL,NULL),(5473,1,3,49.58963900,18.47556000,1708445736,95,NULL,NULL,NULL),(5474,1,3,49.58947900,18.47572200,1708445742,96,NULL,NULL,NULL),(5475,1,3,49.58940000,18.47577500,1708445745,96,NULL,NULL,NULL),(5476,1,3,49.58924400,18.47589800,1708445751,95,NULL,NULL,NULL),(5477,1,3,49.58922200,18.47591200,1708445752,95,NULL,NULL,NULL),(5478,1,3,49.58917300,18.47593700,1708445754,95,NULL,NULL,NULL),(5479,1,3,49.58903300,18.47601200,1708445759,96,NULL,NULL,NULL),(5480,1,3,49.58887300,18.47610300,1708445765,96,NULL,NULL,NULL),(5481,1,3,49.58879600,18.47614500,1708445769,96,NULL,NULL,NULL),(5482,1,3,49.58864600,18.47620100,1708445775,96,NULL,NULL,NULL),(5483,1,3,49.58858200,18.47623600,1708445777,95,NULL,NULL,NULL),(5484,1,3,49.58841300,18.47629300,1708445783,95,NULL,NULL,NULL),(5485,1,3,49.58831100,18.47633700,1708445787,94,NULL,NULL,NULL),(5486,1,3,49.58824100,18.47638000,1708445790,95,NULL,NULL,NULL),(5487,1,3,49.58813200,18.47647500,1708445794,95,NULL,NULL,NULL),(5488,1,3,49.58797800,18.47658600,1708445800,94,NULL,NULL,NULL),(5489,1,3,49.58792000,18.47660400,1708445802,93,NULL,NULL,NULL),(5490,1,3,49.58777100,18.47663800,1708445808,93,NULL,NULL,NULL),(5491,1,3,49.58766000,18.47672600,1708445814,94,NULL,NULL,NULL),(5492,1,3,49.58763700,18.47673300,1708445815,94,NULL,NULL,NULL),(5493,1,3,49.58760100,18.47674500,1708445817,94,NULL,NULL,NULL),(5494,1,3,49.58751700,18.47675900,1708445821,94,NULL,NULL,NULL),(5495,1,3,49.58747000,18.47676600,1708445823,94,NULL,NULL,NULL),(5496,1,3,49.58742700,18.47678800,1708445825,94,NULL,NULL,NULL),(5497,1,3,49.58737700,18.47681800,1708445827,94,NULL,NULL,NULL),(5498,1,3,49.58722900,18.47689600,1708445833,94,NULL,NULL,NULL),(5499,1,3,49.58715900,18.47693900,1708445836,95,NULL,NULL,NULL),(5500,1,3,49.58707000,18.47698100,1708445840,93,NULL,NULL,NULL),(5501,1,3,49.58697700,18.47701500,1708445844,93,NULL,NULL,NULL),(5502,1,3,49.58684600,18.47712300,1708445850,93,NULL,NULL,NULL),(5503,1,3,49.58669800,18.47723900,1708445856,94,NULL,NULL,NULL),(5504,1,3,49.58667500,18.47725600,1708445857,94,NULL,NULL,NULL),(5505,1,3,49.58654000,18.47733800,1708445863,94,NULL,NULL,NULL),(5506,1,3,49.58648300,18.47737900,1708445866,95,NULL,NULL,NULL),(5507,1,3,49.58632900,18.47747100,1708445872,94,NULL,NULL,NULL),(5508,1,3,49.58629500,18.47749900,1708445873,94,NULL,NULL,NULL),(5509,1,3,49.58621800,18.47758000,1708445876,94,NULL,NULL,NULL),(5510,1,3,49.58619700,18.47759700,1708445877,94,NULL,NULL,NULL),(5511,1,3,49.58606800,18.47767000,1708445883,94,NULL,NULL,NULL),(5512,1,3,49.58602600,18.47769500,1708445885,94,NULL,NULL,NULL),(5513,1,3,49.58593700,18.47779000,1708445889,95,NULL,NULL,NULL),(5514,1,3,49.58578700,18.47790100,1708445895,93,NULL,NULL,NULL),(5515,1,3,49.58563500,18.47799100,1708445901,95,NULL,NULL,NULL),(5516,1,3,49.58546900,18.47809400,1708445907,95,NULL,NULL,NULL),(5517,1,3,49.58541000,18.47814100,1708445909,95,NULL,NULL,NULL),(5518,1,3,49.58525500,18.47824000,1708445915,94,NULL,NULL,NULL),(5519,1,3,49.58521300,18.47827900,1708445917,95,NULL,NULL,NULL),(5520,1,3,49.58510900,18.47834000,1708445922,94,NULL,NULL,NULL),(5521,1,3,49.58501300,18.47840600,1708445926,94,NULL,NULL,NULL),(5522,1,3,49.58486000,18.47851000,1708445932,94,NULL,NULL,NULL),(5523,1,3,49.58483700,18.47852200,1708445933,94,NULL,NULL,NULL),(5524,1,3,49.58481500,18.47853100,1708445934,94,NULL,NULL,NULL),(5525,1,3,49.58466900,18.47859700,1708445940,93,NULL,NULL,NULL),(5526,1,3,49.58464700,18.47860500,1708445941,94,NULL,NULL,NULL),(5527,1,3,49.58461600,18.47861600,1708445942,94,NULL,NULL,NULL),(5528,1,3,49.58445200,18.47864800,1708445948,95,NULL,NULL,NULL),(5529,1,3,49.58432200,18.47871700,1708445953,95,NULL,NULL,NULL),(5530,1,3,49.58422000,18.47875000,1708445957,95,NULL,NULL,NULL),(5531,1,3,49.58410400,18.47875600,1708445962,96,NULL,NULL,NULL),(5532,1,3,49.58402700,18.47879100,1708445965,95,NULL,NULL,NULL),(5533,1,3,49.58387600,18.47879200,1708445971,95,NULL,NULL,NULL),(5534,1,3,49.58372100,18.47881200,1708445977,96,NULL,NULL,NULL),(5535,1,3,49.58360600,18.47881700,1708445981,97,NULL,NULL,NULL),(5536,1,3,49.58355300,18.47880900,1708445983,96,NULL,NULL,NULL),(5537,1,3,49.58340900,18.47882300,1708445989,95,NULL,NULL,NULL),(5538,1,3,49.58336000,18.47883300,1708445991,94,NULL,NULL,NULL),(5539,1,3,49.58325300,18.47885400,1708445995,94,NULL,NULL,NULL),(5540,1,3,49.58318900,18.47885300,1708445998,93,NULL,NULL,NULL),(5541,1,3,49.58312000,18.47885600,1708446001,94,NULL,NULL,NULL),(5542,1,3,49.58307000,18.47886900,1708446003,93,NULL,NULL,NULL),(5543,1,3,49.58299900,18.47888500,1708446006,93,NULL,NULL,NULL),(5544,1,3,49.58291100,18.47890000,1708446010,94,NULL,NULL,NULL),(5545,1,3,49.58277400,18.47894700,1708446015,93,NULL,NULL,NULL),(5546,1,3,49.58263900,18.47897600,1708446021,94,NULL,NULL,NULL),(5547,1,3,49.58261300,18.47898700,1708446022,95,NULL,NULL,NULL),(5548,1,3,49.58247600,18.47903300,1708446027,95,NULL,NULL,NULL),(5549,1,3,49.58237400,18.47906100,1708446031,96,NULL,NULL,NULL),(5550,1,3,49.58222600,18.47908800,1708446037,95,NULL,NULL,NULL),(5551,1,3,49.58217000,18.47906700,1708446040,96,NULL,NULL,NULL),(5552,1,3,49.58211300,18.47907100,1708446042,96,NULL,NULL,NULL),(5553,1,3,49.58198500,18.47911200,1708446047,95,NULL,NULL,NULL),(5554,1,3,49.58183400,18.47914800,1708446053,95,NULL,NULL,NULL),(5555,1,3,49.58180300,18.47916100,1708446054,94,NULL,NULL,NULL),(5556,1,3,49.58177700,18.47917200,1708446055,94,NULL,NULL,NULL),(5557,1,3,49.58165200,18.47920400,1708446060,95,NULL,NULL,NULL),(5558,1,3,49.58154800,18.47920900,1708446064,95,NULL,NULL,NULL),(5559,1,3,49.58136900,18.47931500,1708446070,96,NULL,NULL,NULL),(5560,1,3,49.58129400,18.47933600,1708446073,96,NULL,NULL,NULL),(5561,1,3,49.58127000,18.47934100,1708446074,96,NULL,NULL,NULL),(5562,1,3,49.58112900,18.47938000,1708446080,95,NULL,NULL,NULL),(5563,1,3,49.58107600,18.47937600,1708446082,96,NULL,NULL,NULL),(5564,1,3,49.58092400,18.47939800,1708446088,96,NULL,NULL,NULL),(5565,1,3,49.58083400,18.47942300,1708446091,96,NULL,NULL,NULL),(5566,1,3,49.58069400,18.47947700,1708446096,96,NULL,NULL,NULL),(5567,1,3,49.58059900,18.47945600,1708446100,96,NULL,NULL,NULL),(5568,1,3,49.58042900,18.47954500,1708446106,96,NULL,NULL,NULL),(5569,1,3,49.58037100,18.47954500,1708446108,97,NULL,NULL,NULL),(5570,1,3,49.58025600,18.47953900,1708446113,96,NULL,NULL,NULL),(5571,1,3,49.58016900,18.47954800,1708446117,96,NULL,NULL,NULL),(5572,1,3,49.58000400,18.47957800,1708446123,94,NULL,NULL,NULL),(5573,1,3,49.57994200,18.47959800,1708446125,95,NULL,NULL,NULL),(5574,1,3,49.57986200,18.47963000,1708446128,96,NULL,NULL,NULL),(5575,1,3,49.57973600,18.47967000,1708446132,96,NULL,NULL,NULL),(5576,1,3,49.57955700,18.47966600,1708446138,96,NULL,NULL,NULL),(5577,1,3,49.57950400,18.47967600,1708446140,96,NULL,NULL,NULL),(5578,1,3,49.57933400,18.47976800,1708446146,97,NULL,NULL,NULL),(5579,1,3,49.57917200,18.47982000,1708446152,96,NULL,NULL,NULL),(5580,1,3,49.57909400,18.47984600,1708446155,96,NULL,NULL,NULL),(5581,1,3,49.57904200,18.47984300,1708446157,97,NULL,NULL,NULL),(5582,1,3,49.57901200,18.47983500,1708446158,98,NULL,NULL,NULL),(5583,1,3,49.57899100,18.47982500,1708446159,98,NULL,NULL,NULL),(5584,1,3,49.57894900,18.47983900,1708446161,97,NULL,NULL,NULL),(5585,1,3,49.57881700,18.47987300,1708446167,96,NULL,NULL,NULL),(5586,1,3,49.57878300,18.47988400,1708446168,96,NULL,NULL,NULL),(5587,1,3,49.57863000,18.47990600,1708446174,96,NULL,NULL,NULL),(5588,1,3,49.57855700,18.47992000,1708446177,97,NULL,NULL,NULL),(5589,1,3,49.57847500,18.47993800,1708446180,97,NULL,NULL,NULL),(5590,1,3,49.57830700,18.47997200,1708446186,96,NULL,NULL,NULL),(5591,1,3,49.57827500,18.47997700,1708446187,97,NULL,NULL,NULL),(5592,1,3,49.57812300,18.48001400,1708446193,96,NULL,NULL,NULL),(5593,1,3,49.57794400,18.48005800,1708446199,97,NULL,NULL,NULL),(5594,1,3,49.57792400,18.48005900,1708446200,97,NULL,NULL,NULL),(5595,1,3,49.57789800,18.48006000,1708446201,97,NULL,NULL,NULL),(5596,1,3,49.57782600,18.48005400,1708446204,97,NULL,NULL,NULL),(5597,1,3,49.57768500,18.48005100,1708446208,97,NULL,NULL,NULL),(5598,1,3,49.57753700,18.48001900,1708446214,96,NULL,NULL,NULL),(5599,1,3,49.57744500,18.47998000,1708446217,96,NULL,NULL,NULL),(5600,1,3,49.57739900,18.47996600,1708446219,97,NULL,NULL,NULL),(5601,1,3,49.57723400,18.47991200,1708446225,96,NULL,NULL,NULL),(5602,1,3,49.57717900,18.47986700,1708446227,96,NULL,NULL,NULL),(5603,1,3,49.57704500,18.47975900,1708446233,96,NULL,NULL,NULL),(5604,1,3,49.57692600,18.47967500,1708446238,96,NULL,NULL,NULL),(5605,1,3,49.57684500,18.47962000,1708446242,97,NULL,NULL,NULL),(5606,1,3,49.57675700,18.47954400,1708446246,96,NULL,NULL,NULL),(5607,1,3,49.57661400,18.47942300,1708446252,96,NULL,NULL,NULL),(5608,1,3,49.57659100,18.47941300,1708446253,96,NULL,NULL,NULL),(5609,1,3,49.57657000,18.47940300,1708446254,96,NULL,NULL,NULL),(5610,1,3,49.57643200,18.47930800,1708446260,97,NULL,NULL,NULL),(5611,1,3,49.57640600,18.47928300,1708446261,97,NULL,NULL,NULL),(5612,1,3,49.57627200,18.47916300,1708446267,96,NULL,NULL,NULL),(5613,1,3,49.57625600,18.47914300,1708446268,96,NULL,NULL,NULL),(5614,1,3,49.57612000,18.47904400,1708446274,95,NULL,NULL,NULL),(5615,1,3,49.57609500,18.47902800,1708446275,95,NULL,NULL,NULL),(5616,1,3,49.57605000,18.47899400,1708446277,96,NULL,NULL,NULL),(5617,1,3,49.57590700,18.47887900,1708446283,96,NULL,NULL,NULL),(5618,1,3,49.57575600,18.47876600,1708446289,96,NULL,NULL,NULL),(5619,1,3,49.57570800,18.47872100,1708446291,97,NULL,NULL,NULL),(5620,1,3,49.57556900,18.47862700,1708446296,97,NULL,NULL,NULL),(5621,1,3,49.57551800,18.47858400,1708446298,98,NULL,NULL,NULL),(5622,1,3,49.57547700,18.47853700,1708446300,97,NULL,NULL,NULL),(5623,1,3,49.57533500,18.47841200,1708446306,96,NULL,NULL,NULL),(5624,1,3,49.57529500,18.47836700,1708446308,96,NULL,NULL,NULL),(5625,1,3,49.57516200,18.47825800,1708446314,95,NULL,NULL,NULL),(5626,1,3,49.57512300,18.47821100,1708446316,95,NULL,NULL,NULL),(5627,1,3,49.57498600,18.47806300,1708446322,95,NULL,NULL,NULL),(5628,1,3,49.57489700,18.47795800,1708446326,95,NULL,NULL,NULL),(5629,1,3,49.57478700,18.47775900,1708446332,94,NULL,NULL,NULL),(5630,1,3,49.57476700,18.47773400,1708446333,94,NULL,NULL,NULL),(5631,1,3,49.57468900,18.47750600,1708446339,94,NULL,NULL,NULL),(5632,1,3,49.57467500,18.47746900,1708446340,94,NULL,NULL,NULL),(5633,1,3,49.57465800,18.47744200,1708446341,94,NULL,NULL,NULL),(5634,1,3,49.57463400,18.47734900,1708446344,94,NULL,NULL,NULL),(5635,1,3,49.57453500,18.47721800,1708446349,94,NULL,NULL,NULL),(5636,1,3,49.57446500,18.47715400,1708446352,94,NULL,NULL,NULL),(5637,1,3,49.57430300,18.47704400,1708446358,95,NULL,NULL,NULL),(5638,1,3,49.57421200,18.47696800,1708446363,95,NULL,NULL,NULL),(5639,1,3,49.57404300,18.47687000,1708446369,96,NULL,NULL,NULL),(5640,1,3,49.57389500,18.47679300,1708446375,97,NULL,NULL,NULL),(5641,1,3,49.57384100,18.47677000,1708446377,96,NULL,NULL,NULL),(5642,1,3,49.57373500,18.47671200,1708446381,95,NULL,NULL,NULL),(5643,1,3,49.57365800,18.47669200,1708446384,96,NULL,NULL,NULL),(5644,1,3,49.57350500,18.47662500,1708446390,95,NULL,NULL,NULL),(5645,1,3,49.57343400,18.47660000,1708446393,96,NULL,NULL,NULL),(5646,1,3,49.57340500,18.47659000,1708446394,96,NULL,NULL,NULL),(5647,1,3,49.57329600,18.47656000,1708446398,96,NULL,NULL,NULL),(5648,1,3,49.57314200,18.47652200,1708446404,96,NULL,NULL,NULL),(5649,1,3,49.57298300,18.47654300,1708446410,95,NULL,NULL,NULL),(5650,1,3,49.57295300,18.47654900,1708446411,95,NULL,NULL,NULL),(5651,1,3,49.57282500,18.47658900,1708446416,96,NULL,NULL,NULL),(5652,1,3,49.57267300,18.47666000,1708446422,95,NULL,NULL,NULL),(5653,1,3,49.57264100,18.47667500,1708446423,95,NULL,NULL,NULL),(5654,1,3,49.57249600,18.47670900,1708446429,96,NULL,NULL,NULL),(5655,1,3,49.57236800,18.47673300,1708446434,95,NULL,NULL,NULL),(5656,1,3,49.57234500,18.47673400,1708446435,96,NULL,NULL,NULL),(5657,1,3,49.57221700,18.47678100,1708446440,95,NULL,NULL,NULL),(5658,1,3,49.57211000,18.47682500,1708446444,95,NULL,NULL,NULL),(5659,1,3,49.57208500,18.47683000,1708446445,95,NULL,NULL,NULL),(5660,1,3,49.57206100,18.47683800,1708446446,95,NULL,NULL,NULL),(5661,1,3,49.57191300,18.47688700,1708446452,95,NULL,NULL,NULL),(5662,1,3,49.57189100,18.47689100,1708446453,95,NULL,NULL,NULL),(5663,1,3,49.57174400,18.47692700,1708446459,96,NULL,NULL,NULL),(5664,1,3,49.57163300,18.47694200,1708446464,94,NULL,NULL,NULL),(5665,1,3,49.57153700,18.47698000,1708446469,95,NULL,NULL,NULL),(5666,1,3,49.57149900,18.47700600,1708446471,95,NULL,NULL,NULL),(5667,1,3,49.57147800,18.47700900,1708446472,95,NULL,NULL,NULL),(5668,1,3,49.57145400,18.47700900,1708446473,95,NULL,NULL,NULL),(5669,1,3,49.57133600,18.47697500,1708446479,95,NULL,NULL,NULL),(5670,1,3,49.57128900,18.47698200,1708446481,94,NULL,NULL,NULL),(5671,1,3,49.57125000,18.47698600,1708446483,94,NULL,NULL,NULL),(5672,1,3,49.57119600,18.47699200,1708446486,94,NULL,NULL,NULL),(5673,1,3,49.57112900,18.47699600,1708446489,94,NULL,NULL,NULL),(5674,1,3,49.57110100,18.47699600,1708446491,93,NULL,NULL,NULL),(5675,1,3,49.57106000,18.47702100,1708446495,94,NULL,NULL,NULL),(5676,1,3,49.57100900,18.47707100,1708446498,95,NULL,NULL,NULL),(5677,1,3,49.57097300,18.47709200,1708446499,95,NULL,NULL,NULL),(5678,1,3,49.57083000,18.47714100,1708446503,95,NULL,NULL,NULL),(5679,1,3,49.57079600,18.47714800,1708446504,96,NULL,NULL,NULL),(5680,1,3,49.57072400,18.47716100,1708446506,95,NULL,NULL,NULL),(5681,1,3,49.57059800,18.47718700,1708446510,94,NULL,NULL,NULL),(5682,1,3,49.57046200,18.47725400,1708446514,95,NULL,NULL,NULL),(5683,1,3,49.57039700,18.47729900,1708446516,95,NULL,NULL,NULL),(5684,1,3,49.57019300,18.47737700,1708446522,94,NULL,NULL,NULL),(5685,1,3,49.57015900,18.47738700,1708446523,94,NULL,NULL,NULL),(5686,1,3,49.57001900,18.47743600,1708446527,94,NULL,NULL,NULL),(5687,1,3,49.56999100,18.47746100,1708446528,94,NULL,NULL,NULL),(5688,1,3,49.56996400,18.47746800,1708446529,94,NULL,NULL,NULL),(5689,1,3,49.56985200,18.47749800,1708446533,94,NULL,NULL,NULL),(5690,1,3,49.56980700,18.47752300,1708446535,93,NULL,NULL,NULL),(5691,1,3,49.56968700,18.47759200,1708446540,93,NULL,NULL,NULL),(5692,1,3,49.56961600,18.47762900,1708446543,94,NULL,NULL,NULL),(5693,1,3,49.56948000,18.47766300,1708446548,94,NULL,NULL,NULL),(5694,1,3,49.56945700,18.47767800,1708446549,94,NULL,NULL,NULL),(5695,1,3,49.56941200,18.47771200,1708446551,94,NULL,NULL,NULL),(5696,1,3,49.56924000,18.47780300,1708446557,94,NULL,NULL,NULL),(5697,1,3,49.56919300,18.47781900,1708446559,94,NULL,NULL,NULL),(5698,1,3,49.56902900,18.47791400,1708446565,95,NULL,NULL,NULL),(5699,1,3,49.56898400,18.47792600,1708446567,95,NULL,NULL,NULL),(5700,1,3,49.56891700,18.47788400,1708446572,96,NULL,NULL,NULL),(5701,1,3,49.56880800,18.47791700,1708446577,95,NULL,NULL,NULL),(5702,1,3,49.56878800,18.47790700,1708446578,95,NULL,NULL,NULL),(5703,1,3,49.56871600,18.47791500,1708446581,96,NULL,NULL,NULL),(5704,1,3,49.56865700,18.47792200,1708446583,96,NULL,NULL,NULL),(5705,1,3,49.56863300,18.47793000,1708446584,96,NULL,NULL,NULL),(5706,1,3,49.56847700,18.47801000,1708446590,96,NULL,NULL,NULL),(5707,1,3,49.56843200,18.47802200,1708446592,95,NULL,NULL,NULL),(5708,1,3,49.56838200,18.47803400,1708446594,95,NULL,NULL,NULL),(5709,1,3,49.56823100,18.47810400,1708446600,94,NULL,NULL,NULL),(5710,1,3,49.56820300,18.47811300,1708446601,94,NULL,NULL,NULL),(5711,1,3,49.56806500,18.47818800,1708446607,94,NULL,NULL,NULL),(5712,1,3,49.56799500,18.47823300,1708446610,95,NULL,NULL,NULL),(5713,1,3,49.56785000,18.47830600,1708446616,94,NULL,NULL,NULL),(5714,1,3,49.56782700,18.47832100,1708446617,95,NULL,NULL,NULL),(5715,1,3,49.56770500,18.47837900,1708446622,95,NULL,NULL,NULL),(5716,1,3,49.56756900,18.47844900,1708446627,98,NULL,NULL,NULL),(5717,1,3,49.56748700,18.47851700,1708446630,98,NULL,NULL,NULL),(5718,1,3,49.56735100,18.47860200,1708446636,97,NULL,NULL,NULL),(5719,1,3,49.56721300,18.47867100,1708446642,96,NULL,NULL,NULL),(5720,1,3,49.56716500,18.47868800,1708446644,96,NULL,NULL,NULL),(5721,1,3,49.56709500,18.47871200,1708446647,96,NULL,NULL,NULL),(5722,1,3,49.56696300,18.47875700,1708446653,94,NULL,NULL,NULL),(5723,1,3,49.56682200,18.47883800,1708446659,94,NULL,NULL,NULL),(5724,1,3,49.56674700,18.47886900,1708446662,95,NULL,NULL,NULL),(5725,1,3,49.56662900,18.47893400,1708446667,96,NULL,NULL,NULL),(5726,1,3,49.56651800,18.47896200,1708446673,96,NULL,NULL,NULL),(5727,1,3,49.56649900,18.47895300,1708446674,96,NULL,NULL,NULL),(5728,1,3,49.56644600,18.47897100,1708446676,96,NULL,NULL,NULL),(5729,1,3,49.56626800,18.47903500,1708446682,95,NULL,NULL,NULL),(5730,1,3,49.56608300,18.47914700,1708446688,96,NULL,NULL,NULL),(5731,1,3,49.56602000,18.47918100,1708446690,96,NULL,NULL,NULL),(5732,1,3,49.56599400,18.47918800,1708446691,96,NULL,NULL,NULL),(5733,1,3,49.56585600,18.47918700,1708446697,95,NULL,NULL,NULL),(5734,1,3,49.56582600,18.47917700,1708446698,95,NULL,NULL,NULL),(5735,1,3,49.56569200,18.47923400,1708446704,93,NULL,NULL,NULL),(5736,1,3,49.56563000,18.47925500,1708446707,92,NULL,NULL,NULL),(5737,1,3,49.56551600,18.47929600,1708446713,95,NULL,NULL,NULL),(5738,1,3,49.56546700,18.47930400,1708446715,95,NULL,NULL,NULL),(5739,1,3,49.56542200,18.47931600,1708446717,94,NULL,NULL,NULL),(5740,1,3,49.56534200,18.47932100,1708446721,94,NULL,NULL,NULL),(5741,1,3,49.56518400,18.47937700,1708446727,94,NULL,NULL,NULL),(5742,1,3,49.56512800,18.47936900,1708446729,94,NULL,NULL,NULL),(5743,1,3,49.56505000,18.47938800,1708446732,94,NULL,NULL,NULL),(5744,1,3,49.56491700,18.47942100,1708446738,93,NULL,NULL,NULL),(5745,1,3,49.56471800,18.47952800,1708446744,94,NULL,NULL,NULL),(5746,1,3,49.56468000,18.47956000,1708446745,94,NULL,NULL,NULL),(5747,1,3,49.56464600,18.47957800,1708446746,94,NULL,NULL,NULL),(5748,1,3,49.56451900,18.47961300,1708446752,94,NULL,NULL,NULL),(5749,1,3,49.56450100,18.47961500,1708446753,94,NULL,NULL,NULL),(5750,1,3,49.56448000,18.47961100,1708446754,94,NULL,NULL,NULL),(5751,1,3,49.56435900,18.47963000,1708446760,93,NULL,NULL,NULL),(5752,1,3,49.56431800,18.47962200,1708446762,92,NULL,NULL,NULL),(5753,1,3,49.56423300,18.47960200,1708446766,93,NULL,NULL,NULL),(5754,1,3,49.56416200,18.47963100,1708446769,93,NULL,NULL,NULL),(5755,1,3,49.56409400,18.47962800,1708446772,92,NULL,NULL,NULL),(5756,1,3,49.56404100,18.47961600,1708446775,91,NULL,NULL,NULL),(5757,1,3,49.56398400,18.47962500,1708446778,93,NULL,NULL,NULL),(5758,1,3,49.56393400,18.47963500,1708446780,93,NULL,NULL,NULL),(5759,1,3,49.56383800,18.47964800,1708446785,92,NULL,NULL,NULL),(5760,1,3,49.56378500,18.47963500,1708446787,92,NULL,NULL,NULL),(5761,1,3,49.56370300,18.47965400,1708446790,94,NULL,NULL,NULL),(5762,1,3,49.56367800,18.47966300,1708446791,94,NULL,NULL,NULL),(5763,1,3,49.56363000,18.47968200,1708446794,92,NULL,NULL,NULL),(5764,1,3,49.56358700,18.47970100,1708446797,92,NULL,NULL,NULL),(5765,1,3,49.56352700,18.47972000,1708446800,91,NULL,NULL,NULL),(5766,1,3,49.56335800,18.47975400,1708446806,91,NULL,NULL,NULL),(5767,1,3,49.56331400,18.47977400,1708446808,92,NULL,NULL,NULL),(5768,1,3,49.56323500,18.47981900,1708446811,92,NULL,NULL,NULL),(5769,1,3,49.56313100,18.47988100,1708446815,92,NULL,NULL,NULL),(5770,1,3,49.56301800,18.47991900,1708446821,93,NULL,NULL,NULL),(5771,1,3,49.56299300,18.47994700,1708446823,91,NULL,NULL,NULL),(5772,1,3,49.56290600,18.48004000,1708446829,92,NULL,NULL,NULL),(5773,1,3,49.56280200,18.48009000,1708446834,92,NULL,NULL,NULL),(5774,1,3,49.56277600,18.48009700,1708446835,92,NULL,NULL,NULL),(5775,1,3,49.56265500,18.48012600,1708446841,92,NULL,NULL,NULL),(5776,1,3,49.56261100,18.48012800,1708446844,93,NULL,NULL,NULL),(5777,1,3,49.56259700,18.48014100,1708446846,92,NULL,NULL,NULL),(5778,1,3,49.56256000,18.48019500,1708446849,91,NULL,NULL,NULL),(5779,1,3,49.56252500,18.48021400,1708446850,91,NULL,NULL,NULL),(5780,1,3,49.56247800,18.48023200,1708446852,91,NULL,NULL,NULL),(5781,1,3,49.56237100,18.48024700,1708446857,91,NULL,NULL,NULL),(5782,1,3,49.56232300,18.48025200,1708446859,90,NULL,NULL,NULL),(5783,1,3,49.56218300,18.48030500,1708446864,90,NULL,NULL,NULL),(5784,1,3,49.56215400,18.48032100,1708446865,90,NULL,NULL,NULL),(5785,1,3,49.56201400,18.48027500,1708446871,90,NULL,NULL,NULL),(5786,1,3,49.56197600,18.48026200,1708446874,90,NULL,NULL,NULL),(5787,1,3,49.56192300,18.48025200,1708446876,90,NULL,NULL,NULL),(5788,1,3,49.56174200,18.48024300,1708446882,90,NULL,NULL,NULL),(5789,1,3,49.56168200,18.48025200,1708446884,90,NULL,NULL,NULL),(5790,1,3,49.56153400,18.48028000,1708446890,92,NULL,NULL,NULL),(5791,1,3,49.56141900,18.48032500,1708446895,94,NULL,NULL,NULL),(5792,1,3,49.56136800,18.48035900,1708446897,94,NULL,NULL,NULL),(5793,1,3,49.56125500,18.48042500,1708446901,93,NULL,NULL,NULL),(5794,1,3,49.56120200,18.48045400,1708446903,94,NULL,NULL,NULL),(5795,1,3,49.56105200,18.48053700,1708446909,95,NULL,NULL,NULL),(5796,1,3,49.56097700,18.48057000,1708446912,94,NULL,NULL,NULL),(5797,1,3,49.56084900,18.48062600,1708446917,94,NULL,NULL,NULL);
/*!40000 ALTER TABLE `track_points` ENABLE KEYS */;
UNLOCK TABLES;

--
-- Table structure for table `users`
--

DROP TABLE IF EXISTS `users`;
/*!40101 SET @saved_cs_client     = @@character_set_client */;
/*!40101 SET character_set_client = utf8 */;
CREATE TABLE `users` (
  `id` bigint(20) unsigned NOT NULL AUTO_INCREMENT,
  `firstname` varchar(255) NOT NULL,
  `lastname` varchar(255) NOT NULL,
  `country` varchar(255) NOT NULL,
  `team` varchar(255) DEFAULT NULL,
  `birth_year` year(4) NOT NULL,
  `gender` enum('M','F') NOT NULL,
  `email` varchar(255) NOT NULL,
  `password` varchar(255) NOT NULL,
  `facebook_id` varchar(255) DEFAULT NULL,
  `google_id` varchar(255) DEFAULT NULL,
  `strava_id` int(10) unsigned DEFAULT NULL,
  `strava_access_token` varchar(255) DEFAULT NULL,
  `strava_refresh_token` varchar(255) DEFAULT NULL,
  `strava_expires_at` int(10) unsigned DEFAULT NULL,
  `strava_scope` varchar(255) DEFAULT NULL,
  `password_changed` tinyint(3) unsigned DEFAULT NULL,
  `email_verified_at` timestamp NULL DEFAULT NULL,
  `created_at` timestamp NULL DEFAULT NULL,
  `updated_at` timestamp NULL DEFAULT NULL,
  PRIMARY KEY (`id`),
  UNIQUE KEY `users_email_unique` (`email`)
) ENGINE=InnoDB AUTO_INCREMENT=16 DEFAULT CHARSET=utf8mb4 COLLATE=utf8mb4_unicode_ci;
/*!40101 SET character_set_client = @saved_cs_client */;

--
-- Dumping data for table `users`
--

LOCK TABLES `users` WRITE;
/*!40000 ALTER TABLE `users` DISABLE KEYS */;
INSERT INTO `users` VALUES (1,'Martin','Kupec','AG',NULL,1935,'F','skybedy@gmail.com','$2y$12$vzE4ml3moCbPrJ7J80nqTO.3sFuf9M6BeczOuqgILJh5i/9nUHlVS','5716064088480328',NULL,100148951,'22db7396b7d2b9e8b487145cec1cbb505b2b63b7','001fb15cc153d037ce67d2f8ecd7dbd17f0c096d',1710708750,'read,activity:read_all',1,NULL,'2024-03-10 19:56:50','2024-03-17 14:52:30'),(14,'timechip','cz','BD',NULL,1940,'F','timechip.cz@gmail.com','$2y$12$svIAkcUwrYJIGsM74she4ugivM/zp8lB5Q6/.MNyOeNh.L0rbt.ui',NULL,'111248873804714051732',NULL,NULL,NULL,NULL,NULL,NULL,NULL,'2024-03-14 19:47:09','2024-03-14 19:47:09');
/*!40000 ALTER TABLE `users` ENABLE KEYS */;
UNLOCK TABLES;
/*!40103 SET TIME_ZONE=@OLD_TIME_ZONE */;

/*!40101 SET SQL_MODE=@OLD_SQL_MODE */;
/*!40014 SET FOREIGN_KEY_CHECKS=@OLD_FOREIGN_KEY_CHECKS */;
/*!40014 SET UNIQUE_CHECKS=@OLD_UNIQUE_CHECKS */;
/*!40101 SET CHARACTER_SET_CLIENT=@OLD_CHARACTER_SET_CLIENT */;
/*!40101 SET CHARACTER_SET_RESULTS=@OLD_CHARACTER_SET_RESULTS */;
/*!40101 SET COLLATION_CONNECTION=@OLD_COLLATION_CONNECTION */;
/*!40111 SET SQL_NOTES=@OLD_SQL_NOTES */;

-- Dump completed on 2024-03-18 21:10:24
